Date,Open,High,Low,Close,Adj. Close,Change,Volume
1993-02-01,43.97,44.25,43.97,44.25,24.402,0.00%,480500
1993-02-02,44.22,44.38,44.12,44.34,24.453,+0.20%,201300
1993-02-03,44.41,44.84,44.38,44.81,24.712,+1.06%,529400
1993-02-04,44.97,45.09,44.47,45.00,24.815,+0.42%,531500
1993-02-05,44.97,45.06,44.72,44.97,24.798,-0.07%,492100
1993-02-08,44.97,45.12,44.91,44.97,24.798,0.00%,596100
1993-02-09,44.81,44.81,44.56,44.66,24.626,-0.69%,122100
1993-02-10,44.66,44.75,44.53,44.72,24.660,+0.13%,379600
1993-02-11,44.78,45.12,44.78,44.94,24.781,+0.49%,19500
1993-02-12,44.88,44.88,44.59,44.59,24.591,-0.78%,42500
1993-02-16,44.47,44.47,43.41,43.47,23.971,-2.51%,374800
1993-02-17,43.47,43.53,43.28,43.44,23.954,-0.07%,210900
1993-02-18,43.94,43.94,42.81,43.41,23.936,-0.07%,378100
1993-02-19,43.41,43.56,43.34,43.56,24.023,+0.35%,34900
1993-02-22,43.69,43.78,43.56,43.72,24.109,+0.37%,513600
1993-02-23,43.84,43.88,43.47,43.69,24.091,-0.07%,373700
1993-02-24,43.72,44.25,43.72,44.25,24.402,+1.28%,26300
1993-02-25,44.22,44.38,44.12,44.34,24.453,+0.20%,44500
1993-02-26,44.44,44.44,44.19,44.41,24.488,+0.16%,66200
1993-03-01,44.56,44.56,44.22,44.28,24.419,-0.29%,66500
1993-03-02,44.31,44.94,44.25,44.94,24.781,+1.49%,182400
1993-03-03,45.00,45.16,44.94,45.12,24.884,+0.40%,280100
1993-03-04,45.19,45.19,44.88,44.88,24.746,-0.53%,89500
1993-03-05,44.94,45.12,44.72,44.75,24.677,-0.29%,40000
1993-03-08,44.84,45.75,44.84,45.75,25.229,+2.23%,50800
1993-03-09,45.66,45.69,45.50,45.59,25.143,-0.35%,169300
1993-03-10,45.59,45.69,45.41,45.69,25.194,+0.22%,194400
1993-03-11,45.72,45.84,45.50,45.56,25.125,-0.28%,70900
1993-03-12,45.19,45.22,44.81,45.09,24.867,-1.03%,643600
1993-03-15,45.06,45.31,45.06,45.31,24.988,+0.49%,310800
1993-03-16,45.31,45.44,45.31,45.31,24.988,0.00%,30800
1993-03-17,45.25,45.25,44.97,45.03,24.832,-0.62%,21800
1993-03-18,45.22,45.50,45.22,45.31,24.988,+0.62%,59300
1993-03-19,45.28,45.28,45.03,45.03,24.950,-0.62%,66900
1993-03-22,44.59,44.88,44.56,44.78,24.811,-0.56%,183400
1993-03-23,44.91,44.94,44.81,44.88,24.863,+0.22%,55200
1993-03-24,44.81,45.06,44.59,44.88,24.863,0.00%,37200
1993-03-25,44.91,45.25,44.84,45.16,25.019,+0.62%,110100
1993-03-26,45.12,45.16,44.88,44.91,24.881,-0.55%,101500
1993-03-29,44.94,45.31,44.94,45.09,24.985,+0.40%,87100
1993-03-30,45.16,45.22,45.09,45.22,25.054,+0.29%,56000
1993-03-31,45.34,45.47,45.19,45.19,25.037,-0.07%,111600
1993-04-01,45.25,45.25,44.94,45.03,24.950,-0.35%,129500
1993-04-02,44.66,44.66,44.09,44.09,24.431,-2.09%,59400
1993-04-05,44.44,44.44,44.19,44.31,24.552,+0.50%,172200
1993-04-06,44.41,44.41,44.06,44.19,24.483,-0.27%,129700
1993-04-07,44.25,44.34,44.16,44.34,24.569,+0.34%,28000
1993-04-08,44.53,44.53,44.09,44.28,24.534,-0.14%,180800
1993-04-12,44.72,44.94,44.66,44.91,24.881,+1.42%,348500
1993-04-13,44.88,45.16,44.84,45.00,24.933,+0.20%,146100
1993-04-14,45.03,45.06,44.91,44.94,24.898,-0.13%,119600
1993-04-15,44.91,45.03,44.75,44.94,24.898,0.00%,148600
1993-04-16,44.97,45.03,44.88,44.94,24.898,0.00%,47900
1993-04-19,44.94,45.06,44.72,44.75,24.794,-0.42%,157000
1993-04-20,44.69,44.75,44.25,44.53,24.673,-0.49%,279500
1993-04-21,44.62,44.62,44.38,44.50,24.656,-0.07%,67900
1993-04-22,44.31,44.69,43.94,43.94,24.344,-1.26%,97700
1993-04-23,43.84,43.97,43.69,43.75,24.240,-0.43%,106000
1993-04-26,43.78,43.94,43.28,43.41,24.050,-0.78%,62600
1993-04-27,43.34,43.88,43.34,43.88,24.309,+1.08%,156800
1993-04-28,43.81,43.91,43.72,43.78,24.257,-0.23%,85900
1993-04-29,43.88,43.97,43.62,43.97,24.361,+0.43%,85000
1993-04-30,44.12,44.28,44.03,44.03,24.396,+0.14%,88500
1993-05-03,44.09,44.31,43.91,44.31,24.552,+0.64%,80500
1993-05-04,44.41,44.62,44.34,44.47,24.638,+0.36%,149100
1993-05-05,44.47,44.75,44.47,44.59,24.708,+0.27%,109000
1993-05-06,44.53,44.56,44.41,44.44,24.621,-0.34%,54700
1993-05-07,44.47,44.47,44.28,44.34,24.569,-0.23%,68000
1993-05-10,44.41,44.69,44.41,44.44,24.621,+0.23%,113900
1993-05-11,44.44,44.62,44.31,44.62,24.725,+0.41%,42600
1993-05-12,44.44,44.59,44.44,44.56,24.690,-0.13%,31000
1993-05-13,44.38,44.38,44.00,44.03,24.396,-1.19%,129100
1993-05-14,44.03,44.16,43.97,44.00,24.379,-0.07%,63500
1993-05-17,44.12,44.16,43.94,44.16,24.465,+0.36%,34000
1993-05-18,44.19,44.22,43.97,44.12,24.448,-0.09%,105200
1993-05-19,44.12,45.03,43.84,45.03,24.950,+2.06%,50200
1993-05-20,45.03,45.16,44.94,45.16,25.019,+0.29%,98200
1993-05-21,45.19,45.25,44.72,44.75,24.794,-0.91%,221400
1993-05-24,44.84,45.09,44.84,44.94,24.898,+0.42%,30500
1993-05-25,45.12,45.12,45.03,45.03,24.950,+0.20%,191800
1993-05-26,45.16,45.62,45.12,45.59,25.262,+1.24%,102400
1993-05-27,45.66,45.66,45.38,45.44,25.175,-0.33%,53800
1993-05-28,45.41,45.41,45.00,45.22,25.054,-0.48%,79100
1993-06-01,45.38,45.81,45.31,45.66,25.296,+0.97%,28300
1993-06-02,45.53,45.75,45.34,45.59,25.262,-0.15%,20300
1993-06-03,45.50,45.50,45.34,45.44,25.175,-0.33%,21600
1993-06-04,45.31,45.31,45.09,45.28,25.088,-0.35%,32000
1993-06-07,45.38,45.38,45.12,45.12,25.002,-0.35%,121400
1993-06-08,45.00,45.00,44.72,44.72,24.777,-0.89%,104500
1993-06-09,44.88,45.06,44.81,44.88,24.863,+0.36%,43300
1993-06-10,44.84,44.94,44.75,44.91,24.881,+0.07%,17900
1993-06-11,45.06,45.16,44.91,45.09,24.985,+0.40%,647400
1993-06-14,45.16,45.19,45.03,45.03,24.950,-0.13%,64200
1993-06-15,45.09,45.12,44.94,44.94,24.898,-0.20%,142400
1993-06-16,44.94,45.03,44.81,45.03,24.950,+0.20%,330900
1993-06-17,45.12,45.19,45.03,45.19,25.037,+0.36%,37400
1993-06-18,44.84,44.84,44.50,44.50,24.832,-1.53%,58500
1993-06-21,44.62,44.62,44.53,44.59,24.884,+0.20%,29300
1993-06-22,44.66,44.66,44.56,44.62,24.902,+0.07%,137500
1993-06-23,44.62,44.62,44.22,44.22,24.675,-0.90%,227600
1993-06-24,44.34,44.81,44.34,44.81,25.006,+1.33%,243700
1993-06-25,44.78,44.91,44.75,44.78,24.989,-0.07%,44800
1993-06-28,45.00,45.28,44.94,45.28,25.268,+1.12%,439900
1993-06-29,45.22,45.22,45.00,45.06,25.146,-0.49%,207500
1993-06-30,45.12,45.22,45.00,45.06,25.146,0.00%,437600
1993-07-01,45.12,45.12,44.88,44.94,25.076,-0.27%,605700
1993-07-02,44.78,44.81,44.53,44.69,24.936,-0.56%,285400
1993-07-06,44.62,44.75,44.16,44.22,24.675,-1.05%,246400
1993-07-07,44.19,44.41,44.19,44.34,24.745,+0.27%,343700
1993-07-08,44.38,44.94,44.31,44.84,25.024,+1.13%,248200
1993-07-09,44.84,44.97,44.75,44.97,25.093,+0.29%,378200
1993-07-12,44.91,44.97,44.84,44.94,25.076,-0.07%,373700
1993-07-13,44.97,45.09,44.66,44.91,25.059,-0.07%,389600
1993-07-14,44.94,45.19,44.91,45.06,25.146,+0.33%,617300
1993-07-15,45.03,45.03,44.78,44.88,25.041,-0.40%,443800
1993-07-16,44.91,44.94,44.69,44.75,24.971,-0.29%,216400
1993-07-19,44.75,44.75,44.59,44.72,24.954,-0.07%,188200
1993-07-20,44.69,44.84,44.47,44.84,25.024,+0.27%,68500
1993-07-21,44.78,44.81,44.66,44.81,25.006,-0.07%,142700
1993-07-22,44.75,44.81,44.50,44.50,24.832,-0.69%,632400
1993-07-23,44.59,44.72,44.56,44.72,24.954,+0.49%,286200
1993-07-26,44.84,45.06,44.84,44.97,25.093,+0.56%,121300
1993-07-27,45.00,45.03,44.78,44.94,25.076,-0.07%,92800
1993-07-28,44.84,44.94,44.78,44.84,25.024,-0.22%,30800
1993-07-29,44.94,45.22,44.88,45.09,25.163,+0.56%,331000
1993-07-30,45.09,45.09,44.78,44.84,25.024,-0.55%,75300
1993-08-02,44.91,45.12,44.91,44.97,25.093,+0.29%,41300
1993-08-03,45.06,45.19,44.84,45.00,25.111,+0.07%,81600
1993-08-04,45.00,45.09,44.88,45.00,25.111,0.00%,434000
1993-08-05,45.00,45.00,44.84,44.91,25.059,-0.20%,36800
1993-08-06,45.03,45.06,44.91,44.97,25.093,+0.13%,402300
1993-08-09,45.09,45.34,45.00,45.22,25.233,+0.56%,828200
1993-08-10,45.19,45.22,45.12,45.19,25.216,-0.07%,604900
1993-08-11,45.16,45.31,45.16,45.19,25.216,0.00%,542200
1993-08-12,45.31,45.31,44.91,45.06,25.146,-0.29%,303700
1993-08-13,45.09,45.16,45.09,45.12,25.181,+0.13%,103500
1993-08-16,45.16,45.50,45.16,45.38,25.320,+0.58%,241800
1993-08-17,45.34,45.53,45.34,45.53,25.407,+0.33%,369300
1993-08-18,45.69,45.88,45.66,45.78,25.547,+0.55%,414300
1993-08-19,45.81,45.81,45.72,45.78,25.547,0.00%,28500
1993-08-20,45.69,45.81,45.66,45.81,25.564,+0.07%,80700
1993-08-23,45.62,45.75,45.62,45.72,25.512,-0.20%,15600
1993-08-24,45.72,46.22,45.72,46.22,25.791,+1.09%,273400
1993-08-25,46.22,46.44,46.16,46.25,25.808,+0.06%,242300
1993-08-26,46.28,46.53,46.09,46.28,25.826,+0.06%,120000
1993-08-27,46.16,46.25,46.16,46.25,25.808,-0.06%,25700
1993-08-30,46.28,46.50,46.28,46.44,25.913,+0.41%,183500
1993-08-31,46.41,46.56,46.34,46.56,25.983,+0.26%,66500
1993-09-01,46.41,46.59,46.41,46.50,25.948,-0.13%,136500
1993-09-02,46.53,46.59,46.31,46.34,25.861,-0.34%,472400
1993-09-03,46.31,46.44,46.25,46.38,25.878,+0.09%,630500
1993-09-07,46.38,46.44,46.00,46.06,25.704,-0.69%,196400
1993-09-08,46.06,46.06,45.59,45.91,25.617,-0.33%,269900
1993-09-09,45.72,46.03,45.72,46.00,25.669,+0.20%,239200
1993-09-10,46.12,46.44,46.06,46.41,25.896,+0.89%,106500
1993-09-13,46.56,46.56,46.44,46.44,25.913,+0.06%,66900
1993-09-14,46.31,46.31,46.09,46.25,25.808,-0.41%,184500
1993-09-15,46.06,46.41,45.91,46.38,25.878,+0.28%,101000
1993-09-16,46.31,46.34,46.16,46.19,25.774,-0.41%,54300
1993-09-17,45.88,45.91,45.75,45.81,25.724,-0.82%,200900
1993-09-20,45.88,45.97,45.44,45.44,25.513,-0.81%,57800
1993-09-21,45.50,45.56,44.81,45.28,25.426,-0.35%,318200
1993-09-22,45.44,45.72,45.38,45.66,25.636,+0.84%,439700
1993-09-23,45.78,45.94,45.72,45.91,25.777,+0.55%,88500
1993-09-24,45.84,45.88,45.72,45.78,25.706,-0.28%,53500
1993-09-27,46.12,46.28,46.12,46.28,25.987,+1.09%,274600
1993-09-28,46.31,46.31,46.16,46.19,25.935,-0.19%,158300
1993-09-29,46.19,46.31,45.97,46.03,25.847,-0.35%,221000
1993-09-30,46.03,46.12,45.84,45.94,25.794,-0.20%,99300
1993-10-01,45.88,46.22,45.81,46.16,25.917,+0.48%,22700
1993-10-04,46.22,46.22,46.09,46.22,25.952,+0.13%,1038500
1993-10-05,46.31,46.31,46.00,46.16,25.917,-0.13%,436500
1993-10-06,46.19,46.38,46.12,46.12,25.899,-0.09%,209200
1993-10-07,46.19,46.19,45.97,46.00,25.829,-0.26%,59400
1993-10-08,46.12,46.16,45.72,46.06,25.864,+0.13%,54400
1993-10-11,46.16,46.25,46.16,46.16,25.917,+0.22%,467100
1993-10-12,46.22,46.25,46.19,46.22,25.952,+0.13%,26200
1993-10-13,46.25,46.25,46.16,46.22,25.952,0.00%,139100
1993-10-14,46.41,46.81,46.28,46.81,26.285,+1.28%,108100
1993-10-15,47.03,47.16,46.91,47.06,26.426,+0.53%,1502500
1993-10-18,47.03,47.03,46.88,46.94,26.356,-0.25%,722400
1993-10-19,46.88,46.97,46.59,46.59,26.163,-0.75%,880100
1993-10-20,46.75,46.75,46.56,46.66,26.198,+0.15%,230400
1993-10-21,46.69,46.69,46.53,46.59,26.163,-0.15%,56200
1993-10-22,46.66,46.84,46.38,46.38,26.040,-0.45%,390700
1993-10-25,46.41,46.56,46.28,46.50,26.110,+0.26%,114500
1993-10-26,46.47,46.50,46.31,46.47,26.092,-0.06%,186200
1993-10-27,46.41,46.53,46.41,46.50,26.110,+0.06%,118400
1993-10-28,46.56,46.97,46.56,46.84,26.303,+0.73%,129600
1993-10-29,46.81,46.88,46.78,46.84,26.303,0.00%,80700
1993-11-01,46.78,47.00,46.78,46.97,26.373,+0.28%,36400
1993-11-02,46.91,47.00,46.66,46.94,26.356,-0.06%,262100
1993-11-03,46.91,46.91,46.12,46.34,26.022,-1.28%,479100
1993-11-04,46.34,46.34,45.81,45.84,25.741,-1.08%,130400
1993-11-05,45.72,46.06,45.53,46.06,25.864,+0.48%,363200
1993-11-08,46.09,46.25,45.97,46.12,25.899,+0.13%,367600
1993-11-09,46.44,46.47,46.12,46.16,25.917,+0.09%,246900
1993-11-10,46.16,46.50,46.03,46.50,26.110,+0.74%,46500
1993-11-11,46.50,46.62,46.34,46.38,26.040,-0.26%,88900
1993-11-12,46.47,46.75,46.44,46.59,26.163,+0.45%,108200
1993-11-15,46.69,46.69,46.44,46.56,26.145,-0.06%,243300
1993-11-16,46.66,46.81,46.47,46.78,26.268,+0.47%,492600
1993-11-17,46.81,46.81,46.41,46.53,26.128,-0.53%,39600
1993-11-18,46.47,46.56,46.28,46.41,26.057,-0.26%,240800
1993-11-19,46.25,46.38,46.22,46.31,26.005,-0.22%,106000
1993-11-22,46.19,46.22,45.88,46.03,25.847,-0.60%,165300
1993-11-23,46.28,46.31,46.03,46.28,25.987,+0.54%,89700
1993-11-24,46.41,46.50,46.34,46.47,26.092,+0.41%,77200
1993-11-26,46.59,46.59,46.47,46.50,26.110,+0.06%,1019800
1993-11-29,46.62,46.72,46.31,46.31,26.005,-0.41%,517500
1993-11-30,46.28,46.56,46.25,46.34,26.022,+0.06%,230000
1993-12-01,46.59,46.62,46.41,46.41,26.057,+0.15%,379200
1993-12-02,46.50,46.56,46.41,46.53,26.128,+0.26%,352000
1993-12-03,46.50,46.72,46.50,46.72,26.233,+0.41%,306000
1993-12-06,46.78,46.94,46.78,46.88,26.321,+0.34%,99500
1993-12-07,46.88,46.91,46.78,46.84,26.303,-0.09%,88800
1993-12-08,46.84,46.84,46.78,46.84,26.303,0.00%,146700
1993-12-09,46.84,46.91,46.62,46.69,26.215,-0.32%,416500
1993-12-10,46.72,46.72,46.50,46.59,26.163,-0.21%,412900
1993-12-13,46.59,46.88,46.53,46.88,26.321,+0.62%,273200
1993-12-14,46.91,46.91,46.53,46.53,26.128,-0.75%,41900
1993-12-15,46.59,46.62,46.47,46.47,26.092,-0.13%,82600
1993-12-16,46.66,46.66,46.56,46.62,26.180,+0.32%,78200
1993-12-17,46.41,46.59,46.38,46.56,26.306,-0.13%,104700
1993-12-20,46.53,46.66,46.50,46.62,26.342,+0.13%,68800
1993-12-21,46.56,46.56,46.41,46.47,26.253,-0.32%,205700
1993-12-22,46.59,46.81,46.50,46.78,26.430,+0.67%,410300
1993-12-23,46.75,46.84,46.69,46.75,26.412,-0.06%,533800
1993-12-27,46.75,47.00,46.75,47.00,26.554,+0.53%,447100
1993-12-28,46.97,47.12,46.94,47.09,26.606,+0.19%,880600
1993-12-29,47.12,47.16,47.00,47.03,26.571,-0.13%,266700
1993-12-30,47.00,47.00,46.75,46.84,26.465,-0.40%,219900
1993-12-31,46.94,47.00,46.56,46.59,26.324,-0.53%,312900
1994-01-03,46.59,46.66,46.41,46.47,26.253,-0.26%,960900
1994-01-04,46.53,46.66,46.47,46.66,26.359,+0.41%,164300
1994-01-05,46.72,46.78,46.53,46.75,26.412,+0.19%,710900
1994-01-06,46.81,46.84,46.69,46.75,26.412,0.00%,201000
1994-01-07,46.84,47.06,46.72,47.03,26.571,+0.60%,775500
1994-01-10,47.09,47.59,46.97,47.59,26.889,+1.19%,593700
1994-01-11,47.56,47.56,47.34,47.50,26.836,-0.19%,295200
1994-01-12,47.53,47.53,47.19,47.34,26.748,-0.34%,158400
1994-01-13,47.22,47.31,47.16,47.22,26.677,-0.25%,244300
1994-01-14,47.38,47.50,47.38,47.41,26.783,+0.40%,137200
1994-01-17,47.41,47.47,47.31,47.41,26.783,0.00%,17700
1994-01-18,47.47,47.53,47.38,47.47,26.818,+0.13%,166400
1994-01-19,47.41,47.47,47.25,47.34,26.748,-0.27%,200800
1994-01-20,47.41,47.50,47.38,47.47,26.818,+0.27%,281100
1994-01-21,47.53,47.53,47.34,47.38,26.765,-0.19%,85600
1994-01-24,47.34,47.56,47.19,47.19,26.659,-0.40%,373800
1994-01-25,47.22,47.25,47.09,47.19,26.659,0.00%,310400
1994-01-26,47.19,47.34,47.12,47.31,26.730,+0.25%,145100
1994-01-27,47.41,47.81,47.34,47.75,26.977,+0.93%,344500
1994-01-28,47.94,48.03,47.88,47.88,27.048,+0.27%,356500
1994-01-31,48.06,48.31,48.00,48.22,27.242,+0.71%,313800
1994-02-01,48.16,48.16,47.91,47.97,27.101,-0.52%,303600
1994-02-02,48.12,48.28,48.09,48.28,27.277,+0.65%,307600
1994-02-03,48.19,48.19,47.91,48.06,27.154,-0.46%,466100
1994-02-04,48.06,48.12,46.97,46.97,26.536,-2.27%,1403200
1994-02-07,46.84,47.31,46.84,47.19,26.659,+0.47%,516400
1994-02-08,47.28,47.28,47.03,47.22,26.677,+0.06%,188200
1994-02-09,47.25,47.44,47.19,47.41,26.783,+0.40%,144600
1994-02-10,47.38,47.41,47.00,47.00,26.554,-0.86%,883900
1994-02-11,47.03,47.28,46.81,47.16,26.642,+0.34%,519400
1994-02-14,47.06,47.38,47.00,47.22,26.677,+0.13%,2742100
1994-02-15,47.31,47.50,47.25,47.47,26.818,+0.53%,374700
1994-02-16,47.53,47.53,47.34,47.44,26.801,-0.06%,287600
1994-02-17,47.66,47.69,47.03,47.16,26.642,-0.59%,342400
1994-02-18,47.19,47.22,46.75,46.88,26.483,-0.59%,313300
1994-02-22,47.00,47.34,47.00,47.34,26.748,+0.98%,154500
1994-02-23,47.41,47.44,47.06,47.22,26.677,-0.25%,391700
1994-02-24,47.06,47.06,46.56,46.59,26.324,-1.33%,770800
1994-02-25,46.66,46.81,46.56,46.81,26.448,+0.47%,531300
1994-02-28,46.94,47.06,46.81,46.81,26.448,0.00%,333000
1994-03-01,46.81,46.91,46.38,46.62,26.342,-0.41%,423600
1994-03-02,46.03,46.69,45.91,46.69,26.377,+0.15%,581500
1994-03-03,46.62,46.62,46.44,46.56,26.306,-0.28%,223200
1994-03-04,46.56,46.81,46.41,46.69,26.377,+0.28%,595800
1994-03-07,46.84,47.00,46.84,46.94,26.518,+0.54%,539800
1994-03-08,46.97,46.97,46.69,46.75,26.412,-0.40%,880300
1994-03-09,46.81,47.00,46.59,46.97,26.536,+0.47%,2500100
1994-03-10,46.94,46.94,46.44,46.59,26.324,-0.81%,207400
1994-03-11,46.66,46.91,46.41,46.84,26.465,+0.54%,576600
1994-03-14,47.03,47.03,46.84,46.91,26.501,+0.15%,345900
1994-03-15,47.00,47.09,46.84,46.88,26.483,-0.06%,748600
1994-03-16,46.94,47.25,46.78,47.25,26.695,+0.79%,455500
1994-03-17,47.09,47.31,47.09,47.25,26.695,0.00%,133000
1994-03-18,46.75,47.03,46.72,46.97,26.689,-0.59%,365500
1994-03-21,46.81,46.94,46.72,46.84,26.618,-0.28%,324800
1994-03-22,46.84,47.06,46.75,46.97,26.689,+0.28%,435700
1994-03-23,46.94,47.06,46.91,46.94,26.671,-0.06%,698500
1994-03-24,46.75,46.84,46.16,46.38,26.352,-1.19%,1200500
1994-03-25,46.41,46.53,45.94,45.94,26.103,-0.95%,100900
1994-03-28,46.00,46.06,45.59,46.00,26.139,+0.13%,1117200
1994-03-29,46.00,46.03,45.09,45.09,25.624,-1.98%,338400
1994-03-30,45.12,45.25,44.47,44.47,25.269,-1.38%,1123900
1994-03-31,44.47,44.69,43.53,44.59,25.340,+0.27%,788800
1994-04-04,43.34,44.03,43.34,43.91,24.949,-1.53%,2627300
1994-04-05,44.34,44.81,44.34,44.81,25.464,+2.05%,1179000
1994-04-06,44.88,44.91,44.50,44.81,25.464,0.00%,516500
1994-04-07,44.78,45.12,44.53,45.03,25.588,+0.49%,666100
1994-04-08,44.94,44.94,44.47,44.69,25.393,-0.76%,242400
1994-04-11,44.81,45.06,44.70,44.88,25.499,+0.43%,203300
1994-04-12,44.92,45.00,44.72,44.81,25.464,-0.16%,1409200
1994-04-13,44.80,44.91,44.25,44.58,25.331,-0.51%,364100
1994-04-14,44.50,44.83,44.41,44.59,25.340,+0.02%,419900
1994-04-15,44.58,44.78,44.52,44.59,25.340,0.00%,387300
1994-04-18,44.64,44.77,44.16,44.30,25.171,-0.65%,369100
1994-04-19,44.25,44.53,43.98,44.36,25.206,+0.14%,472200
1994-04-20,44.41,44.52,44.08,44.31,25.180,-0.11%,508000
1994-04-21,44.50,44.97,44.34,44.91,25.517,+1.35%,200300
1994-04-22,45.02,45.05,44.73,44.86,25.490,-0.11%,301800
1994-04-25,44.84,45.36,44.84,45.33,25.757,+1.05%,394600
1994-04-26,45.27,45.34,45.19,45.28,25.730,-0.11%,399000
1994-04-28,45.19,45.25,44.81,44.95,25.544,-0.73%,287000
1994-04-29,44.88,45.16,44.81,45.09,25.624,+0.31%,481900
1994-05-02,45.09,45.72,44.94,45.38,25.783,+0.64%,275000
1994-05-03,45.39,45.41,45.06,45.33,25.757,-0.11%,183400
1994-05-04,45.42,45.42,45.08,45.25,25.712,-0.18%,401900
1994-05-05,45.30,45.38,45.19,45.19,25.677,-0.13%,659800
1994-05-06,44.97,44.97,44.59,44.75,25.428,-0.97%,216300
1994-05-09,44.62,44.75,44.28,44.36,25.206,-0.87%,499300
1994-05-10,44.58,44.84,44.55,44.70,25.402,+0.77%,583400
1994-05-11,44.66,44.72,44.17,44.30,25.171,-0.89%,210600
1994-05-12,44.58,44.62,44.41,44.52,25.295,+0.50%,305200
1994-05-13,44.64,44.64,44.30,44.52,25.295,0.00%,321300
1994-05-16,44.61,44.75,44.52,44.53,25.304,+0.02%,450400
1994-05-17,44.56,45.19,44.50,45.19,25.677,+1.48%,470200
1994-05-18,45.22,45.69,45.02,45.52,25.863,+0.73%,824800
1994-05-19,45.42,45.86,45.42,45.73,25.988,+0.46%,531000
1994-05-20,45.66,45.69,45.50,45.56,25.890,-0.37%,370400
1994-05-23,45.52,45.53,45.34,45.48,25.846,-0.18%,262700
1994-05-24,45.61,45.84,45.61,45.67,25.952,+0.42%,549600
1994-05-25,45.50,45.83,45.34,45.80,26.023,+0.28%,738200
1994-05-26,45.78,45.94,45.73,45.83,26.041,+0.07%,369600
1994-05-27,45.75,45.88,45.67,45.88,26.068,+0.11%,162000
1994-05-31,45.73,45.91,45.66,45.81,26.032,-0.15%,160000
1994-06-01,45.70,46.02,45.56,46.02,26.147,+0.46%,200500
1994-06-02,46.05,46.05,45.89,45.97,26.121,-0.11%,55100
1994-06-03,46.00,46.39,45.86,46.23,26.272,+0.57%,550400
1994-06-06,46.33,46.47,46.19,46.22,26.263,-0.02%,99300
1994-06-07,46.14,46.22,46.03,46.16,26.227,-0.13%,120600
1994-06-08,46.27,46.27,45.78,45.78,26.014,-0.82%,131900
1994-06-09,45.98,46.03,45.89,46.03,26.156,+0.55%,80500
1994-06-10,46.08,46.20,46.08,46.11,26.201,+0.17%,83100
1994-06-13,46.05,46.19,46.03,46.17,26.236,+0.13%,109700
1994-06-14,46.31,46.55,46.31,46.53,26.440,+0.78%,161000
1994-06-15,46.55,46.56,46.31,46.34,26.334,-0.41%,142800
1994-06-16,46.34,46.47,46.30,46.44,26.387,+0.22%,44000
1994-06-17,46.16,46.20,45.81,45.88,26.241,-1.21%,403800
1994-06-20,45.55,45.62,45.44,45.48,26.017,-0.87%,137400
1994-06-21,45.45,45.45,44.91,45.09,25.794,-0.86%,139200
1994-06-22,45.22,45.42,45.17,45.27,25.892,+0.40%,279900
1994-06-23,45.34,45.41,44.94,45.00,25.740,-0.60%,922500
1994-06-24,44.78,44.78,44.00,44.06,25.204,-2.09%,353800
1994-06-27,44.23,44.83,44.02,44.83,25.642,+1.75%,371200
1994-06-28,44.84,44.84,44.25,44.61,25.517,-0.49%,5382300
1994-06-29,44.67,45.02,44.62,44.75,25.597,+0.31%,311800
1994-06-30,44.83,44.84,44.31,44.47,25.436,-0.63%,271900
1994-07-01,44.69,44.69,44.38,44.56,25.490,+0.20%,406900
1994-07-05,44.66,44.86,44.52,44.80,25.624,+0.54%,112000
1994-07-06,44.62,44.81,44.47,44.73,25.588,-0.16%,174800
1994-07-07,44.73,44.92,44.69,44.92,25.696,+0.42%,66700
1994-07-08,44.64,44.98,44.62,44.91,25.687,-0.02%,148400
1994-07-11,44.94,45.02,44.53,44.75,25.597,-0.36%,124000
1994-07-12,44.77,44.83,44.52,44.81,25.633,+0.13%,257300
1994-07-13,44.83,45.03,44.83,44.89,25.678,+0.18%,532700
1994-07-14,45.11,45.47,45.08,45.38,25.955,+1.09%,494200
1994-07-15,45.34,45.48,45.33,45.39,25.964,+0.02%,49100
1994-07-18,45.39,45.58,45.39,45.47,26.008,+0.18%,72300
1994-07-19,45.55,45.56,45.38,45.38,25.955,-0.20%,609500
1994-07-20,45.41,45.41,45.06,45.17,25.839,-0.46%,185300
1994-07-21,45.17,45.30,45.08,45.27,25.892,+0.22%,86300
1994-07-22,45.38,45.41,45.25,45.34,25.937,+0.15%,151600
1994-07-25,45.36,45.45,45.31,45.41,25.973,+0.15%,120900
1994-07-26,45.39,45.42,45.31,45.36,25.946,-0.11%,489600
1994-07-27,45.36,45.36,45.17,45.36,25.946,0.00%,83200
1994-07-28,45.36,45.58,45.36,45.45,26.000,+0.20%,828200
1994-07-29,45.77,46.05,45.75,45.91,26.259,+1.01%,459100
1994-08-01,45.94,46.16,45.89,46.12,26.384,+0.46%,486300
1994-08-02,46.28,46.38,46.03,46.19,26.420,+0.15%,505500
1994-08-03,46.17,46.23,46.09,46.20,26.429,+0.02%,144100
1994-08-04,46.17,46.22,45.92,45.94,26.277,-0.56%,231700
1994-08-05,45.70,45.84,45.66,45.78,26.187,-0.35%,138400
1994-08-08,45.83,45.94,45.78,45.89,26.250,+0.24%,328600
1994-08-09,45.72,45.97,45.72,45.97,26.295,+0.17%,105900
1994-08-10,46.00,46.19,45.94,46.14,26.393,+0.37%,840300
1994-08-11,46.03,46.23,45.73,45.97,26.295,-0.37%,876200
1994-08-12,46.05,46.34,46.05,46.33,26.500,+0.78%,184100
1994-08-15,46.38,46.48,46.31,46.31,26.491,-0.04%,325900
1994-08-16,46.34,46.69,46.16,46.64,26.679,+0.71%,1089500
1994-08-17,46.70,46.73,46.58,46.61,26.661,-0.06%,133700
1994-08-18,46.45,46.56,46.41,46.45,26.572,-0.34%,620000
1994-08-19,46.47,46.52,46.31,46.42,26.554,-0.06%,103200
1994-08-22,46.44,46.44,46.28,46.38,26.527,-0.09%,79700
1994-08-23,46.58,46.86,46.52,46.64,26.679,+0.56%,268600
1994-08-24,46.69,47.14,46.67,47.14,26.965,+1.07%,254700
1994-08-25,47.09,47.20,46.89,47.02,26.893,-0.25%,147400
1994-08-26,47.12,47.78,47.12,47.69,27.278,+1.42%,339500
1994-08-29,47.81,47.98,47.64,47.66,27.260,-0.06%,350300
1994-08-30,47.64,47.86,47.58,47.78,27.331,+0.25%,36000
1994-08-31,47.70,47.89,47.59,47.66,27.260,-0.25%,356200
1994-09-01,47.50,47.53,47.33,47.50,27.170,-0.34%,294600
1994-09-02,47.72,47.72,47.22,47.30,27.054,-0.42%,99600
1994-09-06,47.27,47.36,47.12,47.31,27.063,+0.02%,229800
1994-09-07,47.42,47.42,47.22,47.27,27.036,-0.08%,27900
1994-09-08,47.36,47.56,47.34,47.50,27.170,+0.49%,284800
1994-09-09,47.03,47.12,46.81,47.00,26.884,-1.05%,488400
1994-09-12,47.00,47.06,46.78,46.86,26.804,-0.30%,129400
1994-09-13,46.95,47.12,46.86,47.00,26.884,+0.30%,389200
1994-09-14,46.84,47.11,46.84,47.05,26.911,+0.11%,423500
1994-09-15,47.17,47.64,47.17,47.64,27.251,+1.25%,779800
1994-09-16,47.00,47.14,46.84,47.02,27.058,-1.30%,571300
1994-09-19,47.12,47.33,47.02,47.06,27.085,+0.09%,167300
1994-09-20,46.81,46.86,46.17,46.17,26.573,-1.89%,355600
1994-09-21,46.31,46.31,45.73,46.17,26.573,0.00%,397500
1994-09-22,46.28,46.28,46.02,46.06,26.510,-0.24%,266400
1994-09-23,46.08,46.17,45.83,45.91,26.420,-0.33%,176600
1994-09-26,46.08,46.17,45.98,46.14,26.555,+0.50%,223000
1994-09-27,46.14,46.27,46.00,46.11,26.537,-0.07%,479500
1994-09-28,46.36,46.53,46.33,46.47,26.743,+0.78%,324000
1994-09-29,46.47,46.47,46.09,46.23,26.609,-0.52%,195900
1994-09-30,46.22,46.44,46.17,46.17,26.573,-0.13%,5200
1994-10-03,46.20,46.25,45.98,46.06,26.510,-0.24%,72600
1994-10-04,46.30,46.30,45.34,45.38,26.114,-1.48%,84200
1994-10-05,45.30,45.39,45.00,45.39,26.123,+0.02%,461900
1994-10-06,45.42,45.45,45.17,45.25,26.042,-0.31%,345200
1994-10-07,45.25,45.58,45.20,45.45,26.159,+0.44%,188700
1994-10-10,45.66,46.02,45.64,45.94,26.438,+1.08%,213600
1994-10-11,46.14,46.75,46.14,46.62,26.833,+1.48%,461400
1994-10-12,46.69,46.75,46.58,46.69,26.869,+0.15%,162400
1994-10-13,47.22,47.33,46.80,46.84,26.959,+0.32%,1564500
1994-10-14,47.00,47.06,46.69,47.05,27.076,+0.45%,72800
1994-10-17,47.00,47.06,46.91,46.95,27.022,-0.21%,282300
1994-10-18,46.91,46.91,46.69,46.84,26.959,-0.23%,132100
1994-10-19,46.67,47.23,46.66,47.06,27.085,+0.47%,136700
1994-10-20,47.06,47.06,46.61,46.75,26.905,-0.66%,290300
1994-10-21,46.62,46.69,46.36,46.56,26.797,-0.41%,87800
1994-10-24,46.58,46.77,46.16,46.17,26.573,-0.84%,149600
1994-10-25,46.02,46.31,46.00,46.22,26.600,+0.11%,91800
1994-10-26,46.39,46.44,46.17,46.39,26.698,+0.37%,201000
1994-10-27,46.56,46.67,46.45,46.67,26.860,+0.60%,210300
1994-10-28,46.77,47.70,46.77,47.66,27.427,+2.12%,192100
1994-10-31,47.55,47.59,47.47,47.48,27.328,-0.38%,36300
1994-11-01,47.28,47.28,46.94,46.95,27.022,-1.12%,435200
1994-11-02,46.81,47.23,46.69,46.69,26.869,-0.55%,115600
1994-11-03,46.84,47.02,46.78,46.94,27.013,+0.54%,87000
1994-11-04,47.16,47.16,46.33,46.33,26.663,-1.30%,124400
1994-11-07,46.44,46.59,46.31,46.47,26.743,+0.30%,115000
1994-11-08,46.62,46.98,46.55,46.83,26.950,+0.77%,308300
1994-11-09,47.33,47.33,46.50,46.91,26.995,+0.17%,318500
1994-11-10,46.94,47.03,46.55,46.58,26.806,-0.70%,172100
1994-11-11,46.52,46.56,46.28,46.41,26.707,-0.36%,302200
1994-11-14,46.61,46.86,46.61,46.84,26.959,+0.93%,181400
1994-11-15,46.80,47.09,46.33,46.69,26.869,-0.32%,316900
1994-11-16,46.77,46.84,46.61,46.84,26.959,+0.32%,106900
1994-11-17,46.88,46.88,46.34,46.53,26.779,-0.66%,104700
1994-11-18,46.55,46.62,46.27,46.47,26.743,-0.13%,269300
1994-11-21,46.44,46.58,46.00,46.00,26.474,-1.01%,283100
1994-11-22,45.83,46.00,45.00,45.00,25.898,-2.17%,483600
1994-11-23,45.03,45.27,44.61,45.25,26.042,+0.56%,601600
1994-11-25,45.28,45.53,45.28,45.47,26.168,+0.49%,77300
1994-11-28,45.45,45.69,45.34,45.67,26.285,+0.44%,79900
1994-11-29,45.66,45.75,45.50,45.66,26.276,-0.02%,105500
1994-11-30,45.89,45.95,45.59,45.59,26.240,-0.15%,218800
1994-12-01,45.64,45.64,45.05,45.14,25.979,-0.99%,439000
1994-12-02,45.05,45.56,45.05,45.56,26.222,+0.93%,318500
1994-12-05,45.66,45.81,45.50,45.61,26.249,+0.11%,139200
1994-12-06,45.44,45.66,45.36,45.64,26.267,+0.07%,249900
1994-12-07,45.36,45.50,45.27,45.31,26.078,-0.72%,531900
1994-12-08,45.50,45.56,44.75,44.88,25.826,-0.95%,261500
1994-12-09,44.88,45.08,44.69,45.05,25.925,+0.38%,235900
1994-12-12,44.95,45.34,44.95,45.34,26.096,+0.64%,151100
1994-12-13,45.31,45.53,45.31,45.52,26.195,+0.40%,70900
1994-12-14,45.45,45.95,45.45,45.75,26.330,+0.51%,203300
1994-12-15,45.81,46.03,45.81,45.89,26.411,+0.31%,130100
1994-12-16,45.67,45.84,45.62,45.75,26.539,-0.31%,266100
1994-12-19,45.75,45.84,45.61,45.81,26.575,+0.13%,1120200
1994-12-20,45.86,45.89,45.67,45.67,26.493,-0.31%,675600
1994-12-21,45.70,46.27,45.70,46.16,26.774,+1.07%,544500
1994-12-22,46.16,46.20,45.97,46.02,26.693,-0.30%,222000
1994-12-23,45.98,46.17,45.98,46.06,26.720,+0.09%,125800
1994-12-27,46.22,46.41,46.19,46.31,26.865,+0.54%,95200
1994-12-28,46.36,46.36,45.97,46.08,26.729,-0.50%,358200
1994-12-29,46.25,46.25,46.06,46.11,26.747,+0.07%,220100
1994-12-30,46.20,46.25,45.56,45.56,26.430,-1.19%,2209500
1995-01-03,45.70,45.84,45.69,45.78,26.557,+0.48%,324300
1995-01-04,45.98,46.00,45.75,46.00,26.684,+0.48%,351800
1995-01-05,46.03,46.11,45.95,46.00,26.684,0.00%,89800
1995-01-06,46.09,46.25,45.91,46.05,26.711,+0.11%,448400
1995-01-09,46.03,46.09,46.00,46.09,26.738,+0.09%,36800
1995-01-10,46.20,46.39,46.14,46.14,26.765,+0.11%,229800
1995-01-11,46.30,46.30,45.81,46.17,26.783,+0.07%,222400
1995-01-12,46.12,46.22,46.03,46.19,26.792,+0.04%,40300
1995-01-13,46.44,46.73,46.38,46.73,27.110,+1.17%,170600
1995-01-16,46.72,47.03,46.72,47.02,27.273,+0.62%,105100
1995-01-17,46.92,47.06,46.86,47.03,27.282,+0.02%,89500
1995-01-18,47.00,47.08,46.88,46.98,27.255,-0.11%,84500
1995-01-19,46.83,46.88,46.69,46.72,27.100,-0.55%,139100
1995-01-20,46.66,46.67,46.45,46.55,27.001,-0.36%,78700
1995-01-23,46.23,46.69,46.20,46.69,27.082,+0.30%,53700
1995-01-24,46.67,46.75,46.64,46.75,27.119,+0.13%,32400
1995-01-25,46.52,47.05,46.52,46.88,27.191,+0.28%,15700
1995-01-26,46.84,46.98,46.75,46.92,27.218,+0.09%,9800
1995-01-27,47.23,47.23,46.92,47.11,27.327,+0.40%,91200
1995-01-30,47.02,47.05,46.84,46.91,27.209,-0.42%,26600
1995-01-31,47.00,47.17,46.92,47.09,27.318,+0.38%,127500
1995-02-01,47.16,47.33,47.00,47.08,27.309,-0.02%,380200
1995-02-02,47.06,47.36,47.06,47.36,27.472,+0.59%,131700
1995-02-03,47.66,48.11,47.58,48.03,27.862,+1.41%,405100
1995-02-06,48.02,48.38,47.97,48.23,27.980,+0.42%,405400
1995-02-07,48.31,48.31,48.14,48.30,28.016,+0.15%,702900
1995-02-08,48.23,48.47,48.20,48.30,28.016,0.00%,521500
1995-02-09,48.22,48.30,48.12,48.30,28.016,0.00%,390700
1995-02-10,48.23,48.36,48.09,48.36,28.052,+0.12%,148300
1995-02-13,48.33,48.47,48.33,48.38,28.061,+0.04%,79700
1995-02-14,48.53,48.53,48.25,48.44,28.098,+0.12%,170200
1995-02-15,48.44,48.77,48.39,48.70,28.252,+0.54%,431500
1995-02-16,48.64,48.69,48.50,48.64,28.215,-0.12%,99300
1995-02-17,48.59,48.62,48.44,48.45,28.107,-0.39%,49100
1995-02-21,48.45,48.53,48.42,48.44,28.098,-0.02%,168000
1995-02-22,48.48,48.80,48.45,48.80,28.306,+0.74%,386400
1995-02-23,48.98,49.16,48.86,48.88,28.351,+0.16%,402800
1995-02-24,48.94,49.02,48.81,49.00,28.424,+0.25%,307600
1995-02-27,48.86,49.00,48.53,48.61,28.197,-0.80%,280900
1995-02-28,48.56,49.02,48.56,49.02,28.433,+0.84%,493500
1995-03-01,48.97,49.03,48.66,48.70,28.252,-0.65%,242600
1995-03-02,48.69,48.77,48.55,48.77,28.288,+0.14%,488600
1995-03-03,48.61,48.78,48.48,48.78,28.297,+0.02%,290000
1995-03-06,48.45,48.81,48.39,48.81,28.315,+0.06%,85700
1995-03-07,48.64,48.75,48.22,48.44,28.098,-0.76%,180900
1995-03-08,48.52,48.62,48.34,48.56,28.170,+0.25%,155900
1995-03-09,48.55,48.59,48.42,48.55,28.161,-0.02%,63500
1995-03-10,48.59,49.39,48.53,49.27,28.578,+1.48%,192100
1995-03-13,49.23,49.39,49.17,49.22,28.551,-0.10%,261300
1995-03-14,49.36,49.64,49.36,49.58,28.759,+0.73%,223300
1995-03-15,49.50,49.58,49.30,49.48,28.705,-0.20%,278500
1995-03-16,49.44,49.81,49.44,49.78,28.877,+0.61%,20400
1995-03-17,49.44,49.62,49.41,49.56,28.906,-0.44%,89900
1995-03-20,49.62,49.62,49.47,49.56,28.906,0.00%,91700
1995-03-21,49.56,49.88,49.36,49.44,28.833,-0.24%,104400
1995-03-22,49.53,49.53,49.33,49.48,28.860,+0.08%,74900
1995-03-23,49.42,49.66,49.36,49.52,28.878,+0.08%,220500
1995-03-24,49.67,50.22,49.67,50.22,29.288,+1.41%,134000
1995-03-27,50.30,50.42,50.17,50.42,29.407,+0.40%,132100
1995-03-28,50.30,50.42,50.23,50.42,29.407,0.00%,121900
1995-03-29,50.38,50.89,50.12,50.41,29.398,-0.02%,246100
1995-03-30,50.52,50.52,50.11,50.31,29.343,-0.20%,298400
1995-03-31,49.92,50.17,49.55,50.11,29.225,-0.40%,541300
1995-04-03,50.09,50.23,50.06,50.23,29.298,+0.24%,193300
1995-04-04,50.25,50.56,50.25,50.56,29.489,+0.66%,66900
1995-04-05,50.45,50.61,50.42,50.56,29.489,0.00%,107200
1995-04-06,50.69,50.80,50.59,50.75,29.598,+0.38%,352500
1995-04-07,50.86,50.86,50.47,50.70,29.571,-0.10%,361400
1995-04-10,50.62,50.80,50.59,50.80,29.626,+0.20%,285400
1995-04-11,50.92,50.94,50.59,50.62,29.525,-0.35%,250300
1995-04-12,50.70,50.80,50.61,50.80,29.626,+0.36%,150900
1995-04-13,50.89,51.09,50.86,51.08,29.790,+0.55%,243400
1995-04-17,51.27,51.31,50.62,50.78,29.616,-0.59%,178900
1995-04-18,50.83,50.83,50.48,50.61,29.516,-0.33%,329500
1995-04-19,50.61,50.72,50.30,50.56,29.489,-0.10%,223000
1995-04-20,50.70,50.78,50.44,50.64,29.534,+0.16%,207900
1995-04-21,50.66,50.91,50.66,50.89,29.680,+0.49%,145000
1995-04-24,50.86,51.48,50.86,51.48,30.027,+1.16%,169000
1995-04-25,51.41,51.48,51.31,51.34,29.945,-0.27%,293200
1995-04-26,51.25,51.42,51.12,51.39,29.972,+0.10%,204400
1995-04-27,51.31,51.55,51.28,51.52,30.045,+0.25%,502200
1995-04-28,51.50,51.67,51.17,51.59,30.090,+0.14%,130800
1995-05-01,51.55,51.66,51.45,51.45,30.008,-0.27%,518700
1995-05-02,51.50,51.64,51.39,51.56,30.072,+0.21%,228400
1995-05-03,51.73,52.28,51.73,52.28,30.491,+1.40%,724700
1995-05-04,52.34,52.69,52.12,52.25,30.473,-0.06%,311400
1995-05-05,52.47,52.47,52.08,52.19,30.437,-0.11%,314900
1995-05-08,52.14,52.73,52.09,52.56,30.655,+0.71%,183100
1995-05-09,52.78,52.84,52.44,52.52,30.628,-0.08%,180600
1995-05-10,52.66,52.67,52.33,52.58,30.664,+0.11%,330300
1995-05-11,52.66,52.72,52.48,52.72,30.746,+0.27%,351700
1995-05-12,52.52,52.88,52.50,52.75,30.765,+0.06%,94600
1995-05-15,52.89,53.00,52.78,53.00,30.911,+0.47%,147200
1995-05-16,52.98,53.16,52.89,53.03,30.929,+0.06%,221600
1995-05-17,53.03,53.05,52.78,52.83,30.810,-0.38%,189200
1995-05-18,52.73,52.77,52.06,52.06,30.364,-1.46%,577800
1995-05-19,51.98,52.19,51.91,52.09,30.382,+0.06%,363900
1995-05-22,52.27,52.75,52.23,52.67,30.719,+1.11%,216000
1995-05-23,52.77,53.16,52.61,53.16,31.002,+0.93%,136800
1995-05-24,53.25,53.42,52.80,53.12,30.983,-0.08%,370800
1995-05-25,52.97,53.22,52.72,53.17,31.011,+0.09%,379900
1995-05-26,52.97,52.98,52.36,52.56,30.655,-1.15%,518600
1995-05-30,52.69,52.83,52.38,52.55,30.646,-0.02%,61500
1995-05-31,52.45,53.64,52.45,53.64,31.284,+2.07%,564500
1995-06-01,53.41,53.91,53.25,53.50,31.202,-0.26%,810100
1995-06-02,53.28,53.92,53.09,53.55,31.229,+0.09%,112900
1995-06-05,53.55,54.05,53.50,53.88,31.421,+0.62%,257200
1995-06-06,53.83,54.02,53.78,53.78,31.366,-0.19%,165800
1995-06-07,53.67,53.70,53.44,53.50,31.202,-0.52%,41900
1995-06-08,53.48,53.64,53.38,53.38,31.129,-0.22%,141100
1995-06-09,53.27,53.33,52.75,53.06,30.947,-0.60%,304900
1995-06-12,53.23,53.58,53.20,53.36,31.120,+0.57%,378500
1995-06-13,53.61,53.97,53.56,53.94,31.457,+1.09%,120000
1995-06-14,53.86,53.95,53.69,53.89,31.430,-0.09%,389400
1995-06-15,53.97,54.23,53.88,54.12,31.567,+0.43%,274500
1995-06-16,53.70,53.97,53.70,53.97,31.660,-0.28%,325100
1995-06-19,54.12,54.61,54.09,54.58,32.017,+1.13%,134600
1995-06-20,54.42,54.61,54.39,54.44,31.935,-0.26%,287800
1995-06-21,54.61,54.66,54.41,54.41,31.917,-0.06%,158200
1995-06-22,54.64,55.16,54.64,55.12,32.338,+1.30%,297000
1995-06-23,55.00,55.03,54.84,55.02,32.274,-0.18%,315400
1995-06-26,54.86,54.95,54.36,54.36,31.889,-1.20%,132900
1995-06-27,54.34,54.70,54.22,54.25,31.825,-0.20%,127700
1995-06-28,54.25,54.75,54.08,54.53,31.990,+0.52%,212600
1995-06-29,54.53,54.67,54.06,54.44,31.935,-0.17%,89200
1995-06-30,54.55,54.73,54.30,54.41,31.917,-0.06%,714100
1995-07-03,54.47,54.61,54.47,54.61,32.036,+0.37%,9500
1995-07-05,54.77,55.06,54.64,54.81,32.155,+0.37%,409300
1995-07-06,54.83,55.52,54.72,55.52,32.567,+1.30%,202500
1995-07-07,55.41,55.78,55.38,55.77,32.714,+0.45%,481700
1995-07-10,55.81,55.95,55.70,55.80,32.732,+0.05%,400400
1995-07-11,55.75,55.80,55.45,55.53,32.577,-0.48%,420500
1995-07-12,55.64,56.31,55.53,56.22,32.980,+1.24%,203400
1995-07-13,56.14,56.27,56.03,56.09,32.906,-0.23%,215600
1995-07-14,55.80,56.09,55.75,56.05,32.879,-0.07%,543700
1995-07-17,56.12,56.42,56.08,56.36,33.062,+0.55%,171500
1995-07-18,56.27,56.27,55.83,55.88,32.778,-0.85%,221200
1995-07-19,55.66,55.72,54.20,55.27,32.421,-1.09%,486600
1995-07-20,55.33,55.58,55.03,55.47,32.540,+0.36%,318900
1995-07-21,55.42,55.62,55.19,55.41,32.503,-0.11%,94000
1995-07-24,55.48,55.88,55.48,55.81,32.742,+0.72%,108400
1995-07-25,55.88,56.31,55.70,56.23,32.989,+0.75%,107400
1995-07-26,56.20,56.47,56.17,56.19,32.962,-0.07%,167800
1995-07-27,56.45,56.70,56.45,56.66,33.236,+0.84%,187700
1995-07-28,56.70,56.70,56.25,56.30,33.026,-0.64%,415600
1995-07-31,56.34,56.39,56.03,56.16,32.943,-0.25%,342500
1995-08-01,56.23,56.23,55.75,56.06,32.888,-0.18%,141000
1995-08-02,56.39,56.80,55.84,55.94,32.815,-0.21%,240400
1995-08-03,55.55,55.95,55.45,55.92,32.806,-0.04%,1193600
1995-08-04,56.03,56.08,55.92,55.98,32.842,+0.11%,240500
1995-08-07,56.11,56.28,56.08,56.11,32.916,+0.23%,193100
1995-08-08,56.14,56.31,55.94,56.11,32.916,0.00%,951900
1995-08-09,56.30,56.30,56.05,56.09,32.906,-0.04%,107100
1995-08-10,56.16,56.28,55.73,55.97,32.833,-0.21%,280800
1995-08-11,55.92,55.98,55.42,55.66,32.650,-0.55%,257200
1995-08-14,55.80,56.16,55.67,56.16,32.943,+0.90%,254800
1995-08-15,56.14,56.14,55.66,56.05,32.879,-0.20%,44400
1995-08-16,56.00,56.20,55.94,56.20,32.971,+0.27%,374900
1995-08-17,56.23,56.23,55.91,56.11,32.916,-0.16%,353800
1995-08-18,56.39,56.41,56.12,56.17,32.952,+0.11%,85400
1995-08-21,56.41,56.64,56.00,56.02,32.861,-0.27%,266700
1995-08-22,56.09,56.22,55.81,56.12,32.925,+0.18%,220200
1995-08-23,56.17,56.20,55.92,55.92,32.806,-0.36%,176500
1995-08-24,55.94,56.09,55.75,55.98,32.842,+0.11%,167400
1995-08-25,56.08,56.39,56.08,56.30,33.026,+0.57%,195000
1995-08-28,56.45,56.45,56.00,56.09,32.906,-0.37%,293000
1995-08-29,56.16,56.25,55.77,56.23,32.989,+0.25%,1133100
1995-08-30,56.28,56.42,56.22,56.36,33.062,+0.23%,437400
1995-08-31,56.34,56.50,56.30,56.41,33.090,+0.09%,491900
1995-09-01,56.39,56.75,56.34,56.66,33.236,+0.44%,629900
1995-09-05,56.83,57.22,56.73,57.19,33.548,+0.94%,272200
1995-09-06,57.23,57.36,57.22,57.30,33.612,+0.19%,214500
1995-09-07,57.36,57.39,57.25,57.33,33.631,+0.05%,258800
1995-09-08,57.55,57.55,57.17,57.55,33.759,+0.38%,107300
1995-09-11,57.64,57.81,57.64,57.70,33.851,+0.26%,260700
1995-09-12,57.72,57.97,57.58,57.97,34.006,+0.47%,139500
1995-09-13,57.91,58.31,57.89,58.23,34.162,+0.45%,239800
1995-09-14,58.44,58.81,58.28,58.77,34.474,+0.93%,457600
1995-09-15,58.41,58.58,58.20,58.44,34.465,-0.56%,431200
1995-09-18,58.23,58.27,57.94,58.22,34.336,-0.38%,307500
1995-09-19,58.33,58.53,58.12,58.50,34.501,+0.48%,549600
1995-09-20,58.59,58.78,58.55,58.78,34.667,+0.48%,290800
1995-09-21,58.70,58.75,58.06,58.30,34.382,-0.82%,508500
1995-09-22,57.83,58.38,57.78,58.31,34.391,+0.02%,449900
1995-09-25,58.38,58.38,58.02,58.22,34.336,-0.15%,130000
1995-09-26,58.39,58.53,58.06,58.20,34.326,-0.03%,466600
1995-09-27,57.95,58.19,57.59,58.16,34.299,-0.07%,654400
1995-09-28,58.20,58.59,58.16,58.59,34.557,+0.74%,456200
1995-09-29,58.55,58.91,58.41,58.48,34.492,-0.19%,606600
1995-10-02,58.48,58.62,58.05,58.19,34.317,-0.50%,293100
1995-10-03,58.19,58.34,57.95,58.25,34.354,+0.10%,839700
1995-10-04,58.28,58.28,58.11,58.19,34.317,-0.10%,248800
1995-10-05,58.25,58.36,58.09,58.36,34.419,+0.29%,268800
1995-10-06,58.39,58.58,58.39,58.41,34.446,+0.09%,75300
1995-10-09,58.19,58.22,57.81,57.92,34.160,-0.84%,358200
1995-10-10,57.33,57.89,57.27,57.89,34.142,-0.05%,360800
1995-10-11,58.09,58.09,57.88,58.08,34.253,+0.33%,228100
1995-10-12,58.12,58.47,58.12,58.44,34.465,+0.62%,199800
1995-10-13,58.70,58.86,58.62,58.62,34.575,+0.31%,488100
1995-10-16,58.45,58.56,58.34,58.34,34.409,-0.48%,443600
1995-10-17,58.41,58.80,58.30,58.73,34.640,+0.67%,146000
1995-10-18,59.02,59.09,58.72,58.91,34.741,+0.31%,228100
1995-10-19,58.88,59.19,58.80,59.19,34.907,+0.48%,500600
1995-10-20,59.14,59.19,58.83,58.83,34.695,-0.61%,748400
1995-10-23,58.55,58.81,58.55,58.70,34.621,-0.22%,533000
1995-10-24,58.78,58.84,58.62,58.77,34.658,+0.12%,172200
1995-10-25,58.81,58.89,58.28,58.28,34.372,-0.83%,302700
1995-10-26,58.38,58.42,57.28,57.75,34.059,-0.91%,606800
1995-10-27,57.69,58.19,57.42,58.19,34.317,+0.76%,905800
1995-10-30,58.33,58.59,58.33,58.56,34.538,+0.64%,488700
1995-10-31,58.72,58.84,58.31,58.31,34.391,-0.43%,508200
1995-11-01,58.28,58.78,58.23,58.78,34.667,+0.81%,415700
1995-11-02,58.69,59.16,58.69,59.16,34.888,+0.65%,326000
1995-11-03,59.23,59.25,59.06,59.23,34.935,+0.12%,615000
1995-11-06,59.22,59.22,59.02,59.03,34.815,-0.34%,311200
1995-11-07,59.00,59.00,58.62,58.81,34.686,-0.37%,358200
1995-11-08,58.89,59.38,58.89,59.34,34.999,+0.90%,357200
1995-11-09,59.58,59.58,59.28,59.56,35.128,+0.37%,503700
1995-11-10,59.23,59.61,59.22,59.53,35.110,-0.05%,795600
1995-11-13,59.42,59.66,59.31,59.47,35.073,-0.10%,818500
1995-11-14,59.36,59.48,59.08,59.08,34.842,-0.66%,341800
1995-11-15,59.14,59.69,59.11,59.67,35.193,+1.00%,584700
1995-11-16,59.67,60.06,59.66,60.00,35.386,+0.55%,577700
1995-11-17,60.09,60.20,60.02,60.19,35.497,+0.32%,267000
1995-11-20,60.28,60.30,59.86,59.88,35.312,-0.52%,448800
1995-11-21,59.94,60.36,59.92,60.36,35.598,+0.80%,119200
1995-11-22,60.31,60.38,60.17,60.17,35.487,-0.31%,351600
1995-11-24,60.23,60.33,60.19,60.33,35.580,+0.27%,62400
1995-11-27,60.45,60.64,60.34,60.34,35.589,+0.02%,273000
1995-11-28,60.30,60.98,60.16,60.98,35.967,+1.06%,479000
1995-11-29,61.09,61.09,60.84,61.05,36.004,+0.11%,549200
1995-11-30,61.05,61.20,60.84,60.91,35.921,-0.23%,286200
1995-12-01,60.98,61.08,60.84,60.98,35.967,+0.11%,465200
1995-12-04,61.12,61.73,61.05,61.73,36.409,+1.23%,631700
1995-12-05,61.67,62.20,61.62,62.14,36.649,+0.66%,567700
1995-12-06,62.30,62.53,62.00,62.28,36.732,+0.23%,272800
1995-12-07,62.20,62.28,61.91,61.95,36.538,-0.53%,289700
1995-12-08,62.22,62.23,61.77,62.16,36.658,+0.34%,296900
1995-12-11,62.28,62.55,62.16,62.42,36.814,+0.42%,186500
1995-12-12,62.14,62.36,62.14,62.23,36.704,-0.30%,299400
1995-12-13,62.31,62.70,62.31,62.62,36.934,+0.63%,390700
1995-12-14,62.69,62.80,62.02,62.17,36.667,-0.72%,395000
1995-12-15,61.88,61.88,61.59,61.81,36.674,-0.58%,416700
1995-12-18,61.27,61.27,60.61,60.62,35.970,-1.93%,862300
1995-12-19,60.66,61.34,60.58,61.27,36.350,+1.07%,1022600
1995-12-20,61.45,61.52,60.67,60.67,35.998,-0.98%,1349800
1995-12-21,61.03,61.17,60.75,60.98,36.183,+0.51%,857600
1995-12-22,61.31,61.38,61.14,61.20,36.313,+0.36%,332800
1995-12-26,61.45,61.53,61.33,61.50,36.489,+0.49%,432200
1995-12-27,61.66,61.66,61.36,61.47,36.471,-0.05%,151800
1995-12-28,61.34,61.66,61.25,61.41,36.433,-0.10%,256200
1995-12-29,61.47,61.53,61.25,61.48,36.480,+0.11%,339200
1996-01-02,61.41,62.14,61.34,62.14,36.869,+1.07%,514400
1996-01-03,62.34,62.50,62.00,62.31,36.971,+0.27%,610300
1996-01-04,62.39,62.62,61.22,61.72,36.619,-0.95%,1129700
1996-01-05,61.31,61.75,61.17,61.59,36.545,-0.21%,302400
1996-01-08,61.81,61.91,61.73,61.83,36.684,+0.39%,179900
1996-01-09,62.02,62.06,60.62,60.77,36.053,-1.71%,415500
1996-01-10,60.69,60.81,59.64,59.97,35.581,-1.32%,787700
1996-01-11,60.06,60.33,59.78,60.33,35.794,+0.60%,513200
1996-01-12,60.48,60.50,59.67,60.23,35.738,-0.17%,390400
1996-01-15,60.25,60.45,59.86,60.11,35.664,-0.20%,154200
1996-01-16,60.41,60.89,59.89,60.84,36.100,+1.21%,454600
1996-01-17,60.70,61.12,60.45,60.66,35.988,-0.30%,407600
1996-01-18,60.89,60.91,60.38,60.86,36.109,+0.33%,425600
1996-01-19,60.86,61.42,60.80,61.27,36.350,+0.67%,169800
1996-01-22,61.22,61.42,61.11,61.28,36.359,+0.02%,288200
1996-01-23,61.25,61.42,61.12,61.42,36.443,+0.23%,362200
1996-01-24,61.52,62.05,61.48,61.92,36.739,+0.81%,1506500
1996-01-25,61.97,62.00,61.62,61.70,36.610,-0.36%,298400
1996-01-26,61.66,62.27,61.58,62.23,36.925,+0.86%,726300
1996-01-29,62.19,62.48,62.14,62.48,37.073,+0.40%,254800
1996-01-30,62.61,63.14,62.53,63.02,37.388,+0.86%,272100
1996-01-31,63.00,63.69,62.97,63.67,37.778,+1.03%,498000
1996-02-01,63.61,63.91,63.56,63.91,37.917,+0.38%,373900
1996-02-02,63.88,64.02,63.50,63.64,37.759,-0.42%,496200
1996-02-05,63.53,64.25,63.44,64.16,38.065,+0.82%,295300
1996-02-06,64.19,64.83,64.09,64.77,38.427,+0.95%,301600
1996-02-07,64.75,65.14,64.69,65.14,38.649,+0.57%,585100
1996-02-08,65.05,65.91,64.92,65.84,39.066,+1.07%,1526600
1996-02-09,65.81,66.38,65.52,65.83,39.057,-0.02%,804600
1996-02-12,65.95,66.62,65.89,66.33,39.354,+0.76%,626500
1996-02-13,66.05,66.69,66.00,66.19,39.270,-0.21%,1045900
1996-02-14,66.14,66.36,65.58,65.61,38.927,-0.88%,431400
1996-02-15,65.47,65.91,65.12,65.20,38.686,-0.62%,889500
1996-02-16,65.08,65.23,64.73,64.94,38.529,-0.40%,606100
1996-02-20,64.44,64.62,63.88,64.30,38.148,-0.99%,492300
1996-02-21,64.42,65.14,64.42,65.09,38.621,+1.23%,434000
1996-02-22,65.45,66.33,65.41,66.12,39.233,+1.58%,721400
1996-02-23,66.50,66.61,65.33,65.94,39.122,-0.27%,1430400
1996-02-26,65.75,65.89,64.97,65.00,38.566,-1.43%,1408400
1996-02-27,65.16,65.17,64.50,64.80,38.445,-0.31%,601000
1996-02-28,65.31,65.73,64.50,64.50,38.269,-0.46%,865900
1996-02-29,64.12,64.95,63.88,63.88,37.898,-0.96%,914300
1996-03-01,64.64,64.89,63.61,64.89,38.501,+1.58%,1452600
1996-03-04,65.03,65.66,64.81,65.27,38.723,+0.59%,652600
1996-03-05,65.11,65.88,65.08,65.88,39.085,+0.93%,402000
1996-03-06,65.78,65.97,65.30,65.30,38.742,-0.88%,624700
1996-03-07,65.42,65.66,65.23,65.62,38.937,+0.49%,534200
1996-03-08,64.19,64.88,62.00,63.50,37.676,-3.23%,2289900
1996-03-11,63.25,64.33,63.06,64.23,38.111,+1.15%,1511400
1996-03-12,63.81,64.05,62.91,63.73,37.815,-0.78%,1385300
1996-03-13,64.16,64.44,63.80,64.17,38.074,+0.69%,1019300
1996-03-14,64.27,64.81,64.23,64.45,38.241,+0.44%,725600
1996-03-15,64.06,64.33,63.75,64.12,38.216,-0.51%,869200
1996-03-18,64.72,65.36,64.58,65.36,38.951,+1.93%,917600
1996-03-19,65.94,65.94,65.00,65.22,38.868,-0.21%,858300
1996-03-20,65.53,65.53,64.64,65.14,38.821,-0.12%,744300
1996-03-21,65.22,65.25,64.77,64.98,38.728,-0.25%,650800
1996-03-22,65.02,65.33,64.94,65.16,38.830,+0.28%,344500
1996-03-25,65.75,65.81,64.86,65.03,38.756,-0.20%,802400
1996-03-26,64.92,65.52,64.86,65.34,38.942,+0.48%,969400
1996-03-27,65.44,65.48,64.69,64.75,38.588,-0.90%,809600
1996-03-28,64.52,65.03,64.50,65.00,38.737,+0.39%,1001300
1996-03-29,65.19,65.19,64.38,64.69,38.551,-0.48%,457700
1996-04-01,65.00,65.45,64.80,65.44,38.998,+1.16%,773400
1996-04-02,65.52,65.56,65.30,65.56,39.073,+0.18%,638800
1996-04-03,65.33,65.61,65.17,65.56,39.073,0.00%,288000
1996-04-04,65.56,65.72,65.50,65.52,39.045,-0.06%,934900
1996-04-08,63.88,64.39,63.59,64.39,38.374,-1.72%,2217200
1996-04-09,64.64,64.64,64.02,64.14,38.225,-0.39%,1180900
1996-04-10,64.03,64.31,62.75,63.00,37.545,-1.78%,939500
1996-04-11,63.16,63.47,62.12,62.92,37.499,-0.13%,1276000
1996-04-12,63.36,63.81,63.17,63.72,37.974,+1.27%,411300
1996-04-15,64.05,64.33,63.84,64.25,38.290,+0.83%,484200
1996-04-16,64.38,64.66,64.23,64.44,38.402,+0.30%,429700
1996-04-17,64.38,64.56,63.84,64.28,38.309,-0.25%,525300
1996-04-18,64.44,64.58,64.09,64.38,38.365,+0.16%,818600
1996-04-19,64.69,64.86,64.42,64.53,38.458,+0.23%,885100
1996-04-22,65.12,65.28,64.59,65.03,38.756,+0.77%,828900
1996-04-23,64.92,65.28,64.78,65.23,38.877,+0.31%,225400
1996-04-24,65.56,65.56,64.86,65.00,38.737,-0.35%,699000
1996-04-25,65.14,65.56,64.75,65.30,38.914,+0.46%,475500
1996-04-26,65.47,65.81,65.23,65.44,38.998,+0.21%,563300
1996-04-29,65.16,65.56,65.16,65.44,38.998,0.00%,219900
1996-04-30,65.44,65.56,65.12,65.39,38.970,-0.08%,184400
1996-05-01,65.38,65.80,65.28,65.53,39.054,+0.21%,561900
1996-05-02,65.02,65.38,64.09,64.41,38.383,-1.71%,1299600
1996-05-03,64.78,64.98,63.75,64.31,38.328,-0.16%,1329300
1996-05-06,64.56,64.56,63.69,64.25,38.290,-0.09%,647500
1996-05-07,64.25,64.25,63.77,63.98,38.132,-0.42%,582100
1996-05-08,63.67,64.78,63.08,64.78,38.607,+1.25%,1694700
1996-05-09,64.56,65.06,64.50,64.73,38.579,-0.08%,593400
1996-05-10,65.38,65.59,65.06,65.38,38.961,+1.00%,925100
1996-05-13,65.53,66.64,65.47,66.36,39.547,+1.50%,867500
1996-05-14,66.62,66.94,66.56,66.77,39.790,+0.62%,632300
1996-05-15,66.78,67.31,66.64,66.69,39.743,-0.12%,466100
1996-05-16,66.31,66.94,66.28,66.83,39.827,+0.21%,514400
1996-05-17,67.00,67.30,67.00,67.19,40.041,+0.54%,427700
1996-05-20,67.66,67.75,66.98,67.64,40.311,+0.67%,788500
1996-05-21,67.75,67.88,67.50,67.55,40.255,-0.13%,352700
1996-05-22,67.62,68.19,67.39,68.19,40.637,+0.95%,1218100
1996-05-23,68.28,68.44,67.53,67.91,40.469,-0.41%,967900
1996-05-24,67.97,68.33,67.94,68.17,40.628,+0.38%,659100
1996-05-28,68.38,68.38,67.31,67.48,40.218,-1.01%,456400
1996-05-29,67.62,67.69,66.81,67.03,39.948,-0.67%,649600
1996-05-30,66.94,67.72,66.75,67.38,40.153,+0.52%,895800
1996-05-31,67.36,67.64,66.88,66.88,39.855,-0.74%,923500
1996-06-03,66.89,67.11,66.70,67.06,39.967,+0.27%,503100
1996-06-04,67.38,67.59,67.25,67.53,40.246,+0.70%,627100
1996-06-05,67.56,68.20,67.42,68.12,40.600,+0.87%,428000
1996-06-06,68.50,68.50,67.50,67.62,40.302,-0.73%,523300
1996-06-07,66.19,67.64,66.19,67.62,40.302,0.00%,1422800
1996-06-10,67.53,67.73,67.30,67.41,40.171,-0.31%,548800
1996-06-11,67.66,68.03,67.34,67.34,40.134,-0.10%,688700
1996-06-12,67.56,67.73,67.11,67.22,40.060,-0.18%,1120600
1996-06-13,67.38,67.47,66.83,67.22,40.060,0.00%,1502000
1996-06-14,67.25,67.25,66.72,66.94,39.892,-0.42%,1468200
1996-06-17,66.97,67.22,66.72,66.89,39.864,-0.07%,1101000
1996-06-18,66.84,67.03,66.33,66.34,39.538,-0.82%,718000
1996-06-19,66.66,67.00,66.42,66.64,39.715,+0.45%,552100
1996-06-20,66.70,66.92,66.19,66.59,39.687,-0.08%,1234400
1996-06-21,66.56,66.81,66.38,66.81,40.027,+0.33%,573300
1996-06-24,66.97,67.22,66.84,66.94,40.102,+0.19%,416500
1996-06-25,67.12,67.17,66.78,66.86,40.055,-0.12%,454400
1996-06-26,66.78,66.92,66.39,66.41,39.783,-0.67%,838200
1996-06-27,66.41,67.05,66.16,66.88,40.064,+0.71%,1090500
1996-06-28,67.16,67.50,66.97,67.11,40.204,+0.34%,1060800
1996-07-01,67.28,67.70,67.19,67.69,40.551,+0.86%,471300
1996-07-02,67.62,67.64,67.33,67.44,40.401,-0.37%,389400
1996-07-03,67.41,67.50,67.06,67.30,40.317,-0.21%,308300
1996-07-05,66.12,66.44,65.38,65.58,39.287,-2.56%,842900
1996-07-08,65.62,65.98,65.12,65.31,39.128,-0.41%,942000
1996-07-09,65.61,65.81,65.38,65.58,39.287,+0.41%,716300
1996-07-10,65.56,65.84,64.92,65.84,39.446,+0.40%,1132300
1996-07-11,65.56,65.69,63.88,64.52,38.651,-2.00%,1587400
1996-07-12,64.62,64.91,64.08,64.56,38.679,+0.06%,1312000
1996-07-15,64.72,64.72,62.66,62.66,37.537,-2.94%,1951300
1996-07-16,62.84,63.50,60.38,62.81,37.630,+0.24%,4141000
1996-07-17,63.75,64.00,63.00,63.56,38.080,+1.19%,1340500
1996-07-18,63.75,64.55,63.33,64.44,38.604,+1.38%,1432500
1996-07-19,64.28,64.38,63.62,63.97,38.323,-0.73%,1216000
1996-07-22,63.53,63.75,63.02,63.50,38.042,-0.73%,519800
1996-07-23,63.59,63.94,62.58,62.69,37.555,-1.28%,1479800
1996-07-24,61.94,63.19,61.62,62.81,37.630,+0.19%,2463400
1996-07-25,63.44,63.56,63.12,63.38,37.967,+0.91%,1989800
1996-07-26,63.56,63.81,63.39,63.72,38.173,+0.54%,642300
1996-07-29,63.62,63.72,62.94,63.02,37.752,-1.10%,1297900
1996-07-30,63.44,63.69,62.94,63.62,38.117,+0.95%,1868200
1996-07-31,63.67,64.27,63.52,64.09,38.398,+0.74%,767100
1996-08-01,64.16,65.39,64.06,65.16,39.034,+1.67%,1168600
1996-08-02,66.00,66.59,65.75,66.56,39.877,+2.15%,1098500
1996-08-05,66.58,66.59,65.97,66.17,39.643,-0.59%,710200
1996-08-06,66.16,66.52,65.80,66.38,39.765,+0.32%,640000
1996-08-07,66.62,66.75,66.12,66.55,39.868,+0.26%,917800
1996-08-08,66.56,66.56,66.19,66.44,39.802,-0.17%,925100
1996-08-09,66.67,66.77,66.06,66.22,39.671,-0.33%,648800
1996-08-12,66.25,66.86,66.00,66.70,39.961,+0.72%,764200
1996-08-13,66.58,66.62,66.00,66.17,39.643,-0.79%,805200
1996-08-14,66.19,66.47,66.00,66.41,39.783,+0.36%,533800
1996-08-15,66.23,66.62,66.20,66.28,39.708,-0.20%,632600
1996-08-16,66.47,66.88,66.47,66.84,40.045,+0.84%,475100
1996-08-19,66.86,66.92,66.62,66.88,40.064,+0.06%,436400
1996-08-20,66.89,66.91,66.67,66.83,40.036,-0.07%,645700
1996-08-21,66.66,66.81,66.38,66.59,39.896,-0.36%,266400
1996-08-22,66.75,67.34,66.72,67.22,40.270,+0.95%,584800
1996-08-23,67.09,67.20,66.64,66.86,40.055,-0.54%,757100
1996-08-26,66.70,66.78,66.42,66.53,39.858,-0.49%,784700
1996-08-27,66.72,66.84,66.50,66.78,40.008,+0.38%,389400
1996-08-28,66.94,67.00,66.66,66.67,39.942,-0.16%,227600
1996-08-29,66.59,66.59,65.62,66.02,39.549,-0.97%,680200
1996-08-30,66.00,66.02,65.12,65.33,39.137,-1.05%,1500900
1996-09-03,64.47,65.84,64.38,65.75,39.390,+0.64%,1782000
1996-09-04,65.75,66.75,65.48,65.81,39.428,+0.09%,930200
1996-09-05,65.50,65.77,65.02,65.02,38.950,-1.20%,616600
1996-09-06,65.25,66.17,65.14,65.94,39.502,+1.41%,804900
1996-09-09,66.19,66.73,66.08,66.72,39.970,+1.18%,719200
1996-09-10,66.62,66.91,66.38,66.69,39.952,-0.04%,669900
1996-09-11,66.56,67.12,66.41,67.06,40.176,+0.55%,713500
1996-09-12,67.25,67.73,67.16,67.53,40.457,+0.70%,713300
1996-09-13,68.31,68.62,68.12,68.56,41.075,+1.53%,2008800
1996-09-16,68.66,69.16,68.56,68.81,41.225,+0.36%,1220200
1996-09-17,68.88,68.98,68.23,68.66,41.131,-0.22%,604700
1996-09-18,68.56,68.75,68.22,68.48,41.028,-0.26%,225500
1996-09-19,68.38,68.80,68.28,68.75,41.187,+0.39%,410000
1996-09-20,68.59,68.78,68.38,68.64,41.333,-0.16%,948400
1996-09-23,68.47,68.75,68.16,68.62,41.323,-0.03%,466800
1996-09-24,68.56,69.25,68.31,68.61,41.314,-0.01%,1269800
1996-09-25,68.94,68.94,68.50,68.66,41.342,+0.07%,1353300
1996-09-26,68.75,69.19,68.39,68.62,41.323,-0.06%,773200
1996-09-27,68.72,68.72,68.38,68.69,41.361,+0.10%,407600
1996-09-30,68.78,69.06,68.58,68.62,41.323,-0.10%,578200
1996-10-01,68.70,69.05,68.44,69.00,41.549,+0.55%,561400
1996-10-02,69.25,69.59,69.16,69.47,41.831,+0.68%,609000
1996-10-03,69.50,69.53,69.20,69.41,41.794,-0.09%,342200
1996-10-04,69.69,70.34,69.50,70.34,42.358,+1.34%,754100
1996-10-07,70.31,70.62,70.25,70.42,42.405,+0.11%,235100
1996-10-08,70.45,70.69,70.02,70.14,42.236,-0.40%,386200
1996-10-09,70.25,70.38,69.52,69.59,41.907,-0.78%,528800
1996-10-10,69.59,69.86,69.38,69.45,41.822,-0.20%,1562200
1996-10-11,69.72,70.31,69.72,70.31,42.339,+1.24%,331300
1996-10-14,70.31,70.69,70.30,70.41,42.396,+0.14%,201600
1996-10-15,71.12,71.12,69.95,70.31,42.339,-0.14%,776900
1996-10-16,70.50,70.66,69.94,70.66,42.546,+0.50%,590100
1996-10-17,70.88,71.03,70.55,70.84,42.659,+0.25%,792500
1996-10-18,70.88,71.31,70.72,71.22,42.885,+0.54%,695800
1996-10-21,71.28,71.62,70.94,71.12,42.829,-0.14%,879200
1996-10-22,71.06,71.08,70.59,70.62,42.528,-0.70%,848900
1996-10-23,70.47,70.89,70.19,70.86,42.669,+0.34%,735900
1996-10-24,70.86,70.98,70.22,70.25,42.302,-0.86%,379300
1996-10-25,70.23,70.56,70.12,70.31,42.339,+0.09%,568300
1996-10-28,70.38,70.73,69.81,69.84,42.057,-0.67%,975400
1996-10-29,70.06,70.58,69.70,70.41,42.396,+0.82%,815900
1996-10-30,70.62,70.62,70.09,70.17,42.255,-0.34%,495400
1996-10-31,70.27,70.88,70.19,70.84,42.659,+0.95%,726300
1996-11-01,70.98,71.16,70.27,70.59,42.509,-0.35%,821300
1996-11-04,70.69,71.06,70.53,71.06,42.791,+0.67%,1608400
1996-11-05,71.30,71.80,71.28,71.47,43.036,+0.58%,764000
1996-11-06,71.59,72.88,71.53,72.84,43.864,+1.92%,1665000
1996-11-07,72.62,73.30,72.53,73.02,43.967,+0.25%,1446300
1996-11-08,73.03,73.44,72.75,73.42,44.212,+0.55%,1355700
1996-11-11,73.25,73.52,73.22,73.34,44.165,-0.11%,655900
1996-11-12,73.55,73.59,73.02,73.12,44.033,-0.30%,719900
1996-11-13,73.20,73.56,73.02,73.45,44.231,+0.45%,481900
1996-11-14,73.19,73.94,73.16,73.94,44.522,+0.67%,558800
1996-11-15,74.12,74.50,73.72,74.03,44.579,+0.12%,2250900
1996-11-18,74.17,74.25,73.73,74.05,44.588,+0.03%,1518200
1996-11-19,74.14,74.59,74.03,74.58,44.908,+0.72%,1029300
1996-11-20,74.56,75.02,74.31,74.70,44.983,+0.16%,730000
1996-11-21,74.80,74.84,74.38,74.59,44.917,-0.15%,653000
1996-11-22,74.70,75.25,74.70,75.17,45.266,+0.78%,965100
1996-11-25,75.25,76.16,75.08,76.12,45.840,+1.26%,2058800
1996-11-26,76.28,76.69,75.47,75.88,45.689,-0.32%,2861800
1996-11-27,76.06,76.19,75.64,75.73,45.604,-0.20%,872000
1996-11-29,76.00,76.22,75.86,76.02,45.774,+0.38%,1073400
1996-12-02,75.92,76.12,75.39,76.05,45.792,+0.04%,1350600
1996-12-03,76.06,76.58,74.75,74.75,45.012,-1.71%,1777800
1996-12-04,74.88,75.06,74.09,74.95,45.134,+0.27%,2365100
1996-12-05,74.84,75.14,74.53,74.75,45.012,-0.27%,1697700
1996-12-06,73.25,74.75,72.66,74.31,44.748,-0.59%,3401800
1996-12-09,74.69,75.42,74.58,75.41,45.407,+1.48%,1864600
1996-12-10,75.56,75.67,74.97,75.05,45.190,-0.48%,1331600
1996-12-11,73.62,74.62,73.31,74.36,44.776,-0.92%,1847900
1996-12-12,74.78,74.88,72.94,73.12,44.033,-1.67%,2540200
1996-12-13,73.06,73.58,72.41,73.31,44.146,+0.26%,1678300
1996-12-16,73.50,73.69,72.06,72.38,43.581,-1.27%,1831100
1996-12-17,72.16,73.28,71.88,72.95,43.930,+0.79%,2023200
1996-12-18,73.38,73.77,73.27,73.53,44.278,+0.80%,1666800
1996-12-19,74.19,75.12,73.89,75.05,45.190,+2.07%,2269300
1996-12-20,75.12,75.72,74.75,74.84,45.313,-0.28%,1543200
1996-12-23,75.09,75.20,74.33,74.66,45.199,-0.24%,1263700
1996-12-24,74.84,75.20,74.80,75.20,45.531,+0.72%,633000
1996-12-26,75.44,75.83,75.38,75.78,45.881,+0.77%,1384300
1996-12-27,75.78,76.03,75.50,75.88,45.937,+0.13%,410400
1996-12-30,76.12,76.12,75.16,75.22,45.540,-0.87%,694100
1996-12-31,75.28,75.38,73.84,73.84,44.708,-1.83%,1378100
1997-01-02,74.38,74.38,72.75,74.03,44.821,+0.26%,2031900
1997-01-03,74.38,75.12,74.08,75.09,45.464,+1.43%,2123200
1997-01-06,75.09,75.44,74.31,74.44,45.067,-0.87%,1374100
1997-01-07,74.44,75.47,74.12,75.34,45.616,+1.21%,939000
1997-01-08,75.75,75.78,74.69,74.69,45.218,-0.86%,1802200
1997-01-09,75.06,75.88,74.94,75.31,45.597,+0.83%,1415700
1997-01-10,74.25,76.25,74.25,76.12,46.089,+1.08%,2369500
1997-01-13,76.50,76.50,75.64,76.02,46.022,-0.13%,1364600
1997-01-14,76.69,77.39,76.50,76.97,46.600,+1.25%,2111200
1997-01-15,76.72,77.20,76.38,76.78,46.486,-0.25%,1583900
1997-01-16,77.03,77.30,76.50,77.09,46.675,+0.40%,1308400
1997-01-17,77.20,77.75,77.11,77.56,46.959,+0.61%,1604000
1997-01-20,77.75,78.09,77.47,77.66,47.016,+0.13%,1889900
1997-01-21,77.38,78.55,77.11,78.28,47.394,+0.80%,2785800
1997-01-22,78.31,78.84,77.88,78.84,47.735,+0.72%,1201600
1997-01-23,79.06,79.69,76.91,77.75,47.073,-1.38%,2601100
1997-01-24,77.88,77.91,76.75,76.75,46.467,-1.29%,2176000
1997-01-27,76.88,77.23,76.38,76.53,46.335,-0.29%,2108500
1997-01-28,77.62,77.84,76.00,76.75,46.467,+0.29%,4376000
1997-01-29,76.88,77.50,76.59,77.50,46.921,+0.98%,1122700
1997-01-30,77.88,78.53,77.41,78.50,47.527,+1.29%,2126300
1997-01-31,78.94,79.41,78.38,78.41,47.470,-0.11%,3208100
1997-02-03,78.72,78.89,78.36,78.64,47.612,+0.29%,755000
1997-02-04,78.75,79.20,78.44,79.12,47.905,+0.61%,654100
1997-02-05,79.23,79.47,77.12,77.64,47.006,-1.87%,2255400
1997-02-06,77.78,78.20,77.41,78.16,47.318,+0.67%,2483100
1997-02-07,78.81,79.25,77.78,79.22,47.962,+1.36%,2321000
1997-02-10,79.25,79.53,78.42,78.47,47.508,-0.95%,1670000
1997-02-11,78.78,79.38,78.12,79.38,48.056,+1.16%,1664300
1997-02-12,79.38,80.64,79.27,80.50,48.737,+1.41%,2675400
1997-02-13,80.81,81.56,80.69,81.38,49.267,+1.09%,1104800
1997-02-14,81.19,81.47,80.91,81.19,49.154,-0.23%,1112900
1997-02-18,81.34,81.94,80.75,81.88,49.570,+0.85%,833100
1997-02-19,81.66,82.00,81.16,81.33,49.239,-0.67%,648100
1997-02-20,81.03,81.36,80.16,80.34,48.643,-1.22%,1193900
1997-02-21,80.41,80.77,80.14,80.38,48.662,+0.05%,1844400
1997-02-24,79.97,81.38,79.97,81.33,49.239,+1.18%,787300
1997-02-25,81.41,81.53,80.88,81.39,49.277,+0.07%,1653900
1997-02-26,81.31,81.44,79.62,80.59,48.794,-0.98%,1597800
1997-02-27,80.81,80.81,79.38,79.39,48.066,-1.49%,1813100
1997-02-28,79.25,79.88,79.06,79.16,47.924,-0.29%,2961200
1997-03-03,78.75,79.75,78.69,79.69,48.246,+0.67%,1210400
1997-03-04,79.91,80.12,79.09,79.25,47.981,-0.55%,1478700
1997-03-05,79.72,80.59,79.45,80.59,48.794,+1.69%,1254800
1997-03-06,80.62,80.91,79.88,80.12,48.510,-0.58%,1528500
1997-03-07,80.44,81.16,80.25,80.84,48.946,+0.90%,1859300
1997-03-10,80.94,81.69,80.55,81.69,49.456,+1.05%,1074900
1997-03-11,81.75,81.80,81.25,81.25,49.192,-0.54%,624600
1997-03-12,81.31,81.34,80.30,80.53,48.756,-0.89%,1055600
1997-03-13,80.25,80.47,79.06,79.28,48.000,-1.55%,2514100
1997-03-14,79.64,80.03,79.25,79.69,48.246,+0.52%,1642700
1997-03-17,79.25,80.03,78.44,79.91,48.378,+0.28%,3013500
1997-03-18,80.00,80.11,78.72,79.05,47.858,-1.08%,1352500
1997-03-19,78.84,79.50,78.06,78.78,47.697,-0.34%,1510000
1997-03-20,78.75,79.00,77.88,78.38,47.451,-0.51%,1808200
1997-03-21,78.69,78.75,78.34,78.44,47.670,+0.08%,2810600
1997-03-24,78.50,79.58,78.09,79.53,48.335,+1.39%,2145600
1997-03-25,79.34,79.97,78.53,78.75,47.860,-0.98%,2125800
1997-03-26,79.06,79.66,78.69,79.09,48.069,+0.43%,1335300
1997-03-27,79.38,79.38,76.16,77.00,46.796,-2.64%,2898500
1997-03-31,76.91,77.12,75.25,75.38,45.809,-2.10%,4270700
1997-04-01,75.25,76.19,75.05,75.86,46.103,+0.64%,3210900
1997-04-02,75.62,75.94,74.44,74.50,45.277,-1.79%,2672700
1997-04-03,74.44,75.12,74.19,74.91,45.524,+0.55%,2284200
1997-04-04,74.50,75.86,74.16,75.84,46.094,+1.24%,3706700
1997-04-07,76.19,76.62,76.14,76.14,46.274,+0.40%,2596200
1997-04-08,76.12,76.78,75.84,76.69,46.606,+0.72%,1822700
1997-04-09,77.00,77.05,75.84,76.06,46.227,-0.82%,2453200
1997-04-10,76.09,76.55,75.69,75.78,46.056,-0.37%,1996500
1997-04-11,75.06,75.31,73.38,73.38,44.593,-3.17%,4221600
1997-04-14,73.73,74.45,73.31,74.36,45.191,+1.34%,3988500
1997-04-15,75.25,75.64,74.50,75.62,45.961,+1.69%,2760400
1997-04-16,75.38,76.61,75.25,76.50,46.492,+1.16%,2273300
1997-04-17,76.50,77.00,76.00,76.19,46.303,-0.41%,1386000
1997-04-18,76.81,76.98,76.25,76.56,46.530,+0.49%,1702100
1997-04-21,76.75,76.91,75.47,76.06,46.227,-0.65%,2809400
1997-04-22,76.11,77.73,76.00,77.73,47.243,+2.20%,3215000
1997-04-23,77.66,78.03,77.19,77.81,47.290,+0.10%,2047700
1997-04-24,78.05,78.28,76.88,77.42,47.053,-0.50%,2689900
1997-04-25,77.06,77.20,76.42,76.53,46.511,-1.15%,1606200
1997-04-28,76.50,77.81,76.38,77.28,46.967,+0.98%,1666500
1997-04-29,78.59,79.78,78.30,79.72,48.449,+3.16%,3197400
1997-04-30,79.25,80.69,79.22,80.09,48.676,+0.46%,3372200
1997-05-01,80.22,80.53,79.31,80.00,48.620,-0.11%,2149500
1997-05-02,80.28,81.67,80.06,81.44,49.493,+1.80%,1448300
1997-05-05,81.66,83.56,81.30,83.38,50.671,+2.38%,3636200
1997-05-06,82.97,83.47,82.50,83.31,50.633,-0.08%,1721100
1997-05-07,83.00,83.00,81.41,81.50,49.531,-2.17%,2327200
1997-05-08,81.31,83.22,81.19,82.06,49.873,+0.69%,2923700
1997-05-09,82.97,83.12,81.66,82.62,50.215,+0.68%,2558200
1997-05-12,82.94,84.25,82.88,84.00,51.051,+1.67%,2357900
1997-05-13,83.94,84.09,83.02,83.66,50.842,-0.40%,1195100
1997-05-14,84.23,84.50,83.44,83.81,50.937,+0.18%,2772000
1997-05-15,83.81,84.59,83.52,84.38,51.278,+0.68%,884100
1997-05-16,84.12,84.31,83.00,83.22,50.576,-1.37%,1934200
1997-05-19,83.31,83.91,83.06,83.47,50.728,+0.30%,1375800
1997-05-20,83.28,84.69,82.75,84.47,51.335,+1.20%,1756400
1997-05-21,84.69,84.98,83.66,84.28,51.221,-0.22%,1208000
1997-05-22,84.38,84.47,83.56,84.00,51.051,-0.33%,907600
1997-05-23,84.38,85.22,84.16,84.78,51.525,+0.93%,644400
1997-05-27,84.38,85.53,84.27,85.12,51.734,+0.40%,1531000
1997-05-28,85.12,85.45,84.52,85.11,51.725,-0.01%,716700
1997-05-29,85.09,85.25,84.50,84.61,51.421,-0.59%,1282700
1997-05-30,83.22,85.56,83.12,85.16,51.753,+0.65%,2143300
1997-06-02,85.34,85.50,84.72,84.78,51.525,-0.45%,1479100
1997-06-03,84.41,85.44,84.34,84.50,51.354,-0.33%,1562100
1997-06-04,84.53,84.75,84.08,84.41,51.297,-0.11%,1063100
1997-06-05,84.59,85.31,84.42,84.72,51.487,+0.37%,1180800
1997-06-06,84.59,86.44,84.59,86.38,52.494,+1.96%,1511100
1997-06-09,86.44,86.88,86.34,86.81,52.760,+0.50%,1823400
1997-06-10,86.84,87.41,86.50,87.08,52.921,+0.31%,1217500
1997-06-11,87.00,87.41,86.83,87.28,53.045,+0.23%,1673800
1997-06-12,87.88,89.00,87.56,88.97,54.070,+1.94%,4273300
1997-06-13,89.06,90.00,88.91,89.72,54.526,+0.84%,2132900
1997-06-16,89.75,90.00,89.47,89.75,54.545,+0.03%,800400
1997-06-17,89.44,90.23,88.94,89.62,54.469,-0.14%,2048100
1997-06-18,89.12,89.62,88.97,89.31,54.279,-0.35%,1971900
1997-06-19,89.61,90.50,89.38,90.23,54.839,+1.03%,2029900
1997-06-20,89.94,90.34,89.50,89.58,54.653,-0.72%,1396900
1997-06-23,89.41,89.91,87.34,87.41,53.328,-2.42%,3991500
1997-06-24,88.25,89.88,88.00,89.62,54.682,+2.53%,4895100
1997-06-25,89.48,90.25,87.94,89.00,54.301,-0.69%,4708900
1997-06-26,88.84,89.62,87.69,88.56,54.034,-0.49%,2569900
1997-06-27,88.97,89.72,88.69,88.91,54.243,+0.40%,2617900
1997-06-30,88.91,89.47,87.88,88.31,53.881,-0.67%,2384900
1997-07-01,88.50,89.56,88.39,89.34,54.510,+1.17%,1749000
1997-07-02,89.56,90.81,89.22,90.81,55.406,+1.65%,1961800
1997-07-03,91.88,92.16,91.47,92.06,56.169,+1.38%,2539100
1997-07-07,92.38,92.50,90.91,91.12,55.597,-1.02%,1158600
1997-07-08,91.25,92.19,91.19,92.08,56.179,+1.05%,3396500
1997-07-09,92.31,92.38,90.03,91.06,55.559,-1.11%,5390300
1997-07-10,91.12,91.84,90.48,91.47,55.807,+0.45%,2072200
1997-07-11,91.59,92.19,91.38,91.78,55.997,+0.34%,2258900
1997-07-14,91.89,92.31,91.22,92.06,56.169,+0.31%,3186400
1997-07-15,92.31,92.77,91.47,92.53,56.455,+0.51%,2983100
1997-07-16,93.12,94.09,92.89,93.75,57.199,+1.32%,2621300
1997-07-17,93.62,93.81,92.78,93.28,56.913,-0.50%,1794800
1997-07-18,93.02,93.22,91.06,91.30,55.702,-2.12%,3961900
1997-07-21,91.28,91.59,90.69,91.31,55.711,+0.01%,3810300
1997-07-22,91.69,93.80,91.62,93.73,57.189,+2.65%,4243400
1997-07-23,93.94,94.48,93.53,93.66,57.141,-0.07%,3204300
1997-07-24,93.94,94.27,92.69,94.09,57.408,+0.46%,4152700
1997-07-25,94.56,94.81,93.62,94.03,57.370,-0.06%,2364800
1997-07-28,94.25,94.56,93.50,93.97,57.332,-0.06%,2794700
1997-07-29,93.62,94.47,93.42,94.28,57.523,+0.33%,2737100
1997-07-30,94.50,95.62,94.41,95.41,58.209,+1.20%,4839800
1997-07-31,95.41,96.03,95.03,95.31,58.152,-0.10%,2138700
1997-08-01,95.50,95.72,93.81,94.94,57.923,-0.39%,7077700
1997-08-04,94.78,95.55,94.41,95.19,58.076,+0.26%,2339500
1997-08-05,95.09,95.69,94.91,95.25,58.114,+0.06%,1466700
1997-08-06,95.44,96.53,95.06,96.03,58.590,+0.82%,2478200
1997-08-07,96.50,96.62,95.12,95.31,58.152,-0.75%,3641900
1997-08-08,94.31,94.75,92.41,93.38,56.970,-2.02%,7113100
1997-08-11,93.75,94.28,92.62,94.06,57.389,+0.73%,6355900
1997-08-12,94.22,94.55,92.47,92.56,56.474,-1.59%,6132500
1997-08-13,93.69,93.84,91.47,92.28,56.302,-0.30%,6982300
1997-08-14,93.09,93.31,91.72,92.62,56.512,+0.37%,3462700
1997-08-15,92.12,92.12,89.62,89.78,54.777,-3.07%,4907100
1997-08-18,90.38,91.78,89.34,91.78,55.997,+2.23%,5638900
1997-08-19,92.22,92.91,91.53,92.84,56.646,+1.15%,3802800
1997-08-20,92.94,94.31,92.61,94.25,57.504,+1.52%,3564600
1997-08-21,94.12,94.25,92.09,92.59,56.493,-1.76%,5392600
1997-08-22,91.00,92.73,90.56,92.56,56.474,-0.03%,8087800
1997-08-25,92.78,93.41,91.84,92.22,56.264,-0.37%,3888000
1997-08-26,92.00,92.56,90.70,90.86,55.435,-1.47%,4290000
1997-08-27,91.00,91.97,90.41,91.41,55.769,+0.61%,5484300
1997-08-28,91.19,91.94,90.00,90.02,54.920,-1.52%,4287900
1997-08-29,90.12,91.11,89.72,90.38,55.139,+0.40%,2652300
1997-09-02,90.69,93.36,90.59,93.31,56.932,+3.24%,7294000
1997-09-03,93.30,94.00,92.75,92.81,56.627,-0.54%,2812500
1997-09-04,93.06,93.72,92.75,93.41,56.989,+0.65%,2473700
1997-09-05,93.97,94.44,92.59,93.14,56.827,-0.29%,3663300
1997-09-08,93.72,94.00,93.31,93.55,57.075,+0.44%,803500
1997-09-09,93.22,94.28,92.91,93.59,57.103,+0.04%,1885200
1997-09-10,93.12,93.50,91.66,91.66,55.921,-2.06%,3623700
1997-09-11,91.78,91.91,90.25,91.19,55.635,-0.51%,7055900
1997-09-12,92.00,92.97,90.94,92.66,56.531,+1.61%,6708000
1997-09-15,92.66,93.31,92.19,92.50,56.436,-0.17%,2060500
1997-09-16,93.31,95.28,93.03,94.81,57.847,+2.50%,6979000
1997-09-17,95.38,95.50,94.50,94.81,57.847,0.00%,2220000
1997-09-18,95.00,96.38,94.97,95.22,58.095,+0.43%,5045400
1997-09-19,94.66,95.36,94.41,95.03,58.193,-0.20%,1566400
1997-09-22,95.50,96.20,95.22,95.56,58.518,+0.56%,3259000
1997-09-23,95.56,95.70,94.75,95.12,58.250,-0.46%,1872800
1997-09-24,95.38,96.11,94.28,94.34,57.772,-0.82%,2793100
1997-09-25,94.25,94.75,93.62,93.69,57.370,-0.69%,6327800
1997-09-26,94.44,94.81,94.19,94.47,57.848,+0.83%,3995800
1997-09-29,94.50,95.56,94.16,95.38,58.403,+0.96%,2065000
1997-09-30,95.00,95.69,94.38,94.38,57.791,-1.05%,4137600
1997-10-01,95.25,95.81,94.78,95.62,58.556,+1.31%,3567500
1997-10-02,95.53,96.19,95.31,96.16,58.882,+0.56%,2577500
1997-10-03,97.47,97.75,95.34,96.64,59.178,+0.50%,6499900
1997-10-06,97.31,97.61,96.91,97.28,59.571,+0.66%,2272100
1997-10-07,97.53,98.50,97.20,98.19,60.126,+0.94%,1832800
1997-10-08,98.36,98.38,96.73,97.50,59.705,-0.70%,4439400
1997-10-09,96.78,97.61,96.22,97.16,59.494,-0.35%,3607600
1997-10-10,96.31,96.98,96.25,96.88,59.322,-0.29%,2858100
1997-10-13,97.34,97.55,96.72,96.97,59.379,+0.09%,1760300
1997-10-14,97.47,97.50,96.19,97.00,59.398,+0.03%,2235700
1997-10-15,96.31,97.06,96.28,96.78,59.264,-0.23%,2601700
1997-10-16,97.31,97.50,95.00,95.25,58.327,-1.58%,9488100
1997-10-17,95.02,95.38,93.00,94.28,57.734,-1.02%,8151300
1997-10-20,94.84,95.75,94.16,95.62,58.556,+1.42%,3636400
1997-10-21,96.22,97.50,96.03,97.48,59.695,+1.95%,5225400
1997-10-22,97.34,97.39,96.53,96.84,59.303,-0.66%,4485200
1997-10-23,94.94,95.75,94.28,94.94,58.135,-1.96%,8054100
1997-10-24,96.16,96.16,93.67,94.00,57.561,-0.99%,6778700
1997-10-27,93.02,93.94,86.84,87.19,53.390,-7.24%,10840700
1997-10-28,84.38,92.88,84.38,92.22,56.471,+5.77%,19548000
1997-10-29,92.50,93.75,91.28,91.97,56.318,-0.27%,10134400
1997-10-30,90.62,92.56,89.75,89.94,55.074,-2.21%,9772900
1997-10-31,91.81,92.50,90.44,92.06,56.375,+2.36%,7072700
1997-11-03,93.19,94.38,92.88,94.00,57.561,+2.11%,5548500
1997-11-04,93.88,94.44,93.28,94.00,57.561,0.00%,3455700
1997-11-05,94.19,95.28,93.84,94.31,57.753,+0.33%,4774900
1997-11-06,94.03,94.34,93.50,93.95,57.533,-0.38%,3679800
1997-11-07,92.38,93.25,91.44,92.94,56.911,-1.08%,10606800
1997-11-10,93.62,93.84,92.00,92.38,56.566,-0.60%,4347900
1997-11-11,92.69,93.06,92.03,92.41,56.585,+0.03%,3212400
1997-11-12,91.62,92.72,90.38,90.50,55.418,-2.07%,6775300
1997-11-13,91.47,92.16,90.09,91.81,56.222,+1.45%,8589600
1997-11-14,92.31,93.39,91.61,93.06,56.987,+1.36%,5827900
1997-11-17,94.38,95.31,94.03,94.78,58.040,+1.85%,5149900
1997-11-18,94.81,95.09,93.89,94.19,57.676,-0.62%,3433600
1997-11-19,93.69,95.06,92.75,94.66,57.963,+0.50%,4387900
1997-11-20,95.31,96.53,95.28,96.09,58.843,+1.51%,4822700
1997-11-21,96.62,96.81,95.66,96.75,59.245,+0.69%,5436500
1997-11-24,96.00,96.34,94.62,95.00,58.174,-1.81%,4337200
1997-11-25,95.62,95.81,94.66,95.25,58.327,+0.26%,4525000
1997-11-26,95.88,95.98,95.31,95.53,58.499,+0.29%,2681100
1997-11-28,95.75,96.25,95.59,95.62,58.556,+0.09%,1564700
1997-12-01,96.22,98.09,96.03,98.09,60.068,+2.58%,4850900
1997-12-02,97.69,97.98,97.25,97.50,59.705,-0.60%,1974900
1997-12-03,97.62,98.53,96.88,97.78,59.877,+0.29%,3302500
1997-12-04,98.50,98.72,97.38,97.69,59.819,-0.09%,2872500
1997-12-05,97.38,99.00,97.12,98.94,60.585,+1.28%,3458800
1997-12-08,98.97,99.00,98.25,98.66,60.413,-0.28%,2289200
1997-12-09,98.22,98.59,97.62,98.06,60.049,-0.61%,1703000
1997-12-10,97.56,97.84,96.47,97.22,59.532,-0.86%,3558400
1997-12-11,96.31,96.59,95.31,95.56,58.518,-1.71%,5072800
1997-12-12,96.44,96.50,94.91,95.75,58.633,+0.20%,4478400
1997-12-15,96.25,97.11,95.88,96.72,59.226,+1.01%,4674700
1997-12-16,97.22,97.81,96.88,97.31,59.590,+0.61%,2885800
1997-12-17,97.84,97.88,96.70,96.81,59.284,-0.51%,2236300
1997-12-18,96.94,96.94,95.22,95.88,58.710,-0.96%,4658300
1997-12-19,94.53,95.88,92.38,94.78,58.272,-1.15%,8556000
1997-12-22,95.44,95.91,94.56,95.39,58.647,+0.64%,5136800
1997-12-23,95.44,95.62,93.53,93.69,57.600,-1.78%,4436500
1997-12-24,94.44,94.44,93.25,93.41,57.427,-0.30%,2019200
1997-12-26,94.12,94.12,93.41,93.78,57.657,+0.40%,941800
1997-12-29,94.59,95.72,94.44,95.62,58.791,+1.96%,2080000
1997-12-30,95.94,97.25,95.84,97.12,59.713,+1.57%,3616000
1997-12-31,96.88,97.62,96.69,97.06,59.675,-0.06%,4359500
1998-01-02,97.31,97.66,96.53,97.56,59.982,+0.52%,2360900
1998-01-05,97.84,98.44,96.78,97.78,60.117,+0.23%,4191800
1998-01-06,97.25,97.28,96.19,96.22,59.156,-1.60%,3154900
1998-01-07,96.09,96.72,95.22,96.47,59.310,+0.26%,4424200
1998-01-08,96.31,96.31,95.38,95.62,58.791,-0.88%,3831000
1998-01-09,95.25,95.50,91.91,92.31,56.754,-3.46%,10258800
1998-01-12,91.12,94.19,90.91,94.00,57.792,+1.83%,12097900
1998-01-13,94.62,95.38,94.22,95.31,58.599,+1.39%,5224900
1998-01-14,95.69,95.97,94.72,95.75,58.868,+0.46%,3770400
1998-01-15,95.50,95.75,94.81,94.95,58.378,-0.84%,2875400
1998-01-16,96.25,96.69,95.66,96.31,59.214,+1.43%,4374800
1998-01-20,96.69,98.02,96.50,97.88,60.174,+1.63%,5091700
1998-01-21,97.22,97.69,96.16,96.94,59.598,-0.96%,4699400
1998-01-22,96.16,96.88,95.88,96.08,59.069,-0.89%,4543400
1998-01-23,96.50,96.78,95.00,95.94,58.983,-0.15%,6350300
1998-01-26,96.38,96.73,95.41,95.88,58.945,-0.06%,4362900
1998-01-27,95.81,97.50,95.66,96.84,59.540,+1.00%,7044200
1998-01-28,97.41,98.11,97.19,97.72,60.078,+0.91%,4268600
1998-01-29,97.84,99.56,97.56,98.25,60.405,+0.54%,8007700
1998-01-30,98.78,98.97,98.00,98.31,60.443,+0.06%,3649100
1998-02-02,99.91,100.50,99.75,99.94,61.442,+1.66%,5756300
1998-02-03,100.00,100.81,99.72,100.69,61.903,+0.75%,2759600
1998-02-04,100.28,101.16,99.94,100.56,61.827,-0.13%,3374000
1998-02-05,101.31,101.59,100.03,100.50,61.788,-0.06%,5076200
1998-02-06,101.00,101.62,100.69,101.62,62.480,+1.11%,5701200
1998-02-09,101.72,101.75,100.72,101.28,62.268,-0.33%,2322200
1998-02-10,101.44,102.47,101.19,102.25,62.864,+0.96%,3660400
1998-02-11,102.09,102.34,101.70,102.16,62.806,-0.09%,4073200
1998-02-12,101.72,102.94,100.88,102.59,63.075,+0.42%,5024700
1998-02-13,102.19,102.52,101.88,102.00,62.710,-0.58%,2101300
1998-02-17,102.81,103.09,102.16,102.50,63.018,+0.49%,3055500
1998-02-18,102.31,103.48,102.28,103.44,63.594,+0.92%,3007400
1998-02-19,103.25,103.41,102.75,102.89,63.258,-0.53%,3387800
1998-02-20,103.16,103.72,102.38,103.66,63.729,+0.75%,3707000
1998-02-23,104.25,104.25,103.34,104.06,63.978,+0.39%,3227800
1998-02-24,103.91,104.09,102.94,103.25,63.479,-0.78%,3386800
1998-02-25,103.75,104.88,103.62,104.53,64.267,+1.24%,3481800
1998-02-26,104.44,105.22,104.19,105.12,64.632,+0.56%,3187600
1998-02-27,104.97,105.53,104.53,105.12,64.632,0.00%,3442900
1998-03-02,105.25,105.75,104.62,104.91,64.497,-0.20%,4252300
1998-03-03,104.53,105.62,104.53,105.50,64.862,+0.56%,3349200
1998-03-04,105.09,105.41,104.44,104.81,64.439,-0.65%,4404100
1998-03-05,103.50,104.44,103.16,103.84,63.844,-0.93%,7268000
1998-03-06,104.56,105.94,104.44,105.94,65.131,+2.02%,6896300
1998-03-09,105.53,106.22,105.25,105.56,64.901,-0.36%,3362800
1998-03-10,106.22,106.84,105.94,106.56,65.515,+0.95%,5481900
1998-03-11,106.97,107.31,106.78,107.06,65.823,+0.47%,3439600
1998-03-12,107.09,107.59,106.50,107.50,66.092,+0.41%,3191300
1998-03-13,107.84,108.00,106.88,107.09,65.842,-0.38%,2879400
1998-03-16,107.84,108.38,107.53,108.25,66.553,+1.08%,3223600
1998-03-17,108.31,108.56,107.66,108.56,66.745,+0.29%,4581900
1998-03-18,108.25,108.97,108.03,108.97,66.995,+0.38%,1944100
1998-03-19,108.97,109.38,108.66,109.25,67.168,+0.26%,2554800
1998-03-20,109.56,110.19,108.88,109.88,67.745,+0.58%,3123300
1998-03-23,109.72,110.31,109.41,109.62,67.590,-0.24%,4453100
1998-03-24,110.06,110.81,109.94,110.56,68.168,+0.86%,3333600
1998-03-25,111.41,111.53,109.19,110.16,67.918,-0.36%,4597600
1998-03-26,109.88,110.75,109.62,110.09,67.879,-0.06%,3333500
1998-03-27,110.75,110.78,109.00,109.62,67.590,-0.43%,2611300
1998-03-30,109.62,110.09,108.97,109.56,67.552,-0.05%,3108700
1998-03-31,110.16,111.19,109.75,109.94,67.783,+0.35%,5926500
1998-04-01,110.31,111.08,109.41,110.83,68.332,+0.81%,2929000
1998-04-02,110.94,112.25,110.75,112.03,69.074,+1.08%,3920900
1998-04-03,112.34,112.81,111.84,112.59,69.421,+0.50%,3787600
1998-04-06,113.25,113.38,111.69,111.69,68.862,-0.80%,4550500
1998-04-07,111.75,111.94,110.16,110.94,68.400,-0.67%,5583700
1998-04-08,111.22,111.28,109.75,110.31,68.014,-0.57%,4854800
1998-04-09,110.56,111.28,110.53,111.19,68.554,+0.80%,4481200
1998-04-13,111.38,111.38,110.00,110.88,68.361,-0.28%,4350200
1998-04-14,111.12,111.81,110.91,111.81,68.939,+0.84%,3279100
1998-04-15,111.97,112.12,111.16,112.12,69.132,+0.28%,3867200
1998-04-16,111.31,111.50,110.50,110.81,68.323,-1.17%,7177900
1998-04-17,110.72,112.44,110.44,112.28,69.228,+1.33%,5688800
1998-04-20,112.00,112.56,111.88,112.25,69.209,-0.03%,3688300
1998-04-21,112.44,113.16,111.91,112.78,69.536,+0.47%,4573200
1998-04-22,112.88,113.44,112.81,113.09,69.729,+0.27%,2386100
1998-04-23,112.62,113.00,111.75,112.00,69.055,-0.96%,5062000
1998-04-24,111.75,112.47,110.34,110.81,68.323,-1.06%,11039700
1998-04-27,109.38,109.69,107.62,108.72,67.032,-1.89%,14510200
1998-04-28,109.78,109.81,108.12,108.56,66.935,-0.15%,6511400
1998-04-29,109.03,109.97,108.44,109.31,67.398,+0.69%,7703100
1998-04-30,110.56,111.92,110.41,111.34,68.650,+1.86%,8684500
1998-05-01,111.75,112.59,111.31,112.59,69.421,+1.12%,4008800
1998-05-04,112.72,113.31,112.16,112.31,69.247,-0.25%,4537200
1998-05-05,112.00,112.16,111.12,111.53,68.766,-0.69%,5146400
1998-05-06,112.12,112.12,110.19,110.22,67.957,-1.17%,5526100
1998-05-07,110.50,110.56,109.34,109.34,67.417,-0.80%,6940400
1998-05-08,110.00,111.38,110.00,111.12,68.515,+1.63%,7951000
1998-05-11,111.56,112.22,110.38,110.75,68.284,-0.33%,6336300
1998-05-12,110.81,111.97,110.34,111.94,69.016,+1.07%,6045200
1998-05-13,112.06,112.56,111.59,112.22,69.190,+0.25%,4441500
1998-05-14,111.53,112.69,111.34,111.66,68.843,-0.50%,4187500
1998-05-15,112.00,112.22,110.81,111.03,68.457,-0.56%,6716100
1998-05-18,110.72,111.59,109.83,110.59,68.188,-0.40%,4847200
1998-05-19,111.00,111.69,110.78,111.34,68.650,+0.68%,5918700
1998-05-20,112.09,112.50,110.88,112.41,69.305,+0.96%,5716600
1998-05-21,112.38,112.78,111.31,111.69,68.862,-0.64%,6301500
1998-05-22,111.75,112.06,110.94,111.25,68.592,-0.39%,4862200
1998-05-26,112.09,112.09,109.19,109.47,67.494,-1.60%,6899300
1998-05-27,108.53,109.91,107.58,109.62,67.590,+0.14%,10202600
1998-05-28,109.88,110.38,109.06,110.12,67.899,+0.46%,4907600
1998-05-29,110.62,110.81,109.03,109.03,67.224,-0.99%,4772600
1998-06-01,108.97,110.22,108.56,109.53,67.533,+0.46%,6092200
1998-06-02,110.00,110.34,109.16,109.62,67.590,+0.08%,6701100
1998-06-03,109.88,110.19,107.88,107.88,66.511,-1.59%,6445100
1998-06-04,108.25,110.06,108.06,109.88,67.745,+1.85%,6566300
1998-06-05,110.38,112.00,109.88,112.00,69.055,+1.93%,8463200
1998-06-08,111.94,112.47,111.66,111.88,68.978,-0.11%,4159900
1998-06-09,111.72,112.42,111.41,112.22,69.190,+0.30%,2725300
1998-06-10,111.62,113.06,111.25,111.50,68.747,-0.64%,6186900
1998-06-11,111.44,111.88,109.38,109.41,67.456,-1.87%,8056600
1998-06-12,109.88,110.44,108.25,110.44,68.091,+0.94%,9779000
1998-06-15,108.81,109.91,107.50,107.53,66.300,-2.63%,10234200
1998-06-16,108.41,109.22,107.75,109.19,67.321,+1.54%,7471500
1998-06-17,110.16,111.78,109.94,111.47,68.727,+2.09%,12057700
1998-06-18,111.19,111.44,110.75,110.97,68.419,-0.45%,3844600
1998-06-19,111.06,111.23,109.62,110.06,68.077,-0.82%,3549100
1998-06-22,110.25,111.06,110.06,110.59,68.406,+0.48%,5438300
1998-06-23,111.09,112.06,111.00,111.91,69.218,+1.19%,5004600
1998-06-24,112.16,113.69,111.61,113.41,70.145,+1.34%,8291900
1998-06-25,113.91,114.44,112.81,113.22,70.029,-0.17%,5854800
1998-06-26,113.31,113.84,113.12,113.69,70.319,+0.42%,4833100
1998-06-29,114.25,114.69,113.80,114.09,70.571,+0.35%,5953400
1998-06-30,113.91,114.19,113.06,113.31,70.087,-0.68%,4284800
1998-07-01,114.06,114.94,113.62,114.62,70.899,+1.16%,3489500
1998-07-02,114.72,114.88,114.25,114.84,71.035,+0.19%,3503900
1998-07-06,114.78,116.00,114.56,116.00,71.750,+1.01%,3144400
1998-07-07,115.98,116.12,115.28,115.78,71.614,-0.19%,4920700
1998-07-08,115.88,116.94,115.75,116.62,72.136,+0.73%,6875000
1998-07-09,116.28,116.72,115.62,115.84,71.653,-0.67%,6942500
1998-07-10,116.03,116.94,115.06,116.47,72.040,+0.54%,7849700
1998-07-13,116.56,116.84,116.06,116.50,72.059,+0.03%,6555100
1998-07-14,116.94,118.16,116.94,117.81,72.871,+1.12%,6983600
1998-07-15,118.06,118.28,117.53,117.59,72.736,-0.19%,4977500
1998-07-16,117.69,118.59,117.06,118.41,73.238,+0.70%,6315600
1998-07-17,118.62,119.00,118.31,118.56,73.335,+0.13%,3539500
1998-07-20,118.75,119.23,117.94,118.56,73.335,0.00%,2338400
1998-07-21,119.00,119.00,116.28,116.50,72.059,-1.74%,5518600
1998-07-22,116.34,116.98,115.53,116.50,72.059,0.00%,10417300
1998-07-23,116.31,116.59,113.91,114.19,70.629,-1.98%,15110900
1998-07-24,114.97,115.09,112.88,114.09,70.571,-0.09%,11540500
1998-07-27,113.62,115.00,112.84,114.91,71.073,+0.72%,9600000
1998-07-28,114.44,114.66,111.88,112.97,69.875,-1.69%,13693000
1998-07-29,113.72,114.12,112.25,112.53,69.604,-0.39%,7462400
1998-07-30,113.62,114.59,113.41,114.22,70.648,+1.50%,6821600
1998-07-31,114.34,114.50,111.31,111.78,69.140,-2.14%,7680500
1998-08-03,111.78,112.42,111.03,111.31,68.850,-0.42%,10486500
1998-08-04,112.22,112.22,107.00,107.00,66.183,-3.87%,15091600
1998-08-05,107.94,108.88,105.59,108.47,67.091,+1.37%,21718400
1998-08-06,108.12,109.50,107.56,108.94,67.381,+0.43%,13084400
1998-08-07,109.69,110.59,108.47,109.12,67.497,+0.17%,12083800
1998-08-10,108.75,109.66,108.19,108.50,67.111,-0.57%,6273000
1998-08-11,106.78,107.44,105.50,106.88,66.106,-1.49%,14287100
1998-08-12,107.75,108.88,107.50,108.69,67.227,+1.69%,11158400
1998-08-13,108.81,109.66,107.38,107.38,66.415,-1.21%,9073900
1998-08-14,108.34,108.72,105.78,106.12,65.642,-1.17%,8628500
1998-08-17,106.00,108.94,105.50,108.38,67.033,+2.13%,11290000
1998-08-18,109.00,110.59,108.78,110.38,68.271,+1.85%,7603900
1998-08-19,111.09,111.09,109.62,110.09,68.097,-0.26%,6258600
1998-08-20,109.69,110.41,109.16,109.44,67.691,-0.59%,7402800
1998-08-21,108.19,108.72,105.50,108.56,67.149,-0.80%,16685400
1998-08-24,109.25,109.94,108.31,109.25,67.575,+0.64%,7201700
1998-08-25,110.38,111.25,108.64,109.50,67.729,+0.23%,9688300
1998-08-26,108.28,109.62,107.75,108.88,67.343,-0.57%,9339700
1998-08-27,107.00,107.56,103.47,103.75,64.173,-4.71%,24887800
1998-08-28,104.97,105.72,102.16,103.38,63.941,-0.36%,23735900
1998-08-31,103.75,104.02,95.00,96.00,59.379,-7.14%,22563100
1998-09-01,96.06,100.56,93.62,100.06,61.892,+4.23%,24748500
1998-09-02,99.81,101.75,98.78,99.34,61.447,-0.72%,13843200
1998-09-03,97.62,99.38,96.75,98.56,60.964,-0.79%,17311300
1998-09-04,99.44,99.81,95.75,97.75,60.462,-0.82%,17783800
1998-09-08,100.88,103.00,99.81,103.00,63.709,+5.37%,14746500
1998-09-09,102.75,103.12,100.44,100.50,62.163,-2.43%,12109700
1998-09-10,98.44,99.34,96.81,98.50,60.925,-1.99%,19889300
1998-09-11,98.19,101.69,97.00,101.69,62.897,+3.24%,20379800
1998-09-14,102.88,104.45,102.09,103.44,63.979,+1.72%,10686800
1998-09-15,102.88,104.31,102.28,104.06,64.366,+0.60%,8337900
1998-09-16,104.75,105.25,103.16,105.00,64.946,+0.90%,11024900
1998-09-17,102.25,103.03,101.78,102.00,63.090,-2.86%,12945200
1998-09-18,102.38,102.41,101.09,102.09,63.370,+0.09%,7019200
1998-09-21,99.62,103.41,98.94,102.03,63.331,-0.06%,8834600
1998-09-22,103.50,103.66,102.16,102.88,63.855,+0.83%,7270100
1998-09-23,103.88,107.00,103.78,107.00,66.415,+4.00%,13688500
1998-09-24,106.31,106.81,103.25,104.38,64.786,-2.45%,11129500
1998-09-25,103.12,105.42,102.62,104.25,64.708,-0.12%,10247400
1998-09-28,105.31,106.31,104.25,105.19,65.290,+0.90%,8847800
1998-09-29,105.38,105.94,103.38,104.94,65.135,-0.24%,10618100
1998-09-30,103.50,104.31,101.38,101.75,63.157,-3.04%,7908400
1998-10-01,100.03,101.55,98.09,98.81,61.333,-2.89%,13335600
1998-10-02,98.88,100.88,97.22,100.72,62.517,+1.93%,14351800
1998-10-05,99.59,99.97,96.34,98.69,61.256,-2.02%,12807200
1998-10-06,100.75,101.28,97.53,98.59,61.198,-0.10%,12621000
1998-10-07,98.62,100.03,95.75,97.12,60.286,-1.49%,14348500
1998-10-08,94.56,96.75,92.22,96.59,59.956,-0.55%,20625000
1998-10-09,97.00,98.78,94.06,98.53,61.159,+2.01%,12708500
1998-10-12,100.62,101.44,99.69,99.97,62.051,+1.46%,9508500
1998-10-13,99.56,100.41,98.75,99.62,61.838,-0.35%,6256800
1998-10-14,98.94,101.81,98.84,100.56,62.420,+0.94%,8176900
1998-10-15,100.12,107.25,99.94,105.97,65.775,+5.38%,20541100
1998-10-16,106.12,106.75,105.00,106.00,65.795,+0.03%,16573900
1998-10-19,105.69,106.81,105.50,106.38,66.027,+0.36%,7915900
1998-10-20,107.56,108.80,106.09,107.00,66.415,+0.58%,14611600
1998-10-21,106.88,107.62,105.88,106.62,66.183,-0.36%,9178400
1998-10-22,106.78,108.47,106.16,108.22,67.172,+1.50%,8277500
1998-10-23,107.97,108.00,106.78,106.84,66.318,-1.28%,6237200
1998-10-26,107.72,108.47,106.78,107.62,66.803,+0.73%,5838600
1998-10-27,108.44,108.97,106.28,107.00,66.415,-0.58%,10089700
1998-10-28,106.56,107.53,106.03,106.81,66.299,-0.18%,5650600
1998-10-29,107.09,109.44,106.62,109.41,67.909,+2.43%,9625600
1998-10-30,110.12,110.91,109.50,110.00,68.278,+0.54%,9872800
1998-11-02,110.81,111.88,110.19,111.88,69.441,+1.71%,6501400
1998-11-03,111.59,111.81,110.75,111.06,68.937,-0.73%,6866000
1998-11-04,112.47,113.09,111.09,112.25,69.674,+1.07%,8233600
1998-11-05,111.53,113.94,111.12,113.78,70.625,+1.36%,6841500
1998-11-06,113.47,114.56,113.31,114.12,70.838,+0.30%,5224800
1998-11-09,113.94,114.25,112.50,113.31,70.334,-0.71%,6188700
1998-11-10,113.00,113.94,112.25,113.00,70.140,-0.27%,14015200
1998-11-11,113.81,114.00,111.89,112.25,69.674,-0.66%,10922400
1998-11-12,112.31,113.12,111.69,112.12,69.597,-0.12%,5457400
1998-11-13,112.22,113.22,112.12,113.22,70.275,+0.98%,5524600
1998-11-16,114.22,114.36,112.89,114.06,70.799,+0.74%,6023700
1998-11-17,113.66,115.62,113.00,114.06,70.799,0.00%,9058900
1998-11-18,114.31,115.00,113.50,114.75,71.226,+0.60%,4567700
1998-11-19,115.28,115.91,114.62,115.75,71.847,+0.87%,5249300
1998-11-20,116.36,116.75,115.84,116.62,72.390,+0.75%,5562000
1998-11-23,117.47,119.62,117.16,119.38,74.097,+2.37%,7151300
1998-11-24,119.00,119.66,118.45,118.62,73.631,-0.64%,5323700
1998-11-25,118.94,119.19,118.22,118.62,73.631,0.00%,4393500
1998-11-27,119.47,119.72,119.02,119.50,74.174,+0.74%,4557900
1998-11-30,119.02,119.38,116.12,116.12,72.079,-2.83%,8705400
1998-12-01,116.12,118.03,115.22,117.62,73.010,+1.29%,8950600
1998-12-02,117.22,117.91,116.00,117.28,72.797,-0.29%,7495500
1998-12-03,117.25,118.31,115.09,115.34,71.594,-1.65%,12145300
1998-12-04,116.62,118.50,116.50,118.38,73.476,+2.64%,10339500
1998-12-07,118.06,119.47,118.00,118.94,73.825,+0.47%,4290000
1998-12-08,118.53,119.75,117.50,118.41,73.495,-0.45%,10102600
1998-12-09,118.69,118.97,117.88,118.62,73.631,+0.18%,5327900
1998-12-10,118.84,118.84,116.72,116.89,72.555,-1.46%,5966600
1998-12-11,116.44,117.34,115.56,117.12,72.700,+0.20%,8198200
1998-12-14,116.16,116.41,113.75,113.75,70.605,-2.88%,9521400
1998-12-15,114.69,116.75,114.53,116.69,72.428,+2.58%,9631500
1998-12-16,117.12,117.12,115.75,116.53,72.331,-0.14%,7260000
1998-12-17,117.22,118.59,117.03,118.39,73.486,+1.60%,6914700
1998-12-18,118.31,119.12,117.88,118.50,73.797,+0.09%,4802400
1998-12-21,119.25,121.34,119.00,120.16,74.828,+1.40%,8580700
1998-12-22,120.41,121.22,119.19,120.69,75.159,+0.44%,5461100
1998-12-23,121.19,123.22,120.81,123.22,76.735,+2.10%,7791000
1998-12-24,123.16,123.25,122.50,122.69,76.405,-0.43%,1507100
1998-12-28,123.25,123.31,122.00,122.38,76.210,-0.25%,4203600
1998-12-29,122.72,124.48,122.12,124.31,77.417,+1.58%,3935800
1998-12-30,123.94,124.75,123.03,123.31,76.794,-0.80%,6810700
1998-12-31,123.31,123.94,122.47,123.31,76.794,0.00%,6790500
1999-01-04,123.38,125.22,121.72,123.03,76.619,-0.23%,9450400
1999-01-05,122.94,124.88,122.94,124.44,77.494,+1.15%,8031000
1999-01-06,125.81,127.75,125.75,127.44,79.363,+2.41%,7737700
1999-01-07,126.38,127.22,125.78,126.81,78.973,-0.49%,5504900
1999-01-08,128.19,128.50,125.97,127.75,79.557,+0.74%,6224400
1999-01-11,127.69,127.69,125.22,126.53,78.798,-0.95%,7578300
1999-01-12,126.22,126.22,123.75,124.25,77.378,-1.80%,7768800
1999-01-13,120.41,125.12,120.38,123.38,76.833,-0.70%,10810600
1999-01-14,123.62,123.91,120.91,121.22,75.490,-1.75%,11400700
1999-01-15,122.38,124.78,122.06,124.38,77.455,+2.61%,7817700
1999-01-19,125.30,125.62,123.50,125.19,77.961,+0.65%,6535100
1999-01-20,126.09,127.94,125.03,126.19,78.584,+0.80%,6534400
1999-01-21,125.58,125.84,122.59,122.84,76.502,-2.65%,6937500
1999-01-22,122.12,123.84,121.78,122.56,76.327,-0.23%,7522300
1999-01-25,123.28,124.00,121.91,123.81,77.105,+1.02%,5700300
1999-01-26,124.12,126.06,123.62,126.06,78.506,+1.82%,6047000
1999-01-27,126.38,126.62,124.16,124.59,77.592,-1.17%,7399400
1999-01-28,125.25,126.97,125.19,126.69,78.896,+1.69%,5961700
1999-01-29,127.34,128.30,125.41,127.66,79.499,+0.77%,6456800
1999-02-01,128.69,128.69,126.91,126.91,79.032,-0.59%,9426800
1999-02-02,127.08,127.22,124.77,126.12,78.545,-0.62%,9194500
1999-02-03,125.69,127.94,125.66,127.41,79.343,+1.02%,10290700
1999-02-04,127.38,127.50,124.78,125.50,78.156,-1.50%,7761100
1999-02-05,125.66,125.66,123.22,124.06,77.261,-1.15%,7516100
1999-02-08,125.09,125.09,123.34,124.31,77.417,+0.20%,8528400
1999-02-09,124.38,124.50,121.52,121.53,75.684,-2.24%,8985700
1999-02-10,122.12,123.00,121.33,122.31,76.171,+0.64%,6936700
1999-02-11,123.06,126.09,122.50,125.12,77.922,+2.30%,9181800
1999-02-12,124.81,125.50,122.62,123.62,76.988,-1.20%,10676600
1999-02-16,124.75,125.62,122.88,122.88,76.521,-0.60%,6915500
1999-02-17,123.19,125.36,122.25,122.75,76.443,-0.11%,7858100
1999-02-18,123.19,124.38,122.22,123.72,77.047,+0.79%,9048900
1999-02-19,124.00,125.75,123.38,124.25,77.378,+0.43%,5312200
1999-02-22,124.44,127.72,124.28,127.56,79.440,+2.66%,10695800
1999-02-23,127.59,128.50,126.59,127.50,79.402,-0.05%,7770700
1999-02-24,127.84,128.84,125.00,125.25,78.000,-1.76%,7271000
1999-02-25,124.53,125.28,122.69,124.06,77.261,-0.95%,11633000
1999-02-26,124.75,124.84,122.81,123.56,76.949,-0.40%,9621300
1999-03-01,123.66,124.31,122.38,123.91,77.163,+0.28%,7607200
1999-03-02,124.50,125.31,122.31,122.81,76.482,-0.89%,9651500
1999-03-03,123.09,123.56,121.78,123.47,76.891,+0.54%,7881400
1999-03-04,124.06,125.48,123.27,125.03,77.864,+1.26%,8256400
1999-03-05,127.50,128.12,126.56,127.55,79.431,+2.02%,10703100
1999-03-08,128.28,128.80,127.25,128.38,79.946,+0.65%,4802200
1999-03-09,128.12,129.94,127.75,128.06,79.752,-0.25%,7893400
1999-03-10,128.47,129.25,127.78,129.19,80.452,+0.88%,3950000
1999-03-11,129.69,131.19,128.88,130.62,81.348,+1.11%,6583700
1999-03-12,131.00,131.03,129.22,129.38,80.569,-0.95%,5286500
1999-03-15,129.94,131.25,129.50,131.22,81.717,+1.42%,5394400
1999-03-16,131.12,131.66,130.47,130.72,81.406,-0.38%,4547500
1999-03-17,130.69,130.94,129.62,130.16,81.056,-0.43%,4524100
1999-03-18,129.78,132.38,129.75,132.25,82.360,+1.61%,3506300
1999-03-19,132.31,132.62,129.69,129.69,80.963,-1.94%,5526700
1999-03-22,130.06,130.59,129.42,129.94,81.119,+0.19%,4603800
1999-03-23,129.31,129.53,125.70,126.19,78.778,-2.89%,9713800
1999-03-24,126.84,127.17,125.62,126.91,79.227,+0.57%,6280900
1999-03-25,128.06,129.50,127.75,129.50,80.846,+2.04%,6639600
1999-03-26,128.62,129.12,127.72,128.56,80.261,-0.73%,6159700
1999-03-29,129.16,131.44,129.16,131.16,81.880,+2.02%,5863900
1999-03-30,129.94,131.22,129.56,130.47,81.451,-0.53%,5401400
1999-03-31,131.16,131.61,128.31,128.38,80.144,-1.60%,7413600
1999-04-01,129.69,129.69,128.12,129.34,80.748,+0.75%,7683600
1999-04-05,130.94,132.59,130.25,132.41,82.660,+2.37%,5791100
1999-04-06,132.19,132.98,131.16,132.09,82.465,-0.24%,5381300
1999-04-07,132.69,133.38,131.38,133.16,83.129,+0.81%,6248600
1999-04-08,133.19,134.94,132.28,134.84,84.182,+1.26%,5909100
1999-04-09,134.44,135.50,133.59,134.88,84.202,+0.03%,4365800
1999-04-12,133.47,136.41,133.22,136.31,85.099,+1.06%,8213200
1999-04-13,136.25,136.47,134.50,135.44,84.553,-0.64%,10071400
1999-04-14,136.06,136.06,132.69,133.16,83.129,-1.68%,11551700
1999-04-15,133.44,133.56,131.00,132.66,82.816,-0.38%,11150000
1999-04-16,132.91,132.91,131.19,131.53,82.114,-0.85%,6476200
1999-04-19,132.69,134.53,128.38,129.50,80.846,-1.54%,12487200
1999-04-20,129.81,131.19,129.00,131.12,81.860,+1.25%,9049600
1999-04-21,131.06,135.62,130.41,134.88,84.202,+2.87%,5772200
1999-04-22,135.12,136.38,134.39,136.16,85.001,+0.95%,6897400
1999-04-23,135.88,136.75,135.00,135.81,84.787,-0.26%,4593100
1999-04-26,136.50,136.81,135.47,136.59,85.275,+0.57%,3606500
1999-04-27,137.12,137.50,135.84,137.25,85.684,+0.48%,5147200
1999-04-28,136.44,137.25,135.00,135.38,84.514,-1.36%,5544300
1999-04-29,135.56,136.06,133.81,134.34,83.870,-0.77%,9824300
1999-04-30,135.09,135.62,131.50,133.25,83.187,-0.81%,10991900
1999-05-03,133.44,135.84,133.09,135.69,84.709,+1.83%,10709700
1999-05-04,135.12,135.81,133.12,133.75,83.499,-1.43%,10509300
1999-05-05,133.94,135.06,131.84,134.81,84.163,+0.79%,10032300
1999-05-06,134.44,135.12,132.38,133.98,83.645,-0.62%,13507200
1999-05-07,134.50,135.12,133.44,135.00,84.280,+0.76%,8680700
1999-05-10,134.84,135.72,133.53,134.33,83.860,-0.50%,5580100
1999-05-11,135.31,136.88,134.72,135.69,84.709,+1.01%,7000600
1999-05-12,135.75,137.22,131.50,136.75,85.372,+0.78%,13865800
1999-05-13,137.25,138.00,136.81,137.34,85.743,+0.43%,4485700
1999-05-14,134.56,135.88,133.50,133.78,83.519,-2.59%,8370100
1999-05-17,133.62,134.48,132.38,134.19,83.772,+0.31%,6268100
1999-05-18,134.53,134.98,132.62,133.94,83.616,-0.19%,8218600
1999-05-19,134.47,135.00,133.25,134.91,84.221,+0.72%,5052400
1999-05-20,135.12,135.59,134.06,134.09,83.714,-0.61%,4670400
1999-05-21,134.12,134.69,132.59,133.34,83.246,-0.56%,6418200
1999-05-24,133.84,133.84,130.39,131.12,81.860,-1.66%,7952000
1999-05-25,131.38,132.34,128.44,129.00,80.534,-1.62%,15406400
1999-05-26,129.31,131.00,128.09,130.44,81.431,+1.12%,12575900
1999-05-27,129.84,130.28,128.00,128.56,80.261,-1.44%,14515400
1999-05-28,129.00,130.75,128.59,130.20,81.285,+1.28%,8748000
1999-06-01,130.12,130.16,128.38,129.75,81.002,-0.35%,6705300
1999-06-02,129.75,130.19,128.02,129.88,81.080,+0.10%,6981900
1999-06-03,130.69,130.88,129.78,130.59,81.529,+0.55%,6076600
1999-06-04,131.47,133.36,130.94,133.22,83.168,+2.01%,9787200
1999-06-07,133.44,134.19,132.91,133.56,83.382,+0.26%,5299100
1999-06-08,133.38,133.80,131.59,132.25,82.563,-0.98%,4895700
1999-06-09,132.41,133.09,131.81,132.12,82.485,-0.10%,7409700
1999-06-10,131.44,131.47,129.59,130.91,81.724,-0.92%,7040700
1999-06-11,131.22,132.22,129.09,129.81,81.041,-0.84%,12824800
1999-06-14,130.69,130.75,129.55,129.94,81.119,+0.10%,6823500
1999-06-15,130.47,131.66,130.08,130.81,81.665,+0.67%,5700900
1999-06-16,132.38,133.88,132.38,133.31,83.226,+1.91%,7865800
1999-06-17,132.88,135.56,132.62,134.56,84.006,+0.94%,8162800
1999-06-18,134.06,134.69,133.38,134.31,84.103,-0.19%,2875100
1999-06-21,134.47,135.25,133.66,134.62,84.299,+0.23%,4646400
1999-06-22,134.00,135.19,133.50,133.69,83.712,-0.69%,5862400
1999-06-23,133.00,133.62,132.12,133.03,83.301,-0.49%,9629200
1999-06-24,132.88,132.94,130.66,132.03,82.675,-0.75%,9176900
1999-06-25,132.59,133.02,131.25,131.70,82.469,-0.25%,4087000
1999-06-28,132.69,133.62,132.50,133.31,83.477,+1.22%,5028900
1999-06-29,133.00,135.19,132.78,134.56,84.260,+0.94%,6956200
1999-06-30,134.62,137.50,133.84,137.00,85.786,+1.81%,16856100
1999-07-01,137.00,138.50,136.06,138.03,86.432,+0.75%,9939500
1999-07-02,138.12,139.50,137.91,139.41,87.293,+1.00%,3772800
1999-07-06,139.25,140.75,138.59,139.38,87.273,-0.02%,11221100
1999-07-07,139.06,139.72,138.52,139.56,87.391,+0.13%,3230700
1999-07-08,139.06,140.62,138.75,139.67,87.459,+0.08%,7101500
1999-07-09,140.00,140.59,139.56,140.50,87.978,+0.59%,2976800
1999-07-12,140.94,140.94,139.50,139.88,87.586,-0.44%,4436300
1999-07-13,139.38,139.92,138.66,139.38,87.273,-0.36%,6477600
1999-07-14,140.00,140.22,138.75,140.16,87.762,+0.56%,4382500
1999-07-15,140.78,141.38,140.31,141.05,88.320,+0.63%,3348600
1999-07-16,141.25,142.16,140.75,141.81,88.800,+0.54%,2281500
1999-07-19,142.19,142.25,140.56,140.88,88.212,-0.66%,4287000
1999-07-20,140.12,140.41,137.53,137.98,86.402,-2.06%,7060100
1999-07-21,138.09,138.91,137.31,137.83,86.305,-0.11%,4793700
1999-07-22,137.44,138.00,135.47,136.02,85.170,-1.31%,7804100
1999-07-23,136.66,137.00,135.12,135.75,85.003,-0.20%,4603000
1999-07-26,134.88,136.12,134.62,134.75,84.377,-0.74%,4333400
1999-07-27,136.00,137.20,135.38,135.88,85.082,+0.84%,5908500
1999-07-28,136.25,137.31,135.59,136.31,85.356,+0.32%,3955500
1999-07-29,134.94,135.25,133.31,134.41,84.162,-1.39%,7760600
1999-07-30,134.81,135.34,132.56,132.75,83.125,-1.24%,5994300
1999-08-02,132.75,134.75,132.50,133.06,83.320,+0.23%,6065500
1999-08-03,133.72,133.84,131.38,132.44,82.929,-0.47%,5445400
1999-08-04,132.72,133.88,130.44,130.62,81.794,-1.37%,6497900
1999-08-05,130.88,131.94,128.84,131.81,82.538,+0.91%,10322000
1999-08-06,131.22,132.00,129.50,130.38,81.638,-1.08%,7537700
1999-08-09,130.59,131.80,129.75,130.09,81.461,-0.22%,5565900
1999-08-10,129.88,130.16,127.00,128.66,80.561,-1.10%,9793300
1999-08-11,129.69,130.53,128.62,130.22,81.540,+1.21%,8003400
1999-08-12,130.69,131.81,129.91,130.14,81.491,-0.06%,7036800
1999-08-13,131.62,133.25,131.12,133.16,83.379,+2.32%,5857700
1999-08-16,133.12,133.97,132.25,133.75,83.751,+0.44%,3927000
1999-08-17,134.44,134.84,133.12,134.62,84.299,+0.65%,4808000
1999-08-18,134.20,134.38,133.25,133.66,83.692,-0.71%,4355500
1999-08-19,132.38,133.23,131.69,132.56,83.007,-0.82%,6448100
1999-08-20,133.06,134.12,132.69,133.91,83.849,+1.02%,3663700
1999-08-23,134.81,136.55,134.66,136.47,85.453,+1.91%,5637800
1999-08-24,136.06,137.97,135.38,136.97,85.766,+0.37%,9279500
1999-08-25,137.19,138.78,136.16,138.38,86.647,+1.03%,6005300
1999-08-26,138.28,138.42,136.50,136.72,85.610,-1.20%,4322300
1999-08-27,136.88,137.06,135.06,135.06,84.573,-1.21%,6247400
1999-08-30,135.34,135.50,132.00,132.56,83.007,-1.85%,4652000
1999-08-31,132.94,133.75,130.88,132.06,82.694,-0.38%,11453700
1999-09-01,132.94,133.73,132.31,133.69,83.712,+1.23%,6863900
1999-09-02,132.12,132.67,130.66,132.11,82.724,-1.18%,10896300
1999-09-03,134.88,136.50,134.69,135.97,85.140,+2.92%,9160800
1999-09-07,136.06,136.62,135.22,135.47,84.827,-0.37%,4560800
1999-09-08,134.84,136.06,134.03,134.81,84.416,-0.49%,6159600
1999-09-09,134.75,135.25,133.69,134.75,84.377,-0.04%,6177800
1999-09-10,136.25,136.36,134.94,135.88,85.082,+0.84%,2934500
1999-09-13,135.12,135.47,134.50,134.95,84.504,-0.68%,2320500
1999-09-14,134.06,134.56,133.38,134.06,83.947,-0.66%,3736000
1999-09-15,135.44,135.44,131.88,131.94,82.616,-1.58%,6984500
1999-09-16,132.50,132.81,130.31,132.45,82.939,+0.39%,15377600
1999-09-17,132.62,133.94,132.16,133.75,83.984,+0.98%,8542300
1999-09-20,133.94,134.00,133.09,133.56,83.866,-0.14%,2803900
1999-09-21,132.25,132.47,130.16,130.75,82.100,-2.10%,9335200
1999-09-22,131.25,131.84,129.75,130.61,82.012,-0.11%,13009100
1999-09-23,131.81,131.81,127.62,127.88,80.295,-2.09%,12204100
1999-09-24,127.75,128.38,126.31,127.75,80.217,-0.10%,13792900
1999-09-27,128.75,129.75,128.28,128.59,80.746,+0.66%,6970300
1999-09-28,127.94,128.81,125.56,128.34,80.589,-0.19%,11063400
1999-09-29,128.44,129.12,126.75,126.81,79.628,-1.19%,7580300
1999-09-30,127.44,129.44,126.97,128.75,80.844,+1.53%,7498900
1999-10-01,127.94,128.56,126.62,128.47,80.668,-0.22%,11127100
1999-10-04,129.19,130.88,128.75,130.75,82.100,+1.77%,6341600
1999-10-05,130.72,131.97,128.69,130.62,82.022,-0.10%,11976000
1999-10-06,130.75,132.81,130.69,132.62,83.278,+1.53%,10308200
1999-10-07,132.86,133.00,131.50,131.88,82.807,-0.56%,6535600
1999-10-08,131.75,133.88,131.23,133.88,84.063,+1.52%,9674300
1999-10-11,133.59,134.12,133.31,133.66,83.925,-0.16%,4282000
1999-10-12,133.12,133.31,131.19,131.59,82.630,-1.55%,8686100
1999-10-13,130.69,131.31,128.19,128.19,80.491,-2.58%,10469300
1999-10-14,128.48,129.19,126.75,128.16,80.472,-0.02%,10562200
1999-10-15,126.00,126.75,124.50,124.88,78.411,-2.56%,14238700
1999-10-18,124.94,125.94,123.44,125.78,78.980,+0.72%,9758800
1999-10-19,127.19,128.25,125.94,127.00,79.746,+0.97%,14392900
1999-10-20,127.75,129.47,127.12,128.25,80.530,+0.98%,9759400
1999-10-21,127.22,129.00,126.62,129.00,81.001,+0.58%,9105400
1999-10-22,129.75,131.22,129.56,130.09,81.688,+0.84%,8309600
1999-10-25,129.31,130.47,128.75,129.44,81.276,-0.50%,8114300
1999-10-26,130.19,130.69,127.81,127.81,80.256,-1.26%,6256300
1999-10-27,128.38,130.31,128.25,130.12,81.708,+1.81%,5433300
1999-10-28,132.44,134.86,132.19,134.56,84.494,+3.41%,10509700
1999-10-29,135.84,137.69,135.72,137.00,86.025,+1.81%,10988600
1999-11-01,136.50,137.00,135.56,135.56,85.122,-1.05%,4006500
1999-11-02,135.97,137.25,134.59,134.59,84.514,-0.72%,6516900
1999-11-03,136.00,136.38,135.12,135.50,85.083,+0.68%,7222300
1999-11-04,136.75,137.36,135.77,136.53,85.730,+0.76%,7907500
1999-11-05,138.62,139.11,136.78,137.88,86.574,+0.99%,7431500
1999-11-08,137.00,138.38,136.75,138.00,86.653,+0.09%,4649200
1999-11-09,138.50,138.69,136.28,136.70,85.838,-0.94%,4533700
1999-11-10,136.25,138.39,136.08,137.72,86.476,+0.75%,6405600
1999-11-11,138.19,138.50,137.47,138.50,86.967,+0.57%,4794100
1999-11-12,139.25,139.98,137.12,139.75,87.752,+0.90%,11802900
1999-11-15,139.84,140.25,139.41,140.08,87.958,+0.24%,2187500
1999-11-16,140.56,143.00,140.09,141.25,88.693,+0.84%,7544800
1999-11-17,142.25,142.94,141.31,141.62,88.929,+0.26%,9459000
1999-11-18,142.44,143.00,141.62,142.62,89.557,+0.71%,4491000
1999-11-19,142.41,142.97,142.00,142.50,89.478,-0.08%,4832100
1999-11-22,142.44,143.00,141.50,142.47,89.459,-0.02%,4155400
1999-11-23,142.84,142.84,140.38,141.22,88.674,-0.88%,5918000
1999-11-24,140.75,142.44,140.00,141.97,89.145,+0.53%,4459700
1999-11-26,142.47,142.88,141.25,141.44,88.811,-0.37%,1693900
1999-11-29,140.88,141.92,140.44,140.94,88.497,-0.35%,7348600
1999-11-30,140.75,142.31,139.00,139.28,87.457,-1.18%,7682000
1999-12-01,139.31,140.50,139.00,140.41,88.164,+0.81%,6980200
1999-12-02,140.62,141.38,140.38,141.25,88.693,+0.60%,6698300
1999-12-03,143.03,145.34,143.03,143.84,90.322,+1.83%,10045400
1999-12-06,143.53,143.72,142.25,142.78,89.655,-0.74%,3138900
1999-12-07,143.28,143.31,141.38,141.62,88.929,-0.81%,10714200
1999-12-08,141.34,142.06,140.50,140.72,88.360,-0.64%,4611400
1999-12-09,141.81,142.22,139.38,141.41,88.792,+0.49%,6474700
1999-12-10,142.28,142.81,140.88,141.88,89.086,+0.33%,5127300
1999-12-13,141.44,142.72,141.28,142.12,89.243,+0.17%,4210800
1999-12-14,141.62,142.48,140.62,140.75,88.379,-0.96%,5739000
1999-12-15,140.38,142.20,140.03,141.50,88.850,+0.53%,6879100
1999-12-16,142.19,142.66,141.16,142.12,89.243,+0.44%,5854900
1999-12-17,143.00,143.31,142.06,142.69,89.814,+0.40%,4775400
1999-12-20,142.56,143.19,141.09,141.66,89.165,-0.72%,4608700
1999-12-21,141.59,144.06,141.34,143.81,90.522,+1.52%,7981300
1999-12-22,143.62,144.19,142.97,144.19,90.758,+0.26%,5377500
1999-12-23,145.02,146.48,145.00,146.48,92.204,+1.59%,5721700
1999-12-27,146.50,146.78,145.06,146.28,92.076,-0.14%,2691000
1999-12-28,145.88,146.50,145.48,146.19,92.017,-0.06%,4084500
1999-12-29,146.31,146.81,145.31,146.81,92.411,+0.42%,3001000
1999-12-30,147.12,147.56,146.19,146.64,92.303,-0.12%,3641300
1999-12-31,146.84,147.50,146.25,146.88,92.450,+0.16%,3172700
2000-01-03,148.25,148.25,143.88,145.44,91.545,-0.98%,8164300
2000-01-04,143.53,144.06,139.64,139.75,87.965,-3.91%,8089800
2000-01-05,139.94,141.53,137.25,140.00,88.123,+0.18%,12177900
2000-01-06,139.62,141.50,137.75,137.75,86.706,-1.61%,6227200
2000-01-07,140.31,145.75,140.06,145.75,91.742,+5.81%,8066500
2000-01-10,146.25,146.91,145.03,146.25,92.057,+0.34%,5741700
2000-01-11,145.81,146.09,143.50,144.50,90.955,-1.20%,7503700
2000-01-12,144.59,144.59,142.88,143.06,90.050,-1.00%,6907700
2000-01-13,144.47,145.75,143.28,145.00,91.270,+1.36%,5158300
2000-01-14,146.53,147.47,145.97,146.97,92.509,+1.36%,7437300
2000-01-18,145.34,146.62,145.19,145.81,91.781,-0.79%,6488500
2000-01-19,145.31,147.00,145.00,147.00,92.529,+0.82%,6157900
2000-01-20,146.97,146.97,143.81,144.75,91.113,-1.53%,5800100
2000-01-21,145.50,145.50,144.06,144.44,90.916,-0.21%,6244800
2000-01-24,145.66,145.84,139.41,140.34,88.339,-2.84%,7896900
2000-01-25,140.52,141.94,139.00,141.94,89.342,+1.14%,9942500
2000-01-26,141.00,141.55,140.09,140.81,88.634,-0.80%,5158100
2000-01-27,141.84,142.22,138.12,140.25,88.280,-0.40%,10922700
2000-01-28,139.44,140.06,135.53,135.88,85.526,-3.12%,11916200
2000-01-31,135.81,139.67,135.00,139.56,87.847,+2.71%,10768700
2000-02-01,139.75,141.69,138.53,140.94,88.713,+0.99%,8419900
2000-02-02,141.28,142.25,140.38,141.06,88.791,+0.09%,6205900
2000-02-03,140.88,143.25,140.00,143.19,90.129,+1.51%,7997500
2000-02-04,143.19,144.00,142.12,142.59,89.755,-0.42%,4925400
2000-02-07,142.56,142.78,141.44,142.38,89.618,-0.15%,5845800
2000-02-08,143.97,144.56,143.62,144.31,90.837,+1.36%,4936400
2000-02-09,144.47,144.47,141.27,141.28,88.929,-2.10%,8511500
2000-02-10,141.62,142.56,140.88,141.56,89.106,+0.20%,6690600
2000-02-11,141.84,141.94,138.03,138.69,87.297,-2.03%,9849800
2000-02-14,139.78,139.78,138.31,139.50,87.808,+0.58%,8528800
2000-02-15,139.25,141.22,137.80,141.08,88.801,+1.13%,11078300
2000-02-16,140.38,140.94,138.80,139.00,87.493,-1.47%,8845400
2000-02-17,140.44,140.44,138.22,138.28,87.041,-0.52%,7584200
2000-02-18,138.88,138.88,134.62,135.31,85.172,-2.15%,9409200
2000-02-22,135.19,136.34,133.53,134.97,84.956,-0.25%,16415400
2000-02-23,135.62,137.47,134.50,136.56,85.959,+1.18%,12119000
2000-02-24,136.69,137.03,133.09,133.81,84.228,-2.01%,17375000
2000-02-25,135.19,136.72,133.12,133.33,83.923,-0.36%,10559900
2000-02-28,133.38,136.69,132.72,136.12,85.684,+2.09%,13397800
2000-02-29,136.06,137.44,135.75,137.44,86.510,+0.97%,8242500
2000-03-01,137.62,139.00,137.22,138.44,87.139,+0.73%,6868000
2000-03-02,138.69,139.12,137.34,138.53,87.198,+0.07%,7600200
2000-03-03,140.44,141.72,139.72,141.12,88.831,+1.87%,12770300
2000-03-06,140.81,141.34,138.75,139.75,87.965,-0.97%,11967100
2000-03-07,140.00,140.16,135.22,137.05,86.264,-1.93%,20062000
2000-03-08,136.47,137.84,135.03,136.88,86.156,-0.12%,11808500
2000-03-09,137.25,140.88,136.12,140.88,88.673,+2.92%,5500900
2000-03-10,140.19,142.00,139.53,140.12,88.201,-0.54%,7924600
2000-03-13,136.69,140.47,135.69,138.59,87.237,-1.09%,10540500
2000-03-14,139.28,140.09,136.16,136.62,85.998,-1.42%,8263900
2000-03-15,136.88,140.44,136.06,139.81,88.005,+2.33%,10300800
2000-03-16,141.62,146.84,140.88,146.34,92.116,+4.67%,25601400
2000-03-17,145.81,148.00,145.44,146.94,92.723,+0.41%,10272900
2000-03-20,146.88,147.34,144.78,146.19,92.250,-0.51%,12502300
2000-03-21,145.53,149.75,144.50,149.19,94.143,+2.05%,13612600
2000-03-22,149.56,150.84,148.69,150.09,94.715,+0.60%,8260000
2000-03-23,149.16,153.47,149.16,152.66,96.332,+1.71%,11654500
2000-03-24,152.88,155.75,151.72,153.56,96.903,+0.59%,11462900
2000-03-27,153.38,153.78,151.81,151.94,95.878,-1.05%,8798600
2000-03-28,151.25,152.98,150.59,151.06,95.326,-0.58%,6334400
2000-03-29,151.56,152.48,149.66,151.22,95.424,+0.11%,6747500
2000-03-30,150.16,151.92,147.12,148.69,93.827,-1.67%,9491900
2000-03-31,149.62,152.31,148.44,150.38,94.892,+1.14%,9249100
2000-04-03,150.12,151.25,148.69,151.25,95.444,+0.58%,8508200
2000-04-04,151.75,153.00,141.39,150.12,94.734,-0.75%,19585500
2000-04-05,147.88,150.81,147.62,149.19,94.143,-0.62%,8387200
2000-04-06,150.25,151.69,149.00,150.48,94.961,+0.86%,6378500
2000-04-07,151.56,152.12,150.50,151.44,95.563,+0.64%,6023600
2000-04-10,151.75,153.11,150.31,150.84,95.188,-0.40%,9624200
2000-04-11,150.00,151.62,148.38,150.41,94.912,-0.29%,9006400
2000-04-12,150.38,151.16,146.16,146.28,92.309,-2.75%,10779200
2000-04-13,147.47,148.16,143.78,144.25,91.027,-1.39%,12225800
2000-04-14,142.62,142.81,133.50,136.00,85.821,-5.72%,29604000
2000-04-17,135.19,140.75,134.69,140.75,88.818,+3.49%,23918200
2000-04-18,140.56,144.47,139.78,144.47,91.165,+2.64%,11069200
2000-04-19,144.50,145.12,142.53,143.12,90.317,-0.93%,6553700
2000-04-20,143.56,143.94,142.38,143.81,90.751,+0.48%,8537600
2000-04-24,141.50,143.31,140.50,142.25,89.765,-1.08%,12893100
2000-04-25,144.62,148.16,144.44,148.16,93.492,+4.15%,14102000
2000-04-26,147.97,148.75,146.00,146.48,92.437,-1.13%,7711100
2000-04-27,143.00,147.34,143.00,146.00,92.131,-0.33%,15595300
2000-04-28,147.00,147.86,145.06,145.09,91.559,-0.62%,8743400
2000-05-01,146.56,148.48,145.84,147.06,92.802,+1.36%,7328300
2000-05-02,145.50,147.12,144.12,144.12,90.948,-2.00%,9411900
2000-05-03,144.00,144.00,139.78,140.75,88.818,-2.34%,12630700
2000-05-04,142.00,142.36,140.75,141.81,89.489,+0.75%,5963600
2000-05-05,141.06,144.00,140.94,143.53,90.573,+1.21%,7862400
2000-05-08,142.75,143.38,141.84,142.45,89.893,-0.75%,5064100
2000-05-09,143.06,143.41,140.27,141.31,89.173,-0.80%,5620300
2000-05-10,140.50,140.97,137.75,138.12,87.162,-2.26%,10293900
2000-05-11,140.12,141.50,139.12,141.28,89.154,+2.29%,7091100
2000-05-12,141.81,143.47,141.62,142.81,90.120,+1.08%,5960800
2000-05-15,142.75,145.61,142.00,145.28,91.678,+1.73%,4441300
2000-05-16,146.56,147.72,145.31,146.69,92.565,+0.97%,8192200
2000-05-17,145.69,146.19,144.47,145.16,91.599,-1.04%,5907200
2000-05-18,145.62,146.31,143.38,143.38,90.475,-1.23%,4325600
2000-05-19,142.56,143.23,140.41,141.12,89.055,-1.58%,6518400
2000-05-22,141.25,141.47,137.00,140.06,88.384,-0.75%,10839400
2000-05-23,140.44,140.81,137.56,138.00,87.083,-1.47%,7979200
2000-05-24,138.00,140.69,136.50,140.25,88.503,+1.63%,11081500
2000-05-25,140.69,141.81,137.72,137.84,86.984,-1.72%,8278900
2000-05-26,138.81,139.69,137.33,138.00,87.083,+0.12%,4814000
2000-05-30,140.00,142.94,139.47,142.50,89.923,+3.26%,5362700
2000-05-31,142.56,144.00,142.09,142.81,90.120,+0.22%,6056500
2000-06-01,143.69,145.44,143.00,145.31,91.697,+1.75%,8961600
2000-06-02,148.94,149.09,147.48,147.84,93.295,+1.74%,8962200
2000-06-05,147.47,148.22,146.88,147.12,92.841,-0.49%,6998100
2000-06-06,146.62,147.78,145.91,146.47,92.427,-0.44%,4858900
2000-06-07,146.62,148.00,146.00,147.48,93.068,+0.69%,4919500
2000-06-08,147.50,147.75,146.06,146.91,92.703,-0.39%,5723100
2000-06-09,147.50,147.97,145.62,146.59,92.506,-0.22%,3085300
2000-06-12,146.97,146.97,144.88,144.88,91.421,-1.17%,3678900
2000-06-13,144.81,147.75,144.62,147.59,93.137,+1.87%,6558700
2000-06-14,148.25,148.88,147.19,147.84,93.295,+0.17%,6420500
2000-06-15,148.12,148.75,146.84,148.16,93.492,+0.22%,5881200
2000-06-16,148.31,148.31,145.88,146.59,92.726,-1.06%,5567900
2000-06-19,146.47,149.16,146.25,148.47,93.912,+1.28%,5106900
2000-06-20,148.19,148.88,147.00,147.94,93.576,-0.36%,6480000
2000-06-21,146.94,148.44,146.89,147.88,93.536,-0.04%,3115000
2000-06-22,147.56,147.69,145.00,145.62,92.113,-1.53%,7490500
2000-06-23,145.81,146.12,143.88,144.38,91.322,-0.85%,4863300
2000-06-26,145.38,146.25,144.88,146.23,92.498,+1.28%,5201300
2000-06-27,145.98,146.72,145.02,145.16,91.817,-0.73%,4159500
2000-06-28,145.62,146.98,145.31,145.56,92.073,+0.28%,5347700
2000-06-29,144.75,145.75,143.52,144.19,91.204,-0.94%,6345700
2000-06-30,143.94,145.59,143.89,145.28,91.896,+0.76%,7420200
2000-07-03,145.44,147.44,145.19,147.28,93.161,+1.38%,1436600
2000-07-05,146.38,146.66,144.38,144.62,91.480,-1.81%,2748200
2000-07-06,144.94,146.47,144.22,145.75,92.192,+0.78%,5963200
2000-07-07,146.69,148.78,146.25,148.09,93.675,+1.61%,3034800
2000-07-10,147.88,148.91,147.53,147.84,93.516,-0.17%,2816100
2000-07-11,147.47,149.12,147.16,148.16,93.714,+0.22%,5431600
2000-07-12,149.28,150.12,148.69,149.12,94.327,+0.65%,5883000
2000-07-13,149.98,150.38,149.19,149.78,94.742,+0.44%,5356000
2000-07-14,150.44,151.25,149.67,151.25,95.671,+0.98%,5341900
2000-07-17,150.98,151.98,150.69,151.00,95.513,-0.17%,4208300
2000-07-18,150.62,150.62,149.34,149.77,94.732,-0.81%,4262100
2000-07-19,149.47,149.91,148.25,148.56,93.971,-0.81%,8506800
2000-07-20,149.00,150.62,148.81,150.62,95.276,+1.39%,4538900
2000-07-21,149.75,149.75,147.69,147.69,93.418,-1.95%,5656900
2000-07-24,148.12,148.86,146.56,146.84,92.884,-0.58%,5628500
2000-07-25,147.75,147.84,146.78,147.31,93.180,+0.32%,4757100
2000-07-26,146.97,147.16,145.64,145.88,92.271,-0.97%,12062500
2000-07-27,145.94,146.62,144.69,145.38,91.955,-0.34%,7652600
2000-07-28,145.72,145.91,141.52,142.09,89.879,-2.26%,6229500
2000-07-31,142.94,144.12,142.06,143.00,90.453,+0.64%,5265500
2000-08-01,143.62,144.72,143.12,143.88,91.006,+0.62%,3946600
2000-08-02,143.88,145.41,143.62,144.59,91.461,+0.49%,7439800
2000-08-03,142.88,145.81,142.62,145.59,92.093,+0.69%,4607100
2000-08-04,146.31,146.72,145.41,146.38,92.587,+0.54%,3686600
2000-08-07,146.72,148.44,146.38,148.12,93.694,+1.19%,4159800
2000-08-08,147.50,148.81,147.50,148.69,94.050,+0.38%,3658700
2000-08-09,149.14,149.22,147.38,147.44,93.260,-0.84%,5383800
2000-08-10,147.53,147.86,146.28,146.72,92.805,-0.49%,4193400
2000-08-11,146.62,148.00,145.56,147.41,93.240,+0.47%,5089400
2000-08-14,147.78,149.56,147.06,149.28,94.426,+1.27%,2966700
2000-08-15,149.34,149.81,148.56,149.16,94.347,-0.08%,5564600
2000-08-16,149.31,149.94,147.84,148.62,94.011,-0.36%,5191600
2000-08-17,148.69,150.44,148.34,150.19,94.999,+1.06%,5652200
2000-08-18,150.38,150.38,149.22,149.69,94.683,-0.33%,4626400
2000-08-21,150.03,150.72,149.41,150.50,95.197,+0.54%,2380600
2000-08-22,150.56,151.31,150.09,150.25,95.039,-0.17%,3075300
2000-08-23,149.81,151.28,149.28,150.84,95.414,+0.39%,5483200
2000-08-24,151.16,151.50,150.50,151.31,95.711,+0.31%,4529000
2000-08-25,151.16,151.62,150.94,151.25,95.671,-0.04%,2822200
2000-08-28,151.25,152.91,151.25,151.77,95.997,+0.34%,5518700
2000-08-29,151.44,151.88,150.91,151.80,96.017,+0.02%,3561900
2000-08-30,151.31,151.50,150.34,150.34,95.098,-0.96%,3964800
2000-08-31,151.06,153.09,150.91,152.34,96.363,+1.33%,4863100
2000-09-01,153.25,153.59,152.00,152.50,96.462,+0.11%,3191200
2000-09-05,151.88,152.20,150.81,151.28,95.691,-0.80%,3470800
2000-09-06,151.19,151.95,149.53,149.56,94.604,-1.14%,4322200
2000-09-07,150.25,151.08,149.83,150.84,95.414,+0.86%,4265500
2000-09-08,150.28,150.50,149.33,149.81,94.762,-0.68%,3518200
2000-09-11,149.75,151.19,148.69,149.59,94.623,-0.15%,3937500
2000-09-12,149.75,150.25,148.44,148.50,93.932,-0.73%,4769100
2000-09-13,148.00,149.34,147.66,148.89,94.179,+0.26%,7691600
2000-09-14,149.88,149.94,148.16,149.64,94.653,+0.50%,3397100
2000-09-15,148.19,148.25,146.00,146.00,92.588,-2.43%,4085700
2000-09-18,146.38,146.97,144.20,144.66,91.735,-0.92%,5109300
2000-09-19,145.12,146.31,144.70,145.97,92.568,+0.91%,6588200
2000-09-20,145.69,146.03,143.16,144.89,91.884,-0.74%,6508100
2000-09-21,144.47,145.56,142.62,142.69,90.487,-1.52%,5972300
2000-09-22,142.62,145.31,142.42,145.28,92.132,+1.82%,7791300
2000-09-25,145.94,146.06,143.72,144.25,91.478,-0.71%,9726300
2000-09-26,144.38,145.00,142.41,142.41,90.309,-1.28%,5302400
2000-09-27,143.56,143.97,142.12,143.16,90.784,+0.53%,7186200
2000-09-28,143.19,146.33,142.89,145.00,91.953,+1.29%,7036400
2000-09-29,145.47,145.97,143.62,143.62,91.082,-0.95%,9333600
2000-10-02,144.28,144.91,143.14,143.84,91.220,+0.15%,5517800
2000-10-03,144.53,145.75,142.28,142.50,90.368,-0.93%,9347200
2000-10-04,142.88,144.25,141.75,143.69,91.121,+0.84%,6148900
2000-10-05,143.41,144.84,143.31,144.19,91.438,+0.35%,4566900
2000-10-06,143.88,144.64,139.75,141.06,89.456,-2.17%,10014900
2000-10-09,141.31,141.31,139.38,140.00,88.783,-0.75%,4508000
2000-10-10,140.09,141.25,137.69,137.69,87.316,-1.65%,6104700
2000-10-11,137.62,138.62,135.12,136.53,86.583,-0.84%,10346000
2000-10-12,137.28,137.59,132.78,133.12,84.423,-2.50%,12336900
2000-10-13,132.94,137.66,132.88,137.56,87.237,+3.34%,11778800
2000-10-16,137.41,138.23,136.69,138.19,87.633,+0.46%,5659000
2000-10-17,138.44,138.56,134.41,134.75,85.453,-2.49%,7831700
2000-10-18,132.62,136.12,130.16,134.25,85.136,-0.37%,10897300
2000-10-19,136.84,139.45,136.44,139.31,88.347,+3.77%,8767300
2000-10-20,138.38,141.19,138.38,139.91,88.723,+0.43%,7373500
2000-10-23,139.94,141.03,138.94,140.53,89.120,+0.44%,5290000
2000-10-24,140.97,141.94,139.00,139.59,88.525,-0.67%,5750700
2000-10-25,138.75,139.56,136.12,136.31,86.444,-2.35%,9137600
2000-10-26,137.12,137.66,134.03,136.69,86.682,+0.28%,9345800
2000-10-27,137.88,139.28,136.62,139.28,88.327,+1.89%,9762900
2000-10-30,138.44,141.09,138.16,140.53,89.120,+0.90%,10154100
2000-10-31,141.02,143.69,140.06,142.95,90.655,+1.72%,7752400
2000-11-01,142.25,143.25,141.22,142.47,90.348,-0.34%,6753600
2000-11-02,143.16,143.91,142.52,142.70,90.497,+0.16%,11395100
2000-11-03,143.47,143.75,142.38,142.78,90.546,+0.06%,5187100
2000-11-06,143.16,144.30,143.03,143.78,91.181,+0.70%,4042500
2000-11-07,143.14,144.00,142.56,143.75,91.161,-0.02%,5231300
2000-11-08,144.06,144.06,140.56,140.56,89.139,-2.22%,6123300
2000-11-09,140.00,141.22,137.25,140.03,88.802,-0.38%,10635300
2000-11-10,139.00,139.47,136.53,136.62,86.642,-2.44%,8569500
2000-11-13,135.62,136.98,133.02,135.56,85.969,-0.78%,17285300
2000-11-14,137.47,139.62,137.00,139.12,88.228,+2.63%,7668900
2000-11-15,139.06,140.11,137.75,139.56,88.505,+0.32%,8837700
2000-11-16,138.58,139.88,137.31,137.38,87.118,-1.56%,6684100
2000-11-17,137.31,139.00,135.75,136.64,86.652,-0.54%,6551100
2000-11-20,135.75,136.38,134.31,134.69,85.414,-1.43%,5458500
2000-11-21,134.88,136.19,133.52,135.38,85.850,+0.51%,7684300
2000-11-22,134.34,134.88,132.12,132.14,83.799,-2.39%,5736900
2000-11-24,133.62,134.97,133.62,134.84,85.513,+2.04%,3411600
2000-11-27,136.47,136.69,135.31,136.03,86.266,+0.88%,5992000
2000-11-28,135.12,136.59,133.64,133.69,84.780,-1.72%,5336100
2000-11-29,134.38,135.91,133.27,133.44,84.621,-0.19%,6914100
2000-11-30,132.50,133.50,129.75,132.28,83.888,-0.87%,11201600
2000-12-01,133.19,134.06,131.00,132.22,83.848,-0.05%,7587200
2000-12-04,131.88,133.88,131.50,133.34,84.561,+0.85%,6996600
2000-12-05,134.88,138.25,134.41,137.72,87.336,+3.28%,8883400
2000-12-06,137.78,138.34,135.03,135.52,85.939,-1.60%,12888000
2000-12-07,134.88,135.88,133.66,133.66,84.760,-1.37%,6529100
2000-12-08,137.06,139.47,133.88,133.97,84.958,+0.23%,10276300
2000-12-11,137.38,139.56,136.72,138.62,87.911,+3.47%,6405600
2000-12-12,138.19,138.81,137.38,138.03,87.534,-0.43%,5022900
2000-12-13,139.25,139.41,136.03,136.14,86.335,-1.37%,6070500
2000-12-14,135.88,136.50,134.03,134.41,85.235,-1.27%,7678400
2000-12-15,133.12,133.12,130.56,130.97,83.316,-2.56%,9065300
2000-12-18,132.06,133.47,131.77,132.72,84.429,+1.34%,7235400
2000-12-19,132.47,134.97,130.02,130.02,82.710,-2.03%,9616600
2000-12-20,128.62,128.94,126.09,126.25,80.314,-2.90%,9994300
2000-12-21,126.00,128.86,125.53,127.12,80.871,+0.69%,14331500
2000-12-22,129.00,131.11,128.84,130.94,83.296,+3.01%,10182900
2000-12-26,130.84,132.34,130.28,132.34,84.191,+1.07%,4665300
2000-12-27,131.75,133.73,131.25,133.31,84.807,+0.73%,4854100
2000-12-28,132.81,133.88,132.59,133.72,85.066,+0.31%,8358700
2000-12-29,134.06,134.28,131.19,131.19,83.455,-1.89%,8774600
2001-01-02,132.00,132.16,127.56,128.81,81.945,-1.81%,8737500
2001-01-03,128.31,136.00,127.66,135.00,85.881,+4.81%,19431600
2001-01-04,134.94,135.47,133.00,133.55,84.956,-1.07%,9219000
2001-01-05,133.47,133.62,129.19,129.19,82.183,-3.26%,12911400
2001-01-08,129.88,130.19,127.69,130.19,82.819,+0.77%,6625300
2001-01-09,131.05,131.50,129.42,129.84,82.601,-0.27%,5702400
2001-01-10,129.00,132.12,128.81,132.12,84.052,+1.76%,8746100
2001-01-11,131.09,133.48,131.09,132.25,84.131,+0.10%,7245100
2001-01-12,132.69,133.72,131.28,132.00,83.972,-0.19%,7244000
2001-01-16,132.00,133.19,131.52,132.84,84.509,+0.64%,8542200
2001-01-17,134.84,135.05,132.64,133.45,84.897,+0.46%,7851400
2001-01-18,133.44,135.70,132.94,134.78,85.742,+1.00%,8107000
2001-01-19,136.19,136.19,133.88,134.02,85.254,-0.56%,7782500
2001-01-22,134.25,135.78,133.56,134.91,85.821,+0.66%,7050900
2001-01-23,134.47,136.66,134.16,135.97,86.497,+0.79%,8463100
2001-01-24,136.25,137.31,135.84,136.38,86.755,+0.30%,6199900
2001-01-25,136.25,137.25,135.66,136.03,86.537,-0.26%,10818300
2001-01-26,135.16,136.12,134.45,135.88,86.437,-0.11%,7136800
2001-01-29,135.50,136.90,135.37,136.60,86.899,+0.53%,6705900
2001-01-30,136.30,137.92,135.79,137.80,87.662,+0.88%,7069100
2001-01-31,137.40,138.70,136.60,137.02,87.166,-0.57%,9706900
2001-02-01,137.10,137.95,136.25,137.93,87.745,+0.66%,8239100
2001-02-02,137.40,137.99,134.75,134.80,85.754,-2.27%,8276600
2001-02-05,134.80,135.94,134.75,135.79,86.383,+0.73%,4352900
2001-02-06,135.30,136.70,135.22,135.39,86.129,-0.29%,7106700
2001-02-07,134.72,135.40,133.68,134.69,85.684,-0.52%,5748700
2001-02-08,134.80,135.40,133.10,133.12,84.685,-1.17%,5943300
2001-02-09,133.35,133.35,131.26,131.84,83.870,-0.96%,9913000
2001-02-12,131.70,133.50,131.70,133.35,84.831,+1.15%,5804400
2001-02-13,133.70,134.17,132.00,132.26,84.138,-0.82%,6587600
2001-02-14,132.65,132.65,130.66,132.06,84.010,-0.15%,8400100
2001-02-15,132.84,133.52,131.99,133.34,84.825,+0.97%,5929800
2001-02-16,131.00,131.29,129.30,130.40,82.954,-2.20%,6434900
2001-02-20,131.04,131.14,128.10,128.39,81.676,-1.54%,5760000
2001-02-21,127.90,128.84,125.50,125.62,79.914,-2.16%,10910800
2001-02-22,126.35,126.54,123.02,125.81,80.034,+0.15%,21281600
2001-02-23,125.08,125.54,121.80,124.96,79.494,-0.68%,20173000
2001-02-26,125.80,127.62,124.50,127.62,81.186,+2.13%,11503700
2001-02-27,126.80,127.84,125.51,126.44,80.435,-0.92%,11415000
2001-02-28,126.75,126.84,123.27,123.95,78.851,-1.97%,14825800
2001-03-01,124.05,124.60,121.75,124.60,79.265,+0.52%,14672000
2001-03-02,122.50,125.65,122.30,123.61,78.635,-0.79%,12564300
2001-03-05,124.15,124.78,123.81,124.74,79.354,+0.91%,5293200
2001-03-06,126.35,127.75,125.49,126.08,80.206,+1.07%,6917000
2001-03-07,126.90,127.04,125.76,126.98,80.779,+0.71%,6371700
2001-03-08,126.60,127.24,126.14,127.12,80.868,+0.11%,6055000
2001-03-09,126.10,126.10,123.11,123.36,78.476,-2.96%,10020300
2001-03-12,122.34,122.50,117.75,118.08,75.117,-4.28%,13972900
2001-03-13,119.40,120.44,117.53,120.02,76.351,+1.64%,12888000
2001-03-14,117.05,119.29,115.75,117.65,74.843,-1.97%,19883400
2001-03-15,118.45,118.86,117.36,117.68,74.863,+0.03%,10370300
2001-03-16,117.13,117.40,114.81,115.01,73.365,-2.27%,58514600
2001-03-19,115.76,117.69,114.82,117.35,74.857,+2.03%,10067800
2001-03-20,117.90,118.46,114.11,114.20,72.848,-2.68%,15083900
2001-03-21,114.18,115.26,111.90,112.26,71.611,-1.70%,19004600
2001-03-22,112.02,112.60,108.04,111.12,70.883,-1.02%,28624800
2001-03-23,113.25,114.66,111.50,114.48,73.027,+3.02%,12861700
2001-03-26,115.70,116.27,114.77,115.94,73.958,+1.28%,9943800
2001-03-27,115.62,118.65,115.28,118.31,75.470,+2.04%,12880700
2001-03-28,116.90,116.95,114.90,115.04,73.384,-2.76%,10953300
2001-03-29,114.70,116.50,112.14,115.48,73.665,+0.38%,12060300
2001-03-30,115.55,116.69,114.50,116.69,74.436,+1.05%,9183600
2001-04-02,116.30,117.38,113.80,114.20,72.848,-2.13%,10561000
2001-04-03,113.98,114.15,110.06,110.39,70.418,-3.34%,12836000
2001-04-04,110.57,112.10,109.30,110.85,70.711,+0.42%,14884300
2001-04-05,113.30,115.49,112.50,115.05,73.390,+3.79%,21522800
2001-04-06,113.99,114.40,112.06,113.30,72.274,-1.52%,14937800
2001-04-09,114.00,114.99,112.78,114.56,73.078,+1.11%,9034300
2001-04-10,115.45,117.75,115.17,116.65,74.411,+1.82%,17873600
2001-04-11,118.78,118.99,116.14,116.73,74.462,+0.07%,12722300
2001-04-12,116.30,118.94,115.96,118.85,75.814,+1.82%,9233200
2001-04-16,118.29,118.89,116.91,117.60,75.017,-1.05%,7350000
2001-04-17,117.31,119.66,117.02,119.26,76.076,+1.41%,10924700
2001-04-18,121.06,126.00,120.69,124.00,79.099,+3.97%,32481600
2001-04-19,124.25,125.84,123.58,125.65,80.152,+1.33%,13809900
2001-04-20,124.90,125.40,123.66,124.50,79.418,-0.92%,7626700
2001-04-23,123.65,123.89,121.91,122.24,77.977,-1.82%,8451800
2001-04-24,122.52,123.65,121.10,121.58,77.556,-0.54%,10044700
2001-04-25,121.42,123.67,120.95,123.17,78.570,+1.31%,8249000
2001-04-26,123.73,125.22,123.50,123.72,78.921,+0.45%,10590400
2001-04-27,124.92,125.84,124.20,125.78,80.235,+1.67%,7938700
2001-04-30,126.45,127.27,124.67,126.66,80.796,+0.70%,10766900
2001-05-01,125.07,127.15,124.60,127.05,81.045,+0.31%,10578000
2001-05-02,127.41,127.69,126.00,126.82,80.898,-0.18%,9572900
2001-05-03,126.13,126.15,124.22,125.21,79.871,-1.27%,9926200
2001-05-04,123.65,127.35,123.44,127.34,81.230,+1.70%,12145300
2001-05-07,126.86,127.38,126.23,126.24,80.528,-0.86%,7185200
2001-05-08,126.86,127.10,125.56,126.18,80.490,-0.05%,6952600
2001-05-09,125.25,126.55,125.06,125.65,80.152,-0.42%,9507400
2001-05-10,127.26,127.50,125.77,126.02,80.388,+0.29%,6872400
2001-05-11,126.00,126.49,124.40,125.15,79.833,-0.69%,7734400
2001-05-14,124.90,125.44,124.46,125.40,79.993,+0.20%,7914000
2001-05-15,125.55,126.50,124.85,125.98,80.362,+0.46%,9782200
2001-05-16,124.84,129.20,124.62,128.95,82.257,+2.36%,14909000
2001-05-17,129.00,130.08,128.56,129.15,82.385,+0.16%,11824600
2001-05-18,129.09,129.74,128.10,129.74,82.761,+0.46%,6683100
2001-05-21,129.84,131.84,129.15,131.65,83.979,+1.47%,11531500
2001-05-22,131.83,132.09,131.07,131.48,83.871,-0.13%,8342700
2001-05-23,131.05,131.05,129.25,129.25,82.448,-1.70%,12330800
2001-05-24,129.47,130.00,128.55,129.63,82.691,+0.29%,7902800
2001-05-25,129.65,129.70,127.90,128.10,81.715,-1.18%,7425000
2001-05-29,128.22,128.35,126.90,127.08,81.064,-0.80%,9003900
2001-05-30,126.59,127.09,125.00,125.30,79.929,-1.40%,10041800
2001-05-31,125.43,126.76,125.26,125.95,80.343,+0.52%,9874200
2001-06-01,126.20,127.10,125.12,126.73,80.841,+0.62%,8848300
2001-06-04,126.80,127.43,126.08,127.34,81.230,+0.48%,5623500
2001-06-05,127.49,129.23,127.27,128.80,82.161,+1.15%,9115400
2001-06-06,128.83,128.83,127.36,127.73,81.479,-0.83%,12064900
2001-06-07,127.05,128.35,127.00,128.19,81.772,+0.36%,7355300
2001-06-08,127.70,127.87,126.14,127.00,81.013,-0.93%,8170600
2001-06-11,126.71,126.99,125.41,126.10,80.439,-0.71%,7012200
2001-06-12,124.86,126.74,124.04,125.88,80.299,-0.17%,9364400
2001-06-13,126.17,126.58,124.65,124.80,79.610,-0.86%,7629400
2001-06-14,124.18,124.30,121.75,122.00,77.824,-2.24%,12603000
2001-06-15,120.91,122.40,120.40,121.85,77.949,-0.12%,16821100
2001-06-18,121.65,122.44,120.91,121.26,77.572,-0.48%,11368300
2001-06-19,122.38,122.89,120.89,121.79,77.911,+0.44%,7732300
2001-06-20,121.19,122.86,121.10,122.43,78.320,+0.53%,8787200
2001-06-21,122.22,124.31,122.15,123.82,79.209,+1.14%,12259100
2001-06-22,123.49,123.59,122.16,122.85,78.589,-0.78%,12212000
2001-06-25,123.28,123.44,121.50,121.72,77.866,-0.92%,8406800
2001-06-26,120.90,122.39,120.57,121.55,77.757,-0.14%,8005800
2001-06-27,121.60,122.24,120.91,121.48,77.712,-0.06%,10105100
2001-06-28,122.00,123.94,121.93,122.15,78.141,+0.55%,10269300
2001-06-29,122.80,124.01,122.26,122.60,78.429,+0.37%,9824200
2001-07-02,122.80,124.32,122.62,124.13,79.407,+1.25%,8522200
2001-07-03,123.98,124.10,123.05,124.10,79.388,-0.02%,3303100
2001-07-05,123.07,123.65,121.66,121.68,77.840,-1.95%,5517900
2001-07-06,121.31,121.49,119.05,119.05,76.158,-2.16%,11665900
2001-07-09,119.49,120.54,119.20,119.70,76.574,+0.55%,8339300
2001-07-10,120.29,120.64,118.21,118.26,75.652,-1.20%,8630700
2001-07-11,118.10,118.89,117.09,118.38,75.729,+0.10%,15328600
2001-07-12,119.50,121.47,119.31,121.19,77.527,+2.37%,12002800
2001-07-13,120.84,122.32,120.62,122.24,78.198,+0.87%,10433800
2001-07-16,121.77,122.28,120.29,120.71,77.220,-1.25%,6915300
2001-07-17,120.20,121.95,119.83,121.84,77.943,+0.94%,7469800
2001-07-18,120.56,121.64,120.06,121.01,77.412,-0.68%,7709300
2001-07-19,122.18,122.98,120.76,122.07,78.090,+0.88%,10082900
2001-07-20,121.15,121.94,120.92,121.34,77.623,-0.60%,6705800
2001-07-23,121.80,121.88,118.95,118.95,76.094,-1.97%,8065200
2001-07-24,119.00,119.20,116.75,117.80,75.358,-0.97%,12269000
2001-07-25,117.92,119.48,117.46,119.10,76.190,+1.10%,12088500
2001-07-26,119.06,120.85,118.56,120.35,76.989,+1.05%,12898200
2001-07-27,120.83,121.35,119.91,120.81,77.284,+0.38%,8478800
2001-07-30,121.19,121.35,120.30,120.85,77.309,+0.03%,8547700
2001-07-31,121.00,122.68,120.80,121.35,77.629,+0.41%,11918100
2001-08-01,121.97,122.70,121.55,122.11,78.115,+0.63%,11940800
2001-08-02,123.23,123.25,121.89,122.61,78.435,+0.41%,11070100
2001-08-03,122.36,122.36,120.90,121.94,78.007,-0.55%,10816300
2001-08-06,121.35,121.51,120.10,120.30,76.957,-1.34%,8550100
2001-08-07,120.27,121.20,119.91,120.77,77.258,+0.39%,8865100
2001-08-08,120.12,121.16,118.43,118.53,75.825,-1.85%,15183800
2001-08-09,118.70,118.97,117.86,118.88,76.049,+0.30%,14118500
2001-08-10,118.80,119.84,117.34,119.29,76.311,+0.34%,11173300
2001-08-13,119.60,119.85,118.81,119.32,76.330,+0.03%,7431600
2001-08-14,120.14,120.35,118.80,119.27,76.298,-0.04%,13178100
2001-08-15,119.23,119.61,118.08,118.24,75.640,-0.86%,8520600
2001-08-16,117.80,118.75,117.00,118.65,75.902,+0.35%,10734700
2001-08-17,117.65,117.87,116.01,116.75,74.686,-1.60%,11604600
2001-08-20,116.80,117.90,116.55,117.83,75.377,+0.93%,10417400
2001-08-21,117.80,118.54,115.80,115.82,74.091,-1.71%,14480800
2001-08-22,116.75,117.43,115.78,117.02,74.859,+1.04%,11752300
2001-08-23,116.96,117.52,116.49,116.60,74.590,-0.36%,8744100
2001-08-24,117.21,119.13,116.74,119.02,76.139,+2.08%,11687700
2001-08-27,118.97,119.20,118.26,118.31,75.684,-0.60%,7425100
2001-08-28,118.28,118.49,116.58,116.58,74.578,-1.46%,12046600
2001-08-29,117.13,117.18,115.17,115.54,73.912,-0.89%,16180000
2001-08-30,114.85,115.74,112.04,113.32,72.492,-1.92%,17692600
2001-08-31,113.40,114.77,113.13,114.15,73.023,+0.73%,15985400
2001-09-04,113.85,116.17,113.37,113.42,72.556,-0.64%,24473400
2001-09-05,113.70,114.19,111.95,113.70,72.735,+0.25%,21477100
2001-09-06,112.65,113.30,110.77,110.77,70.861,-2.58%,21653000
2001-09-07,110.02,111.25,108.63,108.72,69.550,-1.85%,33133900
2001-09-10,107.70,110.35,107.70,110.05,70.400,+1.22%,23408700
2001-09-17,101.00,106.40,100.00,104.30,66.722,-5.22%,32388700
2001-09-18,104.33,105.30,103.36,104.05,66.562,-0.24%,22029200
2001-09-19,104.10,104.50,98.56,101.95,65.219,-2.02%,42771800
2001-09-20,100.40,101.81,98.56,98.71,63.146,-3.18%,36210900
2001-09-21,94.28,98.99,93.80,97.28,62.467,-1.45%,49782100
2001-09-24,99.72,101.16,99.06,100.70,64.663,+3.52%,25549600
2001-09-25,100.75,102.00,99.90,101.75,65.338,+1.04%,25466200
2001-09-26,102.35,102.40,100.43,101.39,65.106,-0.35%,18587500
2001-09-27,101.25,102.29,100.00,102.27,65.672,+0.87%,20536800
2001-09-28,102.98,109.62,102.50,104.44,67.065,+2.12%,21687200
2001-10-01,103.90,104.32,102.83,104.27,66.956,-0.16%,20457400
2001-10-02,104.00,105.58,103.65,105.58,67.797,+1.26%,19833100
2001-10-03,104.60,107.88,104.35,107.35,68.934,+1.68%,32045800
2001-10-04,108.29,108.97,106.75,107.44,68.991,+0.08%,32674100
2001-10-05,107.25,107.62,105.52,107.23,68.857,-0.20%,29796100
2001-10-08,106.27,107.30,105.87,106.53,68.407,-0.65%,12970300
2001-10-09,106.61,106.75,105.60,105.96,68.041,-0.54%,15976300
2001-10-10,105.80,108.55,105.52,108.32,69.556,+2.23%,19987400
2001-10-11,108.95,110.30,108.95,110.00,70.635,+1.55%,23006300
2001-10-12,109.15,109.89,107.30,109.50,70.314,-0.45%,31360500
2001-10-15,108.63,109.45,108.06,109.30,70.186,-0.18%,16873000
2001-10-16,109.80,110.61,108.95,109.99,70.629,+0.63%,15877100
2001-10-17,111.07,111.15,107.65,107.65,69.126,-2.13%,28542300
2001-10-18,107.82,108.16,106.75,107.42,68.979,-0.21%,16510000
2001-10-19,107.00,107.91,106.01,107.35,68.934,-0.07%,21912500
2001-10-22,107.30,109.57,107.21,109.47,70.295,+1.97%,17540600
2001-10-23,109.96,110.28,108.38,108.91,69.935,-0.51%,22062500
2001-10-24,108.98,109.45,108.22,108.62,69.749,-0.27%,16065200
2001-10-25,107.45,110.60,106.74,110.57,71.001,+1.80%,27467900
2001-10-26,109.95,111.79,109.67,110.32,70.841,-0.23%,18623300
2001-10-29,110.16,110.55,107.45,107.45,68.998,-2.60%,18727500
2001-10-30,107.35,107.70,105.56,106.16,68.169,-1.20%,26178600
2001-10-31,106.90,107.86,105.80,105.80,67.938,-0.34%,28124200
2001-11-01,106.60,109.01,105.70,108.51,69.678,+2.56%,29806800
2001-11-02,108.44,109.38,107.87,109.25,70.154,+0.68%,17575900
2001-11-05,110.12,111.09,109.95,110.68,71.072,+1.31%,15929500
2001-11-06,110.35,112.48,109.85,112.40,72.176,+1.55%,23245800
2001-11-07,111.77,113.12,111.64,112.25,72.080,-0.13%,19716000
2001-11-08,112.87,114.08,111.90,112.60,72.305,+0.31%,22563500
2001-11-09,112.25,112.96,111.44,112.72,72.382,+0.11%,15895800
2001-11-12,111.00,112.65,110.00,112.03,71.939,-0.61%,26068800
2001-11-13,113.44,114.55,113.18,114.55,73.557,+2.25%,15296200
2001-11-14,115.17,115.40,113.71,114.66,73.628,+0.10%,17571300
2001-11-15,114.37,115.18,113.93,114.87,73.763,+0.18%,19470200
2001-11-16,115.08,115.10,113.40,114.36,73.435,-0.44%,18134900
2001-11-19,114.92,115.85,114.45,115.77,74.340,+1.23%,13625400
2001-11-20,115.37,115.80,114.64,114.80,73.718,-0.84%,16209700
2001-11-21,114.50,114.67,113.51,114.04,73.230,-0.66%,11470200
2001-11-23,114.04,115.75,114.00,115.68,74.283,+1.44%,6717100
2001-11-26,115.75,116.34,115.07,115.93,74.443,+0.22%,13726000
2001-11-27,115.62,116.90,114.09,115.43,74.122,-0.43%,19261400
2001-11-28,114.74,115.17,113.25,113.34,72.780,-1.81%,20195500
2001-11-29,113.66,114.92,113.00,114.87,73.763,+1.35%,16354700
2001-11-30,114.40,114.91,114.02,114.05,73.236,-0.71%,13680300
2001-12-03,113.65,114.08,113.01,113.37,72.799,-0.60%,15220400
2001-12-04,113.92,115.30,113.35,115.29,74.032,+1.69%,17239900
2001-12-05,115.61,118.00,115.56,117.40,75.387,+1.83%,25204000
2001-12-06,117.34,117.94,116.93,117.34,75.349,-0.05%,17972900
2001-12-07,116.90,117.09,115.70,116.56,74.848,-0.66%,18857800
2001-12-10,115.85,116.39,114.35,114.38,73.448,-1.87%,13862700
2001-12-11,114.90,115.72,113.90,114.15,73.300,-0.20%,20833300
2001-12-12,114.55,114.78,113.11,114.28,73.384,+0.11%,16171500
2001-12-13,113.45,113.70,112.04,112.06,71.958,-1.94%,19026700
2001-12-14,112.33,113.49,112.00,113.13,72.645,+0.95%,16721900
2001-12-17,112.99,114.36,112.90,114.30,73.396,+1.03%,13925900
2001-12-18,114.63,115.15,114.34,114.98,73.833,+0.59%,13663700
2001-12-19,114.09,115.92,114.00,115.79,74.353,+0.70%,20143400
2001-12-20,115.50,115.80,114.55,114.65,73.621,-0.98%,14867900
2001-12-21,115.03,115.07,114.20,114.95,74.066,+0.26%,14037700
2001-12-24,114.83,115.04,114.61,114.73,73.924,-0.19%,5728800
2001-12-26,114.65,116.21,114.65,115.36,74.330,+0.55%,10304800
2001-12-27,115.30,116.08,115.25,116.06,74.781,+0.61%,9407300
2001-12-28,116.29,116.75,115.92,116.00,74.743,-0.05%,10593800
2001-12-31,116.15,116.39,114.23,114.30,73.647,-1.47%,14619500
2002-01-02,115.11,115.75,113.81,115.53,74.440,+1.08%,18651900
2002-01-03,115.65,116.95,115.54,116.84,75.284,+1.13%,15743000
2002-01-04,117.17,117.98,116.55,117.62,75.786,+0.67%,20140700
2002-01-07,117.70,117.99,116.56,116.79,75.252,-0.71%,13106500
2002-01-08,116.79,117.06,115.97,116.52,75.078,-0.23%,12683700
2002-01-09,116.68,117.78,115.34,115.57,74.466,-0.82%,16610300
2002-01-10,115.69,116.35,115.30,116.08,74.794,+0.44%,12823400
2002-01-11,116.21,116.28,114.70,114.94,74.060,-0.98%,13708400
2002-01-14,114.65,114.84,113.96,114.22,73.596,-0.63%,12301100
2002-01-15,114.55,115.39,113.90,115.15,74.195,+0.81%,20219900
2002-01-16,114.30,114.40,112.69,112.82,72.694,-2.02%,17067000
2002-01-17,113.76,114.24,113.40,113.67,73.241,+0.75%,17283400
2002-01-18,113.00,113.85,112.67,113.15,72.906,-0.46%,17028000
2002-01-22,113.75,113.93,112.02,112.37,72.404,-0.69%,11689300
2002-01-23,112.63,113.55,112.02,113.23,72.958,+0.77%,12438900
2002-01-24,113.64,114.25,113.32,113.58,73.183,+0.31%,12142800
2002-01-25,113.12,114.18,113.04,113.55,73.164,-0.03%,12810700
2002-01-28,113.90,114.19,112.92,113.86,73.364,+0.27%,10589200
2002-01-29,113.85,114.13,110.05,110.28,71.057,-3.14%,27720800
2002-01-30,110.39,113.39,108.40,111.87,72.082,+1.44%,34711800
2002-01-31,112.15,113.30,111.62,113.18,72.926,+1.17%,19909200
2002-02-01,113.09,113.30,112.17,112.65,72.584,-0.47%,15838500
2002-02-04,112.23,112.23,109.44,109.85,70.780,-2.49%,24243400
2002-02-05,109.40,110.49,108.53,109.17,70.342,-0.62%,33614000
2002-02-06,109.65,109.74,108.06,108.70,70.039,-0.43%,29486000
2002-02-07,108.72,109.86,108.00,108.02,69.601,-0.63%,23445400
2002-02-08,108.63,110.75,108.30,110.09,70.935,+1.92%,19277800
2002-02-11,110.05,111.64,109.82,111.44,71.804,+1.23%,18792400
2002-02-12,110.96,111.71,110.03,111.09,71.579,-0.31%,13942500
2002-02-13,111.48,112.54,111.35,112.27,72.339,+1.06%,16781100
2002-02-14,112.51,112.97,111.59,112.06,72.204,-0.19%,20453800
2002-02-15,112.15,112.24,110.71,110.89,71.450,-1.04%,18366800
2002-02-19,110.15,110.29,108.61,108.76,70.078,-1.92%,15988100
2002-02-20,109.05,110.59,107.82,110.59,71.257,+1.68%,29242800
2002-02-21,109.93,110.63,108.26,108.30,69.781,-2.07%,26288600
2002-02-22,108.35,109.94,107.87,109.64,70.645,+1.24%,26572900
2002-02-25,109.74,111.81,109.70,111.45,71.811,+1.65%,17458700
2002-02-26,111.60,112.04,110.57,111.22,71.663,-0.21%,22346500
2002-02-27,111.96,112.86,110.65,111.65,71.940,+0.39%,28597900
2002-02-28,111.83,112.75,111.03,111.15,71.618,-0.45%,23755400
2002-03-01,111.72,113.85,111.51,113.74,73.286,+2.33%,26273600
2002-03-04,113.90,115.99,113.65,115.75,74.582,+1.77%,27184600
2002-03-05,115.33,116.40,114.97,115.38,74.343,-0.32%,22718900
2002-03-06,115.10,117.15,115.07,116.75,75.226,+1.19%,20143200
2002-03-07,117.36,117.50,115.57,116.50,75.065,-0.21%,19330800
2002-03-08,117.38,117.90,116.48,116.99,75.381,+0.42%,19930100
2002-03-11,116.89,117.90,116.43,117.24,75.542,+0.21%,15621800
2002-03-12,116.10,117.25,115.94,117.17,75.497,-0.06%,17153600
2002-03-13,116.63,116.75,115.64,116.04,74.768,-0.96%,17175300
2002-03-14,116.04,116.43,115.63,115.88,74.665,-0.14%,11168100
2002-03-15,115.97,116.95,115.90,116.65,75.375,+0.66%,21220100
2002-03-18,117.10,117.56,116.10,116.67,75.388,+0.02%,17548900
2002-03-19,117.30,117.74,116.82,117.45,75.892,+0.67%,17912000
2002-03-20,116.50,116.58,115.19,115.24,74.464,-1.88%,17114500
2002-03-21,115.30,115.90,114.12,115.29,74.496,+0.04%,25846800
2002-03-22,115.50,115.94,114.70,115.04,74.334,-0.22%,15235400
2002-03-25,115.09,115.36,113.30,113.61,73.410,-1.24%,17499600
2002-03-26,113.52,115.02,113.47,114.27,73.837,+0.58%,19947600
2002-03-27,114.03,115.01,113.76,114.57,74.031,+0.26%,19020300
2002-03-28,114.97,115.77,114.50,114.52,73.998,-0.04%,17532900
2002-04-01,114.23,115.10,113.50,114.57,74.031,+0.04%,17711000
2002-04-02,113.98,114.95,113.77,113.94,73.624,-0.55%,15669500
2002-04-03,114.01,114.21,112.16,113.14,73.107,-0.70%,25658500
2002-04-04,112.60,113.40,112.23,112.67,72.803,-0.42%,23549000
2002-04-05,113.19,113.63,112.18,112.69,72.816,+0.02%,19404900
2002-04-08,111.32,113.03,111.23,112.93,72.971,+0.21%,16470100
2002-04-09,113.18,113.18,111.93,112.14,72.461,-0.70%,15122700
2002-04-10,112.10,113.54,112.09,113.41,73.281,+1.13%,17199300
2002-04-11,112.89,113.05,110.50,110.59,71.459,-2.49%,25453700
2002-04-12,111.02,111.65,110.04,111.42,71.995,+0.75%,14950600
2002-04-15,111.62,111.86,110.20,110.57,71.446,-0.76%,17394900
2002-04-16,111.70,113.32,111.67,113.20,73.145,+2.38%,15040900
2002-04-17,113.39,113.67,112.60,112.96,72.990,-0.21%,12920100
2002-04-18,112.90,113.46,111.15,112.47,72.674,-0.43%,25204800
2002-04-19,113.20,113.24,112.56,112.88,72.939,+0.36%,10499200
2002-04-22,112.38,112.43,110.84,111.00,71.724,-1.67%,13922900
2002-04-23,111.09,111.48,110.17,110.52,71.414,-0.43%,16967000
2002-04-24,110.56,111.81,109.40,109.41,70.697,-1.00%,18902700
2002-04-25,109.21,109.74,108.72,109.47,70.735,+0.05%,25451500
2002-04-26,109.79,110.01,107.29,107.39,69.391,-1.90%,19769800
2002-04-29,107.93,108.26,106.63,106.86,69.049,-0.49%,17724400
2002-04-30,107.02,108.64,106.64,107.86,69.695,+0.94%,19473500
2002-05-01,107.97,109.25,106.80,109.18,70.548,+1.22%,24575600
2002-05-02,109.10,109.91,107.78,108.76,70.277,-0.38%,15666800
2002-05-03,108.60,108.76,107.20,107.58,69.514,-1.08%,18185500
2002-05-06,107.64,107.99,105.31,105.47,68.151,-1.96%,23630400
2002-05-07,106.10,106.32,104.90,105.10,67.912,-0.35%,21910000
2002-05-08,107.05,109.36,106.79,109.01,70.438,+3.72%,27917400
2002-05-09,108.65,109.10,107.58,107.75,69.624,-1.16%,18085600
2002-05-10,107.97,108.05,105.60,105.72,68.312,-1.88%,18958900
2002-05-13,106.22,107.95,105.79,107.87,69.701,+2.03%,14677700
2002-05-14,109.62,110.37,109.00,110.22,71.220,+2.18%,34201200
2002-05-15,109.50,110.91,109.29,109.79,70.942,-0.39%,29535300
2002-05-16,109.70,110.48,109.33,110.36,71.310,+0.52%,28092000
2002-05-17,110.66,111.25,110.10,110.90,71.659,+0.49%,27823700
2002-05-20,110.64,110.69,109.49,109.70,70.884,-1.08%,13833800
2002-05-21,110.11,110.48,108.32,108.70,70.238,-0.91%,16877200
2002-05-22,108.22,109.12,108.00,108.94,70.393,+0.22%,15844200
2002-05-23,109.26,110.36,108.48,110.10,71.142,+1.06%,13879800
2002-05-24,109.98,110.20,108.61,108.69,70.231,-1.28%,11877000
2002-05-28,109.05,109.13,107.45,108.10,69.850,-0.54%,24236900
2002-05-29,107.62,108.02,107.13,107.30,69.333,-0.74%,14773300
2002-05-30,106.55,107.51,105.90,107.00,69.139,-0.28%,18217900
2002-05-31,107.40,108.56,106.85,107.22,69.281,+0.21%,19826300
2002-06-03,107.09,107.60,104.13,104.37,67.440,-2.66%,26056300
2002-06-04,104.15,105.20,103.55,104.63,67.608,+0.25%,25856200
2002-06-05,104.95,105.67,104.35,105.61,68.241,+0.94%,19695900
2002-06-06,105.54,105.60,103.15,103.46,66.852,-2.04%,22998500
2002-06-07,101.78,103.92,101.72,103.34,66.774,-0.12%,24011600
2002-06-10,103.24,104.46,103.02,103.74,67.033,+0.39%,18759900
2002-06-11,104.13,104.54,101.73,101.96,65.883,-1.72%,19990700
2002-06-12,101.71,102.81,100.78,102.58,66.283,+0.61%,31266000
2002-06-13,102.13,103.00,101.34,101.55,65.618,-1.00%,21043900
2002-06-14,100.31,101.56,98.50,101.40,65.521,-0.15%,39267500
2002-06-17,101.92,104.34,101.85,104.12,67.278,+2.68%,17647200
2002-06-18,103.74,105.03,103.63,104.97,67.828,+0.82%,21628500
2002-06-19,103.50,104.43,102.24,102.52,66.244,-2.33%,21540700
2002-06-20,102.26,103.05,100.96,101.21,65.398,-1.28%,25691000
2002-06-21,100.47,100.93,98.68,99.28,64.379,-1.91%,31190700
2002-06-24,98.61,100.69,97.25,99.80,64.716,+0.52%,37169700
2002-06-25,100.30,100.89,97.54,97.56,63.264,-2.24%,33355000
2002-06-26,95.20,98.15,95.19,97.72,63.368,+0.16%,37913600
2002-06-27,98.50,99.49,96.57,99.43,64.476,+1.75%,31616400
2002-06-28,99.24,100.50,98.88,98.96,64.172,-0.47%,28184200
2002-07-01,99.18,99.80,96.89,97.03,62.920,-1.95%,20270200
2002-07-02,96.86,97.20,94.77,94.97,61.584,-2.12%,34213900
2002-07-03,94.62,95.84,93.72,95.51,61.935,+0.57%,30565800
2002-07-05,96.78,99.53,96.66,99.31,64.399,+3.98%,19013500
2002-07-08,98.98,99.70,97.56,98.07,63.595,-1.25%,19118600
2002-07-09,97.73,98.34,95.01,95.60,61.993,-2.52%,28620400
2002-07-10,96.00,96.07,92.04,92.12,59.736,-3.64%,50522500
2002-07-11,91.76,93.35,90.32,92.87,60.223,+0.81%,59476500
2002-07-12,93.33,93.89,91.52,91.85,59.561,-1.10%,39018600
2002-07-15,91.64,92.40,87.89,92.34,59.879,+0.53%,77317200
2002-07-16,91.12,92.38,89.87,90.56,58.725,-1.93%,53282400
2002-07-17,92.46,93.30,89.75,90.74,58.841,+0.20%,48880600
2002-07-18,90.70,91.10,87.75,87.80,56.935,-3.24%,32656700
2002-07-19,86.76,87.55,84.30,84.71,54.931,-3.52%,77572600
2002-07-22,84.10,85.91,81.45,82.20,53.304,-2.96%,78134000
2002-07-23,82.55,83.24,79.75,79.95,51.844,-2.74%,74484100
2002-07-24,78.13,85.12,77.68,84.72,54.938,+5.97%,107022800
2002-07-25,84.27,85.85,81.60,84.00,54.471,-0.85%,87176600
2002-07-26,84.65,85.93,83.80,85.60,55.508,+1.90%,41206800
2002-07-29,87.50,90.34,87.30,89.77,58.212,+4.87%,53492900
2002-07-30,89.32,91.40,88.72,90.94,58.971,+1.30%,47532200
2002-07-31,90.49,91.55,89.25,91.16,59.114,+0.24%,44669900
2002-08-01,90.88,91.35,88.33,88.78,57.570,-2.61%,66571900
2002-08-02,88.50,88.91,85.62,86.79,56.280,-2.24%,51772900
2002-08-05,86.49,86.93,83.55,83.77,54.322,-3.48%,47191300
2002-08-06,85.23,87.90,85.11,86.59,56.150,+3.37%,64730000
2002-08-07,87.87,88.50,85.77,88.10,57.129,+1.74%,43289400
2002-08-08,88.42,91.10,87.80,90.95,58.978,+3.23%,48339800
2002-08-09,90.10,91.94,89.35,91.29,59.198,+0.37%,41879200
2002-08-12,89.99,91.27,89.55,90.62,58.764,-0.73%,25841700
2002-08-13,90.15,91.66,88.65,88.97,57.694,-1.82%,49690500
2002-08-14,89.02,92.63,88.02,92.22,59.801,+3.65%,57423600
2002-08-15,92.84,93.99,92.20,93.50,60.631,+1.39%,45551500
2002-08-16,92.82,94.08,92.00,93.22,60.450,-0.30%,36517300
2002-08-19,93.46,95.75,93.10,95.40,61.863,+2.34%,33669900
2002-08-20,94.82,95.40,93.62,94.39,61.208,-1.06%,30508300
2002-08-21,95.06,95.78,93.57,95.75,62.090,+1.44%,39628900
2002-08-22,95.49,97.15,95.07,96.68,62.693,+0.97%,38399800
2002-08-23,96.01,96.15,94.15,94.60,61.344,-2.15%,33716400
2002-08-26,94.91,95.64,93.50,95.26,61.772,+0.70%,33830100
2002-08-27,95.70,96.25,93.50,94.16,61.059,-1.15%,35335700
2002-08-28,93.28,93.49,91.80,92.10,59.723,-2.19%,38970600
2002-08-29,91.27,93.05,90.81,92.14,59.749,+0.04%,42965700
2002-08-30,91.68,93.39,91.40,91.78,59.516,-0.39%,30366700
2002-09-03,90.73,91.00,88.15,88.28,57.246,-3.81%,76586400
2002-09-04,88.61,90.25,88.06,89.54,58.063,+1.43%,51099500
2002-09-05,88.49,89.43,87.50,88.78,57.570,-0.85%,67250900
2002-09-06,89.75,90.57,89.34,90.00,58.362,+1.37%,38622200
2002-09-09,89.10,91.35,88.80,90.66,58.789,+0.73%,33998400
2002-09-10,91.14,91.78,90.56,91.70,59.464,+1.15%,41416600
2002-09-11,92.47,93.33,91.10,91.13,59.094,-0.62%,27711200
2002-09-12,90.75,90.84,88.99,89.45,58.005,-1.84%,43601700
2002-09-13,88.69,89.90,88.25,89.67,58.148,+0.25%,41131000
2002-09-16,89.31,89.89,88.46,89.89,58.290,+0.25%,28167600
2002-09-17,90.89,91.19,87.75,87.83,56.954,-2.29%,47609700
2002-09-18,87.01,88.50,86.28,86.95,56.384,-1.00%,54719400
2002-09-19,85.99,86.80,84.70,84.70,54.925,-2.59%,48510500
2002-09-20,84.92,85.20,84.05,84.35,54.943,-0.41%,46325600
2002-09-23,83.65,84.06,82.69,83.66,54.493,-0.82%,46893800
2002-09-24,82.44,83.65,81.85,82.31,53.614,-1.61%,69507000
2002-09-25,83.37,84.77,82.04,84.35,54.943,+2.48%,59294400
2002-09-26,85.02,85.97,84.45,85.73,55.842,+1.64%,53638000
2002-09-27,85.00,85.63,82.75,82.75,53.901,-3.48%,64648300
2002-09-30,82.00,82.80,80.90,81.79,53.275,-1.16%,73096400
2002-10-01,82.43,85.77,81.47,85.72,55.835,+4.80%,67198100
2002-10-02,84.69,85.53,82.60,83.15,54.161,-3.00%,56749100
2002-10-03,83.14,84.60,81.95,82.31,53.614,-1.01%,55547000
2002-10-04,82.80,82.92,79.58,80.80,52.631,-1.83%,68483700
2002-10-07,80.06,81.20,78.55,79.13,51.543,-2.07%,53188000
2002-10-08,79.81,81.31,78.20,80.37,52.350,+1.57%,79531000
2002-10-09,79.09,79.70,77.78,78.10,50.872,-2.82%,79956400
2002-10-10,77.94,81.07,77.07,80.63,52.520,+3.24%,76749000
2002-10-11,82.10,84.73,81.82,84.16,54.819,+4.38%,82308300
2002-10-14,83.20,84.85,83.04,84.63,55.125,+0.56%,40631900
2002-10-15,86.99,88.72,86.85,88.70,57.776,+4.81%,82320300
2002-10-16,87.41,87.80,85.92,86.55,56.376,-2.42%,62977800
2002-10-17,88.87,89.30,87.85,88.27,57.496,+1.99%,68534100
2002-10-18,87.65,89.11,86.93,88.64,57.737,+0.42%,47448700
2002-10-21,88.12,90.50,87.57,90.17,58.734,+1.73%,45859100
2002-10-22,89.05,90.01,88.52,89.52,58.310,-0.72%,40966800
2002-10-23,88.77,90.27,87.68,90.20,58.753,+0.76%,54905800
2002-10-24,90.75,90.90,88.10,88.36,57.555,-2.04%,54987400
2002-10-25,88.21,90.39,87.94,90.20,58.753,+2.08%,43672100
2002-10-28,91.15,91.29,88.85,89.61,58.369,-0.65%,39416100
2002-10-29,89.08,89.49,87.00,88.57,57.692,-1.16%,59508200
2002-10-30,88.68,89.96,88.23,89.43,58.252,+0.97%,41688600
2002-10-31,89.66,90.30,88.19,88.52,57.659,-1.02%,41620600
2002-11-01,88.35,90.82,88.05,90.27,58.799,+1.98%,51878900
2002-11-04,91.80,92.94,90.90,91.13,59.359,+0.95%,49080600
2002-11-05,90.84,92.07,90.84,91.85,59.828,+0.79%,37270800
2002-11-06,92.48,93.07,90.79,93.04,60.603,+1.30%,65013100
2002-11-07,92.02,92.22,90.22,90.76,59.118,-2.45%,51572000
2002-11-08,90.53,91.57,89.52,89.65,58.395,-1.22%,37905400
2002-11-11,89.51,89.56,87.80,88.26,57.490,-1.55%,33505100
2002-11-12,88.66,89.93,88.37,88.96,57.946,+0.79%,37724500
2002-11-13,88.32,89.74,87.45,89.05,58.004,+0.10%,63891500
2002-11-14,90.07,91.00,89.75,90.73,59.099,+1.89%,31896800
2002-11-15,90.00,91.55,89.95,91.40,59.535,+0.74%,39152100
2002-11-18,92.15,92.15,90.35,90.48,58.936,-1.01%,28934800
2002-11-19,90.02,91.10,89.76,90.36,58.858,-0.13%,32806600
2002-11-20,89.98,92.42,89.95,92.37,60.167,+2.22%,36688400
2002-11-21,92.60,94.19,92.43,94.09,61.287,+1.86%,55128200
2002-11-22,93.48,94.27,93.27,93.42,60.851,-0.71%,32513800
2002-11-25,93.43,94.26,92.77,93.48,60.890,+0.06%,33846400
2002-11-26,93.07,93.45,91.62,91.70,59.730,-1.90%,42284700
2002-11-27,92.52,94.65,92.43,94.28,61.411,+2.81%,37764000
2002-11-29,94.80,94.95,93.77,93.98,61.216,-0.32%,19385700
2002-12-02,95.47,96.05,93.22,94.13,61.313,+0.16%,49911900
2002-12-03,93.25,93.40,92.35,92.87,60.493,-1.34%,34407700
2002-12-04,91.77,93.14,91.43,92.45,60.219,-0.45%,64040800
2002-12-05,92.73,92.80,91.10,91.43,59.555,-1.10%,36724900
2002-12-06,90.12,92.17,89.98,92.03,59.945,+0.66%,49824100
2002-12-09,91.07,91.46,89.48,89.50,58.297,-2.75%,36789600
2002-12-10,90.02,91.10,89.76,90.70,59.079,+1.34%,33319900
2002-12-11,90.42,91.62,90.16,90.78,59.131,+0.09%,39201000
2002-12-12,91.20,91.49,90.20,90.77,59.125,-0.01%,34465600
2002-12-13,89.91,90.48,89.27,89.34,58.193,-1.58%,36862200
2002-12-16,89.82,91.79,89.66,91.65,59.698,+2.59%,37098400
2002-12-17,91.37,91.74,90.74,90.85,59.177,-0.87%,32353900
2002-12-18,90.32,90.40,89.33,89.80,58.493,-1.16%,35612600
2002-12-19,89.35,90.70,88.60,89.16,58.076,-0.71%,39264200
2002-12-20,89.20,90.02,89.10,89.99,58.900,+0.93%,31176900
2002-12-23,89.59,90.47,89.31,90.02,58.920,+0.03%,22599300
2002-12-24,89.59,89.86,89.25,89.35,58.482,-0.74%,10937000
2002-12-26,89.70,90.61,88.84,89.39,58.508,+0.04%,17485600
2002-12-27,88.96,89.29,87.38,87.38,57.192,-2.25%,22205700
2002-12-30,87.79,88.47,87.22,88.11,57.670,+0.84%,29968000
2002-12-31,87.99,88.43,87.11,88.23,57.749,+0.14%,34036600
2003-01-02,88.85,91.30,88.54,91.07,59.607,+3.22%,44516300
2003-01-03,90.91,91.38,90.50,91.35,59.791,+0.31%,32222600
2003-01-06,91.24,93.49,91.17,92.96,60.844,+1.76%,40984500
2003-01-07,92.90,93.37,92.20,92.73,60.694,-0.25%,38640400
2003-01-08,92.20,92.40,91.05,91.39,59.817,-1.45%,38702200
2003-01-09,91.82,93.18,91.41,92.81,60.746,+1.55%,34804900
2003-01-10,91.95,93.64,91.80,93.06,60.910,+0.27%,37768900
2003-01-13,93.54,93.86,92.44,93.03,60.890,-0.03%,31649900
2003-01-14,92.69,93.83,92.41,93.33,61.087,+0.32%,30733000
2003-01-15,93.54,93.57,91.91,92.40,60.478,-1.00%,33511800
2003-01-16,92.50,92.93,91.45,92.02,60.229,-0.41%,44812100
2003-01-17,90.99,92.30,90.15,90.66,59.339,-1.48%,35618300
2003-01-21,90.87,90.92,88.95,89.25,58.416,-1.56%,36826200
2003-01-22,88.77,89.80,88.00,88.17,57.709,-1.21%,42286500
2003-01-23,88.75,89.38,87.95,88.71,58.063,+0.61%,55919800
2003-01-24,88.59,88.68,86.17,86.38,56.538,-2.63%,68633900
2003-01-27,85.73,86.80,84.50,85.20,55.765,-1.37%,57884400
2003-01-28,85.63,86.40,85.13,85.83,56.178,+0.74%,46929100
2003-01-29,85.42,87.18,84.77,86.48,56.603,+0.76%,53712200
2003-01-30,86.79,86.88,84.40,84.43,55.261,-2.37%,49845900
2003-01-31,84.15,86.21,84.15,86.06,56.328,+1.93%,55317000
2003-02-03,86.14,86.81,85.92,86.23,56.439,+0.20%,39696000
2003-02-04,85.31,85.75,84.30,85.38,55.883,-0.99%,43633400
2003-02-05,85.75,86.54,84.48,84.85,55.536,-0.62%,55270600
2003-02-06,84.37,84.89,83.65,84.45,55.274,-0.47%,53638000
2003-02-07,84.91,84.99,82.97,83.42,54.600,-1.22%,43165000
2003-02-10,83.46,84.13,82.65,84.01,54.986,+0.71%,45455900
2003-02-11,84.37,84.88,82.83,83.43,54.607,-0.69%,46861000
2003-02-12,83.16,83.62,82.09,82.10,53.736,-1.59%,35873600
2003-02-13,82.15,82.66,81.00,82.35,53.900,+0.30%,57934100
2003-02-14,82.37,84.20,81.82,84.15,55.078,+2.19%,59580900
2003-02-18,84.53,85.80,84.39,85.63,56.047,+1.76%,39492700
2003-02-19,85.32,85.47,84.28,85.18,55.752,-0.53%,31432000
2003-02-20,85.21,85.42,84.05,84.33,55.196,-1.00%,29280100
2003-02-21,84.38,85.74,83.46,85.18,55.752,+1.01%,60955800
2003-02-24,84.93,85.00,83.59,83.80,54.849,-1.62%,30628600
2003-02-25,82.95,84.49,82.22,84.47,55.288,+0.80%,56770600
2003-02-26,84.02,84.53,83.08,83.24,54.482,-1.46%,37787200
2003-02-27,83.70,84.75,83.16,84.34,55.202,+1.32%,51126000
2003-02-28,84.47,85.23,84.16,84.90,55.569,+0.66%,43666800
2003-03-03,85.26,85.78,83.72,84.09,55.039,-0.95%,42923100
2003-03-04,83.95,84.01,82.65,82.75,54.162,-1.59%,31440500
2003-03-05,82.61,83.54,82.36,83.45,54.620,+0.85%,43974700
2003-03-06,82.87,83.52,82.47,82.75,54.162,-0.84%,41217700
2003-03-07,81.61,83.99,81.43,83.32,54.535,+0.69%,63538000
2003-03-10,82.60,82.86,81.10,81.32,53.226,-2.40%,41014100
2003-03-11,81.48,82.00,80.48,80.52,52.702,-0.98%,48102700
2003-03-12,80.38,81.10,79.38,81.06,53.056,+0.67%,62459800
2003-03-13,82.18,83.91,81.53,83.86,54.888,+3.45%,72117800
2003-03-14,84.20,84.77,83.35,84.13,55.065,+0.32%,63951800
2003-03-17,83.46,86.95,83.22,86.78,56.799,+3.15%,88217500
2003-03-18,87.15,87.35,86.28,87.29,57.133,+0.59%,50792300
2003-03-19,87.28,88.16,86.68,87.96,57.572,+0.77%,49630800
2003-03-20,87.33,88.59,86.35,88.15,57.696,+0.22%,67321600
2003-03-21,88.80,89.88,87.93,89.67,58.923,+1.72%,71165300
2003-03-24,88.02,88.14,86.35,86.69,56.965,-3.32%,65398900
2003-03-25,86.74,88.26,86.44,87.52,57.510,+0.96%,61040100
2003-03-26,87.56,87.85,86.80,87.08,57.221,-0.50%,45740800
2003-03-27,86.40,87.66,85.99,87.15,57.267,+0.08%,53120200
2003-03-28,86.47,87.28,86.25,86.71,56.978,-0.50%,32583000
2003-03-31,85.35,86.59,84.40,84.74,55.683,-2.27%,61119500
2003-04-01,85.25,86.39,84.91,86.04,56.538,+1.53%,53574000
2003-04-02,87.54,88.77,87.50,88.12,57.904,+2.42%,50431200
2003-04-03,88.87,88.99,87.65,87.70,57.628,-0.48%,48755500
2003-04-04,88.43,88.59,87.62,88.22,57.970,+0.59%,36250100
2003-04-07,90.34,90.85,87.97,88.05,57.858,-0.19%,69776200
2003-04-08,88.30,88.65,87.71,88.19,57.950,+0.16%,39712700
2003-04-09,88.36,89.10,86.77,87.03,57.188,-1.32%,55647300
2003-04-10,87.09,87.63,85.71,87.51,57.504,+0.55%,41812400
2003-04-11,88.16,88.70,86.86,87.15,57.267,-0.41%,47730100
2003-04-14,87.47,89.00,87.00,88.95,58.450,+2.07%,36711700
2003-04-15,88.84,89.78,88.42,89.78,58.995,+0.93%,49709800
2003-04-16,89.91,90.06,88.03,88.25,57.990,-1.70%,51788000
2003-04-17,88.30,89.72,88.19,89.56,58.851,+1.48%,37403100
2003-04-21,89.86,90.16,89.06,89.65,58.910,+0.10%,32052700
2003-04-22,89.10,91.56,88.89,91.34,60.020,+1.89%,59763600
2003-04-23,91.62,92.35,91.24,92.18,60.572,+0.92%,44227100
2003-04-24,91.53,92.08,90.96,91.36,60.034,-0.89%,49692400
2003-04-25,91.30,91.47,90.02,90.23,59.291,-1.24%,43917200
2003-04-28,90.44,92.19,90.30,91.79,60.316,+1.73%,46432900
2003-04-29,92.14,92.80,91.40,92.11,60.526,+0.35%,52017100
2003-04-30,91.91,92.57,91.41,91.91,60.395,-0.22%,48709100
2003-05-01,91.92,92.73,90.50,91.90,60.388,-0.01%,50240400
2003-05-02,91.56,93.47,91.49,93.21,61.249,+1.43%,50201500
2003-05-05,93.47,93.78,92.50,93.03,61.131,-0.19%,35437800
2003-05-06,93.04,94.38,93.00,93.91,61.709,+0.95%,44401000
2003-05-07,93.42,94.14,92.97,93.39,61.367,-0.55%,41413100
2003-05-08,92.52,93.33,92.28,92.45,60.750,-1.01%,40570700
2003-05-09,92.83,93.80,92.61,93.73,61.591,+1.38%,33608100
2003-05-12,93.50,95.12,93.28,94.88,62.347,+1.23%,35662300
2003-05-13,94.53,95.18,94.26,94.71,62.235,-0.18%,39253600
2003-05-14,95.09,95.24,93.91,94.51,62.103,-0.21%,32195100
2003-05-15,94.89,95.33,94.25,95.11,62.498,+0.63%,43879200
2003-05-16,94.89,95.45,94.26,94.87,62.340,-0.25%,38905000
2003-05-19,94.15,94.42,92.33,92.65,60.881,-2.34%,41606000
2003-05-20,92.82,93.03,91.59,92.46,60.756,-0.21%,55404600
2003-05-21,92.11,92.88,91.91,92.65,60.881,+0.21%,49333800
2003-05-22,92.95,94.05,92.68,93.57,61.486,+0.99%,38421800
2003-05-23,93.53,93.98,93.14,93.76,61.611,+0.20%,26155900
2003-05-27,93.30,95.84,93.07,95.40,62.688,+1.75%,43719200
2003-05-28,95.85,96.47,95.43,95.67,62.866,+0.28%,37727100
2003-05-29,95.88,96.82,95.08,95.42,62.701,-0.26%,50844200
2003-05-30,95.90,97.09,95.56,96.95,63.707,+1.60%,52529500
2003-06-02,97.53,98.45,96.67,97.35,63.970,+0.41%,50305500
2003-06-03,97.15,97.84,96.85,97.75,64.232,+0.41%,38254500
2003-06-04,97.66,99.35,97.57,99.16,65.159,+1.44%,49360700
2003-06-05,98.58,99.65,98.27,99.65,65.481,+0.49%,46262400
2003-06-06,100.40,101.40,99.13,99.26,65.225,-0.39%,60356800
2003-06-09,98.77,99.10,97.77,98.25,64.561,-1.02%,37808500
2003-06-10,98.46,99.26,98.19,99.25,65.218,+1.02%,29965900
2003-06-11,99.16,100.39,98.71,100.30,65.908,+1.06%,37610200
2003-06-12,100.75,100.90,99.62,100.61,66.112,+0.31%,36442000
2003-06-13,100.61,100.75,98.95,99.56,65.422,-1.04%,48628300
2003-06-16,99.96,101.70,99.80,101.66,66.802,+2.11%,36326300
2003-06-17,102.07,102.18,101.23,101.66,66.802,0.00%,36801800
2003-06-18,101.29,102.14,101.00,101.57,66.743,-0.09%,35521000
2003-06-19,101.64,101.73,99.84,100.02,65.724,-1.53%,43551700
2003-06-20,100.39,100.50,99.42,99.44,65.580,-0.58%,41545000
2003-06-23,99.45,99.66,97.92,98.42,64.907,-1.03%,34237500
2003-06-24,98.22,99.09,98.02,98.52,64.973,+0.10%,36213600
2003-06-25,98.53,99.44,97.53,97.53,64.320,-1.00%,47743400
2003-06-26,97.78,98.98,96.96,98.80,65.158,+1.30%,33477300
2003-06-27,98.75,99.19,97.58,97.66,64.406,-1.15%,54208800
2003-06-30,98.22,98.67,97.47,97.63,64.386,-0.03%,33349000
2003-07-01,97.25,98.85,96.43,98.53,64.980,+0.92%,51322800
2003-07-02,98.77,99.79,98.57,99.77,65.797,+1.26%,34662100
2003-07-03,99.07,99.85,97.90,98.74,65.118,-1.03%,30792800
2003-07-07,99.65,100.90,99.65,100.70,66.411,+1.99%,31391100
2003-07-08,100.50,101.29,100.17,101.15,66.707,+0.45%,30952500
2003-07-09,100.92,101.40,100.03,100.58,66.331,-0.56%,36528500
2003-07-10,99.84,100.04,98.63,99.30,65.487,-1.27%,49777700
2003-07-11,99.39,100.45,99.39,100.24,66.107,+0.95%,39976300
2003-07-14,101.20,101.90,100.45,100.73,66.430,+0.49%,42114900
2003-07-15,101.38,101.46,99.95,100.51,66.285,-0.22%,42573600
2003-07-16,100.81,100.87,99.23,99.92,65.896,-0.59%,39894200
2003-07-17,99.15,99.88,98.16,98.50,64.960,-1.42%,52253500
2003-07-18,99.02,99.80,98.46,99.51,65.626,+1.03%,35698100
2003-07-21,99.45,99.49,97.85,98.28,64.815,-1.24%,34786000
2003-07-22,98.69,99.41,97.92,99.17,65.402,+0.91%,49968300
2003-07-23,99.21,99.45,98.28,99.24,65.448,+0.07%,37275400
2003-07-24,99.99,100.34,98.37,98.49,64.953,-0.76%,40896200
2003-07-25,98.66,100.29,98.04,100.23,66.101,+1.77%,43241100
2003-07-28,100.37,100.98,99.67,99.86,65.857,-0.37%,34382800
2003-07-29,100.14,100.26,98.68,99.40,65.553,-0.46%,53472100
2003-07-30,99.60,99.75,98.93,99.16,65.395,-0.24%,28363300
2003-07-31,99.98,100.91,99.17,99.39,65.547,+0.23%,54937200
2003-08-01,99.19,99.53,98.24,98.51,64.966,-0.89%,49321000
2003-08-04,98.31,99.00,97.00,98.51,64.966,0.00%,55214100
2003-08-05,98.41,98.76,96.34,96.42,63.588,-2.12%,61415600
2003-08-06,96.69,98.06,96.42,96.98,63.957,+0.58%,50096900
2003-08-07,97.17,98.07,96.76,98.00,64.630,+1.05%,43427400
2003-08-08,98.32,98.55,97.76,98.28,64.815,+0.29%,27357300
2003-08-11,98.26,99.04,97.84,98.65,65.059,+0.38%,34631400
2003-08-12,98.71,99.59,98.42,99.55,65.652,+0.91%,43285600
2003-08-13,99.82,99.85,98.53,99.04,65.316,-0.51%,36152000
2003-08-14,99.10,99.75,98.45,99.31,65.494,+0.27%,35525100
2003-08-15,99.36,99.79,99.12,99.62,65.698,+0.31%,12567000
2003-08-18,99.93,100.60,99.74,100.48,66.266,+0.86%,22873800
2003-08-19,100.69,100.94,100.00,100.86,66.516,+0.38%,37437700
2003-08-20,100.29,100.89,100.16,100.45,66.246,-0.41%,21295300
2003-08-21,101.05,101.52,100.40,100.77,66.457,+0.32%,46494200
2003-08-22,101.75,101.82,99.73,99.77,65.797,-0.99%,52040300
2003-08-25,99.71,100.83,99.28,99.93,65.903,+0.16%,23473000
2003-08-26,99.50,100.39,98.83,100.11,66.022,+0.18%,45065800
2003-08-27,100.05,100.36,99.57,100.14,66.041,+0.03%,18919500
2003-08-28,100.40,101.00,99.66,100.76,66.450,+0.62%,27402400
2003-08-29,100.61,101.48,100.48,101.44,66.899,+0.67%,28706600
2003-09-02,101.64,102.88,101.05,102.80,67.796,+1.34%,49419100
2003-09-03,103.03,103.70,102.78,103.36,68.165,+0.54%,44912400
2003-09-04,103.10,103.55,102.76,103.41,68.198,+0.05%,28381000
2003-09-05,102.94,103.55,102.40,102.83,67.815,-0.56%,31637300
2003-09-08,103.04,103.88,102.93,103.68,68.376,+0.83%,32632800
2003-09-09,103.37,103.46,102.68,103.00,67.927,-0.66%,35053200
2003-09-10,102.53,102.80,101.55,101.96,67.242,-1.01%,45904900
2003-09-11,102.10,102.76,101.84,102.26,67.439,+0.29%,38396300
2003-09-12,101.91,102.64,101.35,102.45,67.565,+0.19%,42524800
2003-09-15,102.52,102.63,101.95,102.09,67.327,-0.35%,21312800
2003-09-16,102.23,103.64,102.17,103.58,68.310,+1.46%,37892600
2003-09-17,103.48,103.79,103.05,103.38,68.178,-0.19%,31885800
2003-09-18,103.40,104.70,103.17,104.60,68.983,+1.18%,30243600
2003-09-19,104.27,104.60,103.40,103.67,68.633,-0.89%,34331600
2003-09-22,102.85,102.96,102.03,102.55,67.892,-1.08%,36677400
2003-09-23,102.59,103.29,102.36,102.94,68.150,+0.38%,32489200
2003-09-24,103.12,103.22,101.07,101.11,66.938,-1.78%,41694700
2003-09-25,101.41,101.88,100.20,100.28,66.389,-0.82%,52673100
2003-09-26,100.44,100.66,99.85,99.95,66.170,-0.33%,42914700
2003-09-29,100.30,100.99,99.79,100.93,66.819,+0.98%,36771600
2003-09-30,100.48,100.76,99.25,99.95,66.170,-0.97%,70764500
2003-10-01,100.24,102.18,100.20,102.08,67.581,+2.13%,65797600
2003-10-02,101.93,102.56,101.63,102.45,67.825,+0.36%,44591500
2003-10-03,103.67,104.28,103.08,103.39,68.448,+0.92%,48806900
2003-10-06,103.48,103.99,103.20,103.86,68.759,+0.45%,20226500
2003-10-07,103.26,104.31,102.91,104.26,69.024,+0.39%,42602900
2003-10-08,104.33,104.39,103.41,104.00,68.852,-0.25%,30920800
2003-10-09,104.88,105.22,103.83,104.28,69.037,+0.27%,40066500
2003-10-10,104.27,104.60,103.91,104.57,69.229,+0.28%,22682800
2003-10-13,104.71,105.29,104.51,104.90,69.447,+0.32%,23825600
2003-10-14,104.80,105.43,104.36,105.27,69.692,+0.35%,38484400
2003-10-15,105.86,105.89,104.64,104.99,69.507,-0.27%,39021700
2003-10-16,104.68,105.73,104.65,105.41,69.785,+0.40%,32772200
2003-10-17,105.47,105.63,103.98,104.26,69.024,-1.09%,32790300
2003-10-20,104.45,105.04,103.94,105.04,69.540,+0.75%,27657000
2003-10-21,104.82,105.28,104.32,104.86,69.421,-0.17%,26729100
2003-10-22,104.03,104.19,103.19,103.54,68.547,-1.26%,33914500
2003-10-23,102.89,103.95,102.84,103.35,68.421,-0.18%,45830500
2003-10-24,102.83,103.58,102.18,103.58,68.574,+0.22%,51723600
2003-10-27,103.74,104.18,103.27,103.63,68.607,+0.05%,32460200
2003-10-28,103.98,105.15,103.82,105.04,69.540,+1.36%,34956200
2003-10-29,104.77,105.43,103.87,105.18,69.633,+0.13%,30955400
2003-10-30,105.79,105.97,104.80,105.40,69.778,+0.21%,39123100
2003-10-31,105.40,105.74,105.22,105.30,69.712,-0.09%,25761600
2003-11-03,105.75,106.61,105.71,105.99,70.169,+0.66%,37589300
2003-11-04,105.99,106.27,105.58,105.76,70.017,-0.22%,31421600
2003-11-05,105.49,105.97,104.90,105.84,70.070,+0.08%,33558800
2003-11-06,105.60,106.44,105.10,106.40,70.441,+0.53%,28392300
2003-11-07,106.64,106.72,105.57,105.61,69.918,-0.74%,31723200
2003-11-10,105.74,105.84,105.01,105.18,69.633,-0.41%,25530800
2003-11-11,105.09,105.33,104.80,105.15,69.613,-0.03%,26558600
2003-11-12,105.23,106.47,105.16,106.33,70.394,+1.12%,28000000
2003-11-13,106.01,106.54,105.78,106.36,70.414,+0.03%,29714800
2003-11-14,106.40,106.95,105.29,105.46,69.818,-0.85%,49158500
2003-11-17,104.91,105.14,104.04,104.93,69.467,-0.50%,44382100
2003-11-18,105.24,105.45,103.70,103.84,68.746,-1.04%,41155000
2003-11-19,104.03,105.01,103.92,104.72,69.328,+0.85%,29827000
2003-11-20,104.00,105.24,103.75,103.78,68.706,-0.90%,53578700
2003-11-21,104.24,104.33,103.62,104.21,68.991,+0.41%,30016000
2003-11-24,104.69,105.78,104.68,105.59,69.904,+1.32%,28906400
2003-11-25,105.73,106.42,105.45,105.99,70.169,+0.38%,37580000
2003-11-26,106.42,106.45,105.39,106.37,70.421,+0.36%,33053600
2003-11-28,106.28,106.66,106.20,106.45,70.474,+0.08%,10507500
2003-12-01,106.85,107.68,106.80,107.60,71.235,+1.08%,38699000
2003-12-02,107.38,107.77,107.07,107.33,71.056,-0.25%,35352000
2003-12-03,107.65,108.08,107.07,107.16,70.944,-0.16%,39078600
2003-12-04,107.17,107.72,106.94,107.60,71.235,+0.41%,36089500
2003-12-05,107.12,107.80,106.62,106.85,70.738,-0.70%,28824400
2003-12-08,106.74,107.64,106.68,107.57,71.215,+0.67%,32482900
2003-12-09,107.90,107.93,106.54,106.74,70.666,-0.77%,43596100
2003-12-10,106.77,106.98,105.96,106.73,70.659,-0.01%,36915400
2003-12-11,106.68,108.10,106.67,107.93,71.453,+1.12%,45304000
2003-12-12,107.97,108.20,107.39,108.14,71.592,+0.19%,34142200
2003-12-15,109.17,109.23,107.48,107.60,71.235,-0.50%,38693400
2003-12-16,107.68,108.50,107.52,108.16,71.606,+0.52%,32894200
2003-12-17,108.06,108.50,107.80,108.50,71.831,+0.31%,23198800
2003-12-18,108.55,109.73,108.39,109.72,72.638,+1.12%,29353100
2003-12-19,109.30,109.37,108.58,108.90,72.437,-0.75%,41465100
2003-12-22,108.79,109.66,108.78,109.66,72.942,+0.70%,27611300
2003-12-23,109.48,109.95,109.38,109.73,72.989,+0.06%,24741200
2003-12-24,109.52,109.88,109.43,109.62,72.916,-0.10%,8055800
2003-12-26,109.71,110.08,109.63,109.70,72.969,+0.07%,8308400
2003-12-29,110.10,111.27,109.78,111.16,73.940,+1.33%,22483700
2003-12-30,111.09,111.27,110.85,111.18,73.954,+0.02%,19559500
2003-12-31,111.22,111.52,110.84,111.28,74.020,+0.09%,31501800
2004-01-02,111.74,112.19,110.73,111.23,73.987,-0.04%,38072300
2004-01-05,111.69,112.52,111.59,112.44,74.792,+1.09%,27959800
2004-01-06,112.16,112.73,112.00,112.55,74.865,+0.10%,20472800
2004-01-07,112.39,113.06,111.89,112.93,75.118,+0.34%,30170400
2004-01-08,113.25,113.41,112.77,113.38,75.417,+0.40%,36438400
2004-01-09,112.83,113.50,112.27,112.39,74.758,-0.87%,54084300
2004-01-12,112.55,113.25,112.36,113.22,75.310,+0.74%,31564100
2004-01-13,113.09,113.23,111.76,112.56,74.871,-0.58%,54239700
2004-01-14,112.76,113.66,112.67,113.50,75.497,+0.84%,30112800
2004-01-15,113.57,114.06,112.58,113.78,75.683,+0.25%,38408700
2004-01-16,114.04,114.31,113.63,114.23,75.982,+0.40%,31922700
2004-01-20,114.53,114.65,113.82,114.20,75.962,-0.03%,29863000
2004-01-21,114.13,115.30,113.72,115.10,76.561,+0.79%,30725000
2004-01-22,115.14,115.38,114.58,114.80,76.361,-0.26%,29888500
2004-01-23,115.00,115.37,113.95,114.43,76.115,-0.32%,44245300
2004-01-26,114.39,115.93,114.38,115.87,77.073,+1.26%,30460600
2004-01-27,115.75,116.50,114.65,114.68,76.282,-1.03%,35322800
2004-01-28,114.98,115.28,112.94,113.37,75.410,-1.14%,52621300
2004-01-29,113.56,113.85,112.56,113.48,75.483,+0.10%,60117100
2004-01-30,113.52,113.72,113.09,113.48,75.483,0.00%,30984400
2004-02-02,113.70,114.68,113.12,113.97,75.809,+0.43%,38832400
2004-02-03,113.74,114.14,113.44,113.78,75.683,-0.17%,25093500
2004-02-04,113.19,113.73,112.79,112.85,75.064,-0.82%,39332600
2004-02-05,113.17,113.54,112.78,113.18,75.284,+0.29%,37226800
2004-02-06,113.42,114.70,113.20,114.45,76.129,+1.12%,37216000
2004-02-09,114.67,114.87,114.29,114.48,76.149,+0.03%,24851300
2004-02-10,114.28,115.14,114.26,114.85,76.395,+0.32%,27908100
2004-02-11,114.85,116.39,114.17,116.07,77.206,+1.06%,42965700
2004-02-12,115.97,116.27,115.58,115.65,76.927,-0.36%,27814700
2004-02-13,115.82,116.20,114.75,115.13,76.581,-0.45%,44739900
2004-02-17,115.85,116.43,115.77,116.17,77.273,+0.90%,23984300
2004-02-18,116.20,116.60,115.35,115.66,76.933,-0.44%,28618000
2004-02-19,116.33,116.39,115.06,115.23,76.647,-0.37%,51146200
2004-02-20,115.48,115.56,114.32,114.88,76.415,-0.30%,46728800
2004-02-23,115.22,115.26,114.17,114.59,76.222,-0.25%,36357000
2004-02-24,114.27,114.99,113.03,114.39,76.089,-0.17%,43953000
2004-02-25,114.46,115.06,114.32,114.87,76.408,+0.42%,31213600
2004-02-26,114.61,115.29,114.34,114.94,76.455,+0.06%,29683000
2004-02-27,115.19,115.74,114.63,115.02,76.508,+0.07%,39312000
2004-03-01,115.43,116.34,115.25,116.16,77.266,+0.99%,33130800
2004-03-02,115.94,116.97,115.23,115.48,76.814,-0.59%,38556400
2004-03-03,115.25,115.87,114.92,115.69,76.953,+0.18%,31346200
2004-03-04,115.72,116.10,115.52,115.99,77.153,+0.26%,21060000
2004-03-05,115.42,116.95,115.28,116.38,77.412,+0.34%,55905600
2004-03-08,116.34,116.62,114.91,114.96,76.468,-1.22%,39281600
2004-03-09,115.10,115.21,114.24,114.50,76.162,-0.40%,39746100
2004-03-10,114.72,114.77,112.56,112.58,74.885,-1.68%,67671800
2004-03-11,112.40,113.27,111.10,111.12,73.914,-1.30%,89134800
2004-03-12,111.73,112.71,111.58,112.58,74.885,+1.31%,54012200
2004-03-15,112.27,112.35,110.90,111.20,73.967,-1.23%,57677200
2004-03-16,111.78,112.06,110.84,111.79,74.359,+0.53%,59832600
2004-03-17,112.18,113.26,112.10,113.04,75.191,+1.12%,41607300
2004-03-18,112.70,113.27,111.93,113.07,75.211,+0.03%,60014300
2004-03-19,112.41,112.57,111.04,111.06,74.136,-1.78%,48636200
2004-03-22,110.54,110.57,109.10,109.65,73.195,-1.27%,62752100
2004-03-23,110.25,110.40,109.36,109.46,73.068,-0.17%,54080200
2004-03-24,109.58,110.14,108.85,109.55,73.128,+0.08%,51584300
2004-03-25,110.08,111.30,109.79,111.00,74.096,+1.32%,49873600
2004-03-26,110.96,111.79,110.80,111.03,74.116,+0.03%,37409500
2004-03-29,111.63,112.74,111.58,112.59,75.158,+1.41%,44113600
2004-03-30,112.30,113.07,112.22,112.97,75.411,+0.34%,39059900
2004-03-31,112.99,113.40,112.38,113.10,75.498,+0.12%,48517600
2004-04-01,113.07,113.87,113.05,113.78,75.952,+0.60%,45103800
2004-04-02,114.81,114.84,113.90,114.64,76.526,+0.76%,50987700
2004-04-05,114.46,115.38,114.44,115.27,76.947,+0.55%,30251800
2004-04-06,114.83,115.18,114.62,114.90,76.700,-0.32%,28420900
2004-04-07,114.95,114.98,114.11,114.63,76.519,-0.23%,45890500
2004-04-08,115.41,115.41,113.74,114.37,76.346,-0.23%,46929700
2004-04-12,114.58,115.08,114.57,114.82,76.646,+0.39%,23085200
2004-04-13,115.26,115.30,113.02,113.21,75.571,-1.40%,56210300
2004-04-14,112.61,113.64,112.55,113.39,75.692,+0.16%,62322300
2004-04-15,113.45,113.78,112.36,112.96,75.405,-0.38%,61602500
2004-04-16,113.38,114.05,112.98,113.83,75.985,+0.77%,47059200
2004-04-19,113.55,113.99,113.27,113.83,75.985,0.00%,28277600
2004-04-20,114.08,114.32,111.78,111.92,74.710,-1.68%,53299400
2004-04-21,112.20,112.95,111.87,112.67,75.211,+0.67%,50177300
2004-04-22,112.48,114.67,112.44,114.25,76.266,+1.40%,62071500
2004-04-23,114.42,114.57,113.79,114.36,76.339,+0.10%,29395700
2004-04-26,114.50,114.94,113.60,114.20,76.232,-0.14%,35515200
2004-04-27,114.23,115.12,113.96,114.30,76.299,+0.09%,43485500
2004-04-28,113.89,114.01,112.50,112.82,75.311,-1.29%,50165800
2004-04-29,112.72,113.32,111.16,111.83,74.650,-0.88%,69687600
2004-04-30,112.17,112.38,110.90,110.96,74.070,-0.78%,48681400
2004-05-03,111.37,112.29,111.35,112.15,74.864,+1.07%,33758000
2004-05-04,112.25,113.26,111.66,112.06,74.804,-0.08%,51185100
2004-05-05,112.41,112.96,112.16,112.78,75.284,+0.64%,34405000
2004-05-06,112.02,112.59,111.00,111.81,74.637,-0.86%,54997000
2004-05-07,111.22,112.23,109.96,109.96,73.402,-1.65%,60950000
2004-05-10,109.44,109.75,108.36,108.83,72.648,-1.03%,75279400
2004-05-11,109.46,110.05,109.33,109.75,73.262,+0.85%,48300600
2004-05-12,109.57,110.54,108.06,110.45,73.729,+0.64%,90830500
2004-05-13,109.76,110.81,109.63,109.99,73.422,-0.42%,57393700
2004-05-14,109.95,110.74,109.27,110.04,73.455,+0.05%,54123100
2004-05-17,108.89,109.50,108.41,109.10,72.828,-0.85%,55020400
2004-05-18,109.49,109.94,109.33,109.65,73.195,+0.50%,30193100
2004-05-19,110.50,111.18,109.15,109.27,72.941,-0.35%,54804100
2004-05-20,109.45,109.87,109.04,109.62,73.175,+0.32%,38082900
2004-05-21,109.97,110.55,109.47,109.81,73.302,+0.17%,47480400
2004-05-24,110.53,110.76,109.68,110.27,73.609,+0.42%,40961500
2004-05-25,109.90,111.98,109.60,111.85,74.664,+1.43%,48668000
2004-05-26,111.66,112.29,111.51,112.24,74.924,+0.35%,35977000
2004-05-27,112.54,113.03,112.06,112.87,75.345,+0.56%,45306900
2004-05-28,112.73,112.88,112.36,112.86,75.338,-0.01%,23367200
2004-06-01,112.46,112.86,111.87,112.71,75.238,-0.13%,41044700
2004-06-02,113.03,113.48,112.46,113.13,75.518,+0.37%,39774200
2004-06-03,112.81,113.19,112.07,112.09,74.824,-0.92%,38688300
2004-06-04,112.98,113.58,112.71,112.98,75.418,+0.79%,32739500
2004-06-07,113.43,114.81,113.42,114.70,76.566,+1.52%,31643800
2004-06-08,114.37,114.92,114.17,114.86,76.673,+0.14%,32846500
2004-06-09,114.51,114.70,113.72,113.79,75.959,-0.93%,36737600
2004-06-10,114.04,114.35,113.93,114.35,76.332,+0.49%,21711000
2004-06-14,113.82,113.85,112.87,113.22,75.578,-0.99%,34633000
2004-06-15,113.90,114.45,113.51,114.02,76.112,+0.71%,37445000
2004-06-16,114.00,114.20,113.70,114.00,76.099,-0.02%,26633400
2004-06-17,113.85,114.07,113.33,113.83,75.985,-0.15%,28402400
2004-06-18,113.27,114.22,113.18,113.63,76.128,-0.18%,31799800
2004-06-21,113.75,114.14,113.13,113.20,75.840,-0.38%,25284000
2004-06-22,113.13,113.88,112.67,113.77,76.222,+0.50%,37334000
2004-06-23,113.61,114.84,113.42,114.75,76.878,+0.86%,35580000
2004-06-24,114.56,114.93,114.26,114.39,76.637,-0.31%,35272100
2004-06-25,114.41,114.94,113.68,113.84,76.269,-0.48%,32837900
2004-06-28,114.52,114.61,113.41,113.45,76.007,-0.34%,40824500
2004-06-29,113.53,114.17,113.42,113.92,76.322,+0.41%,28418100
2004-06-30,114.07,114.79,113.65,114.53,76.731,+0.54%,52230600
2004-07-01,114.25,114.40,112.58,112.94,75.666,-1.39%,57734700
2004-07-02,113.16,113.29,112.60,112.88,75.626,-0.05%,34615100
2004-07-06,112.37,112.45,111.63,111.89,74.962,-0.88%,38698200
2004-07-07,111.81,112.57,111.75,112.22,75.183,+0.29%,29839800
2004-07-08,111.81,112.32,111.20,111.44,74.661,-0.70%,45291100
2004-07-09,111.72,111.94,111.38,111.73,74.855,+0.26%,27412900
2004-07-12,111.52,112.04,111.00,111.78,74.889,+0.04%,35691300
2004-07-13,111.92,112.02,111.60,111.86,74.942,+0.07%,26752000
2004-07-14,111.26,112.39,111.12,111.52,74.714,-0.30%,54089400
2004-07-15,111.74,111.91,110.70,110.80,74.232,-0.65%,38403500
2004-07-16,111.57,111.67,110.44,110.71,74.172,-0.08%,40871200
2004-07-19,110.75,110.96,109.99,110.24,73.857,-0.42%,39592800
2004-07-20,110.53,111.90,110.25,111.64,74.795,+1.27%,46679800
2004-07-21,111.82,112.06,109.45,109.58,73.415,-1.85%,56241100
2004-07-22,109.36,110.39,108.77,109.88,73.616,+0.27%,72477100
2004-07-23,109.62,109.71,108.69,108.96,72.999,-0.84%,49610500
2004-07-26,109.19,109.43,108.21,108.75,72.859,-0.19%,49679100
2004-07-27,109.05,110.11,108.97,109.77,73.542,+0.94%,51295100
2004-07-28,109.55,110.37,108.59,110.10,73.763,+0.30%,65862300
2004-07-29,110.54,110.87,110.00,110.57,74.078,+0.43%,52200500
2004-07-30,110.32,110.90,110.10,110.84,74.259,+0.24%,41581700
2004-08-02,110.19,111.36,110.05,111.07,74.413,+0.21%,38263100
2004-08-03,110.93,111.06,110.16,110.21,73.837,-0.77%,40948800
2004-08-04,109.89,110.75,109.64,110.20,73.830,-0.01%,40763200
2004-08-05,110.29,110.38,108.27,108.40,72.624,-1.63%,50772000
2004-08-06,107.63,107.96,106.62,106.85,71.586,-1.43%,74729000
2004-08-09,107.02,107.48,106.87,107.00,71.686,+0.14%,37476300
2004-08-10,107.31,108.41,107.26,108.38,72.611,+1.29%,55870600
2004-08-11,107.68,108.33,107.10,108.16,72.463,-0.20%,52933200
2004-08-12,107.68,107.95,106.63,106.98,71.673,-1.09%,50015900
2004-08-13,107.10,107.35,106.59,107.19,71.813,+0.20%,41634700
2004-08-16,107.14,108.64,107.10,108.30,72.557,+1.04%,45731900
2004-08-17,108.75,109.28,108.53,108.91,72.966,+0.56%,40701600
2004-08-18,108.52,110.17,108.49,110.03,73.716,+1.03%,43165400
2004-08-19,109.81,110.02,109.18,109.71,73.502,-0.29%,39881600
2004-08-20,109.61,110.63,109.51,110.48,74.018,+0.70%,44870900
2004-08-23,110.55,110.77,110.05,110.20,73.830,-0.25%,33745100
2004-08-24,110.64,110.73,109.85,110.35,73.931,+0.14%,30453100
2004-08-25,110.33,111.27,109.90,111.10,74.433,+0.68%,38551400
2004-08-26,110.96,111.31,110.85,111.10,74.433,0.00%,26629500
2004-08-27,111.20,111.63,111.05,111.45,74.668,+0.32%,24902900
2004-08-30,111.22,111.34,110.45,110.53,74.051,-0.83%,26726500
2004-08-31,110.66,111.16,110.10,111.11,74.440,+0.52%,44125300
2004-09-01,110.95,111.64,110.48,111.32,74.580,+0.19%,52778300
2004-09-02,111.24,112.70,111.24,112.58,75.425,+1.13%,42736600
2004-09-03,112.33,112.82,112.01,112.12,75.116,-0.41%,30480500
2004-09-07,112.54,113.13,112.32,112.86,75.612,+0.66%,37338800
2004-09-08,112.62,113.06,112.31,112.58,75.425,-0.25%,32963100
2004-09-09,112.57,112.88,112.03,112.48,75.358,-0.09%,34314800
2004-09-10,112.52,113.27,112.08,113.06,75.746,+0.52%,27900600
2004-09-13,113.31,113.74,113.01,113.43,75.994,+0.33%,44398100
2004-09-14,113.30,113.69,113.19,113.66,76.148,+0.20%,28048900
2004-09-15,113.30,113.36,112.68,112.80,75.572,-0.76%,38295000
2004-09-16,112.85,113.37,112.80,113.14,75.800,+0.30%,23911700
2004-09-17,112.95,113.36,112.69,113.15,76.121,+0.01%,33683000
2004-09-20,112.67,112.99,112.28,112.47,75.663,-0.60%,37149400
2004-09-21,112.75,113.47,112.54,112.96,75.993,+0.44%,40920800
2004-09-22,112.50,112.52,111.47,111.55,75.044,-1.25%,49042100
2004-09-23,111.60,111.70,110.95,110.95,74.640,-0.54%,44068700
2004-09-24,111.17,111.73,111.13,111.46,74.984,+0.46%,34981100
2004-09-27,111.10,111.20,110.58,110.75,74.506,-0.64%,39355100
2004-09-28,110.91,111.51,110.41,111.28,74.862,+0.48%,41662900
2004-09-29,111.21,111.85,111.00,111.84,75.239,+0.50%,33325700
2004-09-30,111.55,111.98,111.26,111.76,75.185,-0.07%,43536700
2004-10-01,112.26,113.65,112.21,113.65,76.457,+1.69%,62824300
2004-10-04,114.10,114.44,113.80,113.84,76.585,+0.17%,33082400
2004-10-05,113.85,114.16,113.54,113.90,76.625,+0.05%,36910600
2004-10-06,113.77,114.68,113.68,114.68,77.150,+0.68%,42297800
2004-10-07,114.38,114.40,113.36,113.45,76.322,-1.07%,39388800
2004-10-08,113.15,113.77,112.35,112.51,75.690,-0.83%,51872600
2004-10-11,112.78,113.02,112.64,112.97,75.999,+0.41%,20229100
2004-10-12,112.20,112.83,111.94,112.53,75.703,-0.39%,41754700
2004-10-13,113.00,113.07,111.32,111.54,75.037,-0.88%,54212600
2004-10-14,111.68,111.93,110.58,110.64,74.432,-0.81%,64082200
2004-10-15,111.02,111.74,110.57,111.26,74.849,+0.56%,63482200
2004-10-18,110.89,111.90,110.70,111.68,75.132,+0.38%,43535100
2004-10-19,112.02,112.23,110.59,110.74,74.499,-0.84%,55851900
2004-10-20,110.38,110.82,109.75,110.52,74.351,-0.20%,57118500
2004-10-21,110.79,111.32,110.21,111.24,74.836,+0.65%,53218300
2004-10-22,111.19,111.25,109.86,109.99,73.995,-1.12%,48752400
2004-10-25,109.75,110.12,109.35,109.86,73.907,-0.12%,43990900
2004-10-26,110.13,111.60,109.88,111.54,75.037,+1.53%,54337400
2004-10-27,111.38,113.10,111.12,112.88,75.939,+1.20%,73896000
2004-10-28,112.78,113.56,112.49,113.22,76.168,+0.30%,54413300
2004-10-29,113.12,113.64,112.90,113.20,76.154,-0.02%,48820200
2004-11-01,113.56,113.84,113.20,113.51,76.363,+0.27%,36720900
2004-11-02,113.67,114.57,113.22,113.55,76.390,+0.04%,56210000
2004-11-03,115.03,115.36,114.24,114.98,77.352,+1.26%,76960200
2004-11-04,114.78,116.67,114.68,116.55,78.408,+1.37%,55350300
2004-11-05,117.05,117.64,116.49,117.28,78.899,+0.63%,63287200
2004-11-08,116.98,117.23,116.72,117.11,78.785,-0.14%,33863800
2004-11-09,117.08,117.50,116.76,116.88,78.630,-0.20%,44658100
2004-11-10,117.06,117.55,116.76,116.97,78.690,+0.08%,45265400
2004-11-11,117.18,118.12,117.10,117.86,79.289,+0.76%,37863200
2004-11-12,117.97,119.00,117.68,118.79,79.915,+0.79%,55583700
2004-11-15,118.50,118.77,118.23,118.73,80.111,-0.05%,35297900
2004-11-16,118.36,118.41,117.73,117.88,79.537,-0.72%,40028700
2004-11-17,118.37,119.14,118.07,118.58,80.009,+0.59%,54494000
2004-11-18,118.53,118.80,118.23,118.74,80.117,+0.13%,31854300
2004-11-19,118.70,118.72,117.14,117.42,79.227,-1.11%,54276500
2004-11-22,117.17,118.12,117.03,117.98,79.605,+0.48%,37560200
2004-11-23,117.93,118.26,117.37,118.16,79.726,+0.15%,41968800
2004-11-24,118.27,118.59,118.05,118.44,79.915,+0.24%,29724800
2004-11-26,118.51,118.98,118.30,118.35,79.854,-0.08%,15487700
2004-11-29,118.79,119.01,117.48,117.81,79.490,-0.46%,61460800
2004-11-30,118.00,118.24,117.64,117.89,79.544,+0.07%,53685200
2004-12-01,118.16,119.50,118.10,119.23,80.448,+1.14%,49898300
2004-12-02,119.10,119.87,119.01,119.33,80.515,+0.08%,60163500
2004-12-03,119.31,120.14,119.09,119.25,80.461,-0.07%,49067900
2004-12-06,119.21,119.64,118.84,119.21,80.434,-0.03%,33030500
2004-12-07,119.49,119.62,118.04,118.10,79.685,-0.93%,52047200
2004-12-08,118.21,118.82,118.01,118.79,80.151,+0.58%,43895100
2004-12-09,118.14,119.46,117.73,119.21,80.434,+0.35%,60922800
2004-12-10,118.92,119.56,118.85,119.33,80.515,+0.10%,47828600
2004-12-13,119.76,120.40,119.35,120.37,81.217,+0.87%,38541000
2004-12-14,120.18,120.96,120.18,120.79,81.501,+0.35%,41500700
2004-12-15,120.70,121.11,120.31,120.88,81.561,+0.07%,46699200
2004-12-16,120.72,121.24,120.04,120.81,81.514,-0.06%,51641800
2004-12-17,119.46,119.97,119.16,119.44,80.973,-1.13%,70761900
2004-12-20,119.75,120.29,119.17,119.47,80.993,+0.03%,47187400
2004-12-21,119.60,120.48,119.46,120.39,81.617,+0.77%,33094200
2004-12-22,120.38,121.08,120.30,120.68,81.813,+0.24%,31500700
2004-12-23,120.87,121.28,120.66,120.77,81.874,+0.07%,25646100
2004-12-27,121.20,121.36,120.39,120.52,81.705,-0.21%,29944100
2004-12-28,120.64,121.33,120.60,121.18,82.152,+0.55%,23422900
2004-12-29,121.08,121.40,120.95,121.36,82.274,+0.15%,22650600
2004-12-30,121.40,121.57,121.04,121.13,82.118,-0.19%,21076900
2004-12-31,121.30,121.66,120.80,120.87,81.942,-0.21%,28648800
2005-01-03,121.56,121.76,119.90,120.30,81.556,-0.47%,55748000
2005-01-04,120.46,120.54,118.44,118.83,80.559,-1.22%,69167600
2005-01-05,118.74,119.25,118.00,118.01,80.003,-0.69%,65667300
2005-01-06,118.44,119.15,118.26,118.61,80.410,+0.51%,47814700
2005-01-07,118.97,119.23,118.13,118.44,80.295,-0.14%,55847700
2005-01-10,118.34,119.46,118.34,119.00,80.674,+0.47%,56563300
2005-01-11,118.64,118.74,117.99,118.18,80.119,-0.69%,63099700
2005-01-12,118.40,118.84,117.52,118.57,80.383,+0.33%,72720500
2005-01-13,118.64,118.73,117.50,117.62,79.739,-0.80%,55537500
2005-01-14,117.97,118.53,117.76,118.24,80.159,+0.53%,42032500
2005-01-18,118.05,119.62,117.95,119.47,80.993,+1.04%,57391700
2005-01-19,119.43,119.52,118.21,118.22,80.146,-1.05%,54378900
2005-01-20,117.89,118.20,117.29,117.50,79.658,-0.61%,72049300
2005-01-21,117.79,118.00,116.65,116.78,79.169,-0.61%,63160400
2005-01-24,117.09,117.34,116.37,116.55,79.014,-0.20%,58441900
2005-01-25,116.91,117.47,116.72,116.88,79.237,+0.28%,68245000
2005-01-26,117.32,117.60,117.04,117.23,79.475,+0.30%,57195100
2005-01-27,117.19,117.75,116.98,117.43,79.610,+0.17%,55878800
2005-01-28,117.49,117.55,116.61,117.43,79.610,0.00%,60738900
2005-01-31,117.95,118.25,117.71,118.16,80.105,+0.62%,52532700
2005-02-01,118.25,119.08,118.10,118.91,80.613,+0.63%,49841200
2005-02-02,119.06,119.59,118.90,119.27,80.858,+0.30%,52468900
2005-02-03,119.06,119.16,118.57,118.96,80.647,-0.26%,48837100
2005-02-04,119.00,120.43,118.98,120.23,81.508,+1.07%,50024600
2005-02-07,120.25,120.52,119.96,120.07,81.400,-0.13%,45412000
2005-02-08,120.17,120.65,120.07,120.21,81.495,+0.12%,39263500
2005-02-09,120.42,120.49,119.25,119.31,80.885,-0.75%,55279400
2005-02-10,119.66,120.02,119.26,119.74,81.176,+0.36%,45858600
2005-02-11,119.70,121.04,119.46,120.77,81.874,+0.86%,53133000
2005-02-14,120.69,120.86,120.48,120.68,81.813,-0.07%,32432100
2005-02-15,120.80,121.43,120.68,121.13,82.118,+0.37%,43852700
2005-02-16,120.93,121.46,120.67,121.21,82.173,+0.07%,55523000
2005-02-17,121.23,121.33,120.22,120.23,81.508,-0.81%,58124000
2005-02-18,120.24,120.48,119.90,120.39,81.617,+0.13%,47723300
2005-02-22,119.90,120.47,118.58,118.60,80.403,-1.49%,80697600
2005-02-23,118.93,119.57,118.62,119.45,80.980,+0.72%,68292600
2005-02-24,119.24,120.32,118.98,120.24,81.515,+0.66%,68563600
2005-02-25,120.27,121.67,120.18,121.43,82.322,+0.99%,60899900
2005-02-28,121.15,121.30,120.04,120.63,81.780,-0.66%,69381300
2005-03-01,120.82,121.52,120.78,121.23,82.186,+0.50%,47294400
2005-03-02,120.76,121.93,120.65,121.17,82.146,-0.05%,64226500
2005-03-03,121.66,121.90,120.70,121.22,82.180,+0.04%,61230800
2005-03-04,122.05,122.83,121.79,122.73,83.203,+1.25%,56168500
2005-03-07,122.66,123.25,122.40,122.79,83.244,+0.05%,43442400
2005-03-08,122.67,123.00,122.11,122.33,82.932,-0.37%,44362000
2005-03-09,121.97,122.29,120.96,120.97,82.010,-1.11%,73263600
2005-03-10,121.20,121.50,120.40,121.24,82.193,+0.22%,65149000
2005-03-11,121.31,121.72,120.16,120.39,81.617,-0.70%,57976500
2005-03-14,120.61,121.16,120.28,121.14,82.125,+0.62%,36336400
2005-03-15,121.42,121.46,120.08,120.14,81.447,-0.83%,62438500
2005-03-16,119.70,120.16,118.90,119.12,80.756,-0.85%,74874200
2005-03-17,119.31,119.74,118.98,119.36,80.919,+0.20%,62584200
2005-03-18,119.11,119.53,118.15,118.54,80.679,-0.69%,60232000
2005-03-21,118.71,118.78,117.76,118.10,80.380,-0.37%,61244300
2005-03-22,118.37,118.93,116.90,116.90,79.563,-1.02%,92472400
2005-03-23,116.95,117.72,116.75,117.00,79.631,+0.09%,70817300
2005-03-24,117.46,117.99,117.06,117.14,79.726,+0.12%,51932500
2005-03-28,117.42,117.94,117.31,117.31,79.842,+0.15%,46765500
2005-03-29,117.14,117.90,116.25,116.53,79.311,-0.66%,71160300
2005-03-30,116.78,118.20,116.77,118.18,80.434,+1.42%,62002100
2005-03-31,118.19,118.46,117.87,117.96,80.285,-0.19%,64575400
2005-04-01,118.63,118.99,116.91,117.43,79.924,-0.45%,95255300
2005-04-04,117.36,117.86,116.74,117.63,80.060,+0.17%,71581200
2005-04-05,117.78,118.38,117.67,118.19,80.441,+0.48%,46853900
2005-04-06,118.45,118.95,118.18,118.60,80.720,+0.35%,53268200
2005-04-07,118.41,119.26,118.32,119.24,81.156,+0.54%,46734600
2005-04-08,119.17,119.21,118.00,118.00,80.312,-1.04%,63772900
2005-04-11,118.29,118.42,117.83,118.09,80.373,+0.08%,44945000
2005-04-12,117.89,119.06,117.07,118.70,80.788,+0.52%,86144800
2005-04-13,118.56,118.80,117.13,117.30,79.835,-1.18%,65949000
2005-04-14,117.40,117.50,115.77,115.77,78.794,-1.30%,96119800
2005-04-15,115.74,116.20,114.10,114.15,77.691,-1.40%,128677300
2005-04-18,114.12,114.96,113.96,114.50,77.930,+0.31%,100035200
2005-04-19,115.10,115.53,114.83,115.41,78.549,+0.79%,64930100
2005-04-20,115.38,115.63,113.55,113.80,77.453,-1.40%,107735900
2005-04-21,114.79,116.21,114.38,116.01,78.957,+1.94%,86952200
2005-04-22,115.74,116.50,114.27,115.57,78.658,-0.38%,88845800
2005-04-25,115.86,116.50,115.72,116.33,79.175,+0.66%,52284100
2005-04-26,115.96,116.77,115.15,115.20,78.406,-0.97%,72626000
2005-04-27,114.86,116.07,114.44,115.65,78.712,+0.39%,84131900
2005-04-28,115.27,115.68,114.20,114.20,77.725,-1.25%,72481500
2005-04-29,115.07,115.87,113.97,115.75,78.780,+1.36%,103993800
2005-05-02,116.07,116.41,115.52,116.40,79.223,+0.56%,56026400
2005-05-03,116.07,116.85,115.69,116.60,79.359,+0.17%,86000300
2005-05-04,116.65,117.75,116.28,117.50,79.971,+0.77%,81055700
2005-05-05,117.67,118.00,116.74,117.46,79.944,-0.03%,96906700
2005-05-06,117.93,117.99,117.06,117.09,79.692,-0.32%,67415400
2005-05-09,117.21,118.08,117.05,117.82,80.189,+0.62%,43750500
2005-05-10,117.36,117.50,116.39,116.60,79.359,-1.04%,74613500
2005-05-11,116.93,117.40,115.85,117.24,79.795,+0.55%,91647400
2005-05-12,117.32,117.59,115.95,115.95,78.917,-1.10%,95086800
2005-05-13,116.30,116.62,114.80,115.72,78.760,-0.20%,85267000
2005-05-16,115.70,116.84,115.66,116.80,79.495,+0.93%,49207000
2005-05-17,116.41,117.70,116.16,117.58,80.026,+0.67%,61071800
2005-05-18,118.09,119.08,118.01,118.79,80.849,+1.03%,77944900
2005-05-19,119.02,119.41,118.70,119.29,81.190,+0.42%,61768100
2005-05-20,119.34,119.39,118.74,119.12,81.074,-0.14%,46345500
2005-05-23,119.21,120.04,119.19,119.78,81.523,+0.55%,51047900
2005-05-24,119.44,119.83,119.20,119.50,81.333,-0.23%,50654100
2005-05-25,119.35,119.87,118.83,119.41,81.271,-0.08%,47608800
2005-05-26,119.79,120.21,119.62,120.05,81.707,+0.54%,43256200
2005-05-27,120.06,120.25,119.80,120.25,81.843,+0.17%,24596100
2005-05-31,120.08,120.17,119.40,119.48,81.319,-0.64%,43377200
2005-06-01,119.52,120.92,119.45,120.50,82.013,+0.85%,69611000
2005-06-02,120.23,120.84,120.10,120.76,82.190,+0.22%,39704500
2005-06-03,120.55,120.89,119.73,120.15,81.775,-0.51%,60999400
2005-06-06,119.95,120.20,119.55,120.04,81.700,-0.09%,36046400
2005-06-07,120.39,121.25,120.01,120.13,81.761,+0.07%,66501300
2005-06-08,120.43,120.59,119.67,119.91,81.612,-0.18%,46881200
2005-06-09,119.74,120.58,119.44,120.48,82.000,+0.48%,56653300
2005-06-10,120.56,120.65,119.60,120.20,81.809,-0.23%,36465300
2005-06-13,119.94,121.08,119.81,120.58,82.068,+0.32%,49383200
2005-06-14,120.45,121.20,120.38,120.86,82.258,+0.23%,33857100
2005-06-15,121.16,121.24,120.23,121.09,82.415,+0.19%,53195600
2005-06-16,121.06,121.64,120.92,121.40,82.626,+0.26%,46564500
2005-06-17,121.54,121.90,121.22,121.36,82.930,-0.03%,51529400
2005-06-20,121.08,121.84,120.94,121.40,82.958,+0.03%,41019400
2005-06-21,121.50,121.65,121.03,121.47,83.006,+0.06%,39879800
2005-06-22,121.68,121.94,121.07,121.57,83.074,+0.08%,46310100
2005-06-23,121.32,121.60,119.83,119.86,81.905,-1.41%,62185600
2005-06-24,119.88,120.01,118.84,118.98,81.304,-0.73%,58572500
2005-06-27,118.97,119.41,118.75,119.15,81.420,+0.14%,48183800
2005-06-28,119.40,120.24,119.37,120.15,82.104,+0.84%,41174200
2005-06-29,120.37,120.40,119.76,119.83,81.885,-0.27%,42316500
2005-06-30,120.22,120.32,118.95,119.18,81.441,-0.54%,62288800
2005-07-01,119.45,119.80,119.21,119.53,81.680,+0.29%,49737500
2005-07-05,119.25,120.65,119.19,120.49,82.336,+0.80%,51549000
2005-07-06,120.39,120.65,119.41,119.48,81.646,-0.84%,52363600
2005-07-07,118.29,119.95,118.26,119.95,81.967,+0.39%,103268800
2005-07-08,119.97,121.32,119.72,121.32,82.903,+1.14%,64491200
2005-07-11,121.33,122.10,121.31,121.94,83.327,+0.51%,49688300
2005-07-12,121.99,122.63,121.64,122.26,83.546,+0.26%,51871100
2005-07-13,122.27,122.52,121.99,122.43,83.662,+0.14%,41182300
2005-07-14,122.98,123.44,122.49,122.91,83.990,+0.39%,63638800
2005-07-15,122.79,123.04,122.36,122.84,83.942,-0.06%,56075900
2005-07-18,122.50,122.63,122.05,122.35,83.607,-0.40%,56598400
2005-07-19,122.71,123.11,122.41,123.02,84.065,+0.55%,59165700
2005-07-20,122.59,123.73,122.30,123.44,84.352,+0.34%,69477000
2005-07-21,123.55,123.61,122.47,122.72,83.860,-0.58%,101110900
2005-07-22,122.88,123.56,122.63,123.54,84.420,+0.67%,52607100
2005-07-25,123.41,123.95,122.85,123.19,84.181,-0.28%,57301600
2005-07-26,123.23,123.53,122.95,123.34,84.284,+0.12%,42758800
2005-07-27,123.50,123.89,123.05,123.79,84.591,+0.36%,43181600
2005-07-28,123.96,124.64,123.64,124.57,85.124,+0.63%,47880700
2005-07-29,124.41,124.63,123.50,123.74,84.557,-0.67%,62358100
2005-08-01,123.83,124.04,123.45,123.65,84.495,-0.07%,40418200
2005-08-02,123.87,124.60,123.74,124.39,85.001,+0.60%,45147400
2005-08-03,124.25,124.74,124.12,124.72,85.227,+0.27%,36837200
2005-08-04,124.23,124.31,123.57,123.72,84.543,-0.80%,50855600
2005-08-05,123.45,123.98,122.67,122.88,83.969,-0.68%,53595500
2005-08-08,123.15,123.41,122.38,122.65,83.812,-0.19%,47616000
2005-08-09,123.06,123.59,122.87,123.39,84.318,+0.60%,47170000
2005-08-10,123.82,124.50,122.82,123.33,84.277,-0.05%,72863700
2005-08-11,123.27,124.03,123.01,123.82,84.612,+0.40%,58570200
2005-08-12,123.57,123.69,122.75,123.06,84.092,-0.61%,54776900
2005-08-15,123.22,123.87,122.83,123.82,84.612,+0.62%,36208500
2005-08-16,123.44,123.52,122.09,122.21,83.511,-1.30%,71942100
2005-08-17,122.19,122.87,122.03,122.20,83.505,-0.01%,62275100
2005-08-18,122.05,122.56,121.84,122.19,83.498,-0.01%,53388600
2005-08-19,122.63,122.82,122.20,122.47,83.689,+0.23%,39842100
2005-08-22,122.58,123.23,121.88,122.47,83.689,0.00%,69912000
2005-08-23,122.50,122.61,121.15,122.24,83.532,-0.19%,55168600
2005-08-24,121.94,122.73,121.09,121.15,82.787,-0.89%,79104600
2005-08-25,121.35,121.67,121.21,121.59,83.088,+0.36%,35631100
2005-08-26,121.48,121.49,120.68,120.76,82.520,-0.68%,61956800
2005-08-29,120.41,121.78,120.38,121.69,83.156,+0.77%,56179200
2005-08-30,121.25,121.30,120.39,121.05,82.719,-0.53%,74160200
2005-08-31,121.19,122.66,120.74,122.58,83.764,+1.26%,102945200
2005-09-01,122.52,123.15,121.14,122.49,83.703,-0.07%,74578700
2005-09-02,122.85,122.88,122.04,122.27,83.552,-0.18%,47653400
2005-09-06,122.66,123.80,122.65,123.70,84.530,+1.17%,57251300
2005-09-07,123.63,124.13,123.46,123.91,84.673,+0.17%,41749700
2005-09-08,123.66,124.00,123.31,123.50,84.393,-0.33%,39068700
2005-09-09,123.83,124.74,123.80,124.60,85.145,+0.89%,43093900
2005-09-12,124.45,124.67,124.27,124.35,84.974,-0.20%,33017600
2005-09-13,124.13,124.42,123.52,123.66,84.502,-0.55%,58427500
2005-09-14,123.74,123.92,123.02,123.21,84.195,-0.36%,57694600
2005-09-15,123.59,123.65,122.90,123.15,84.154,-0.05%,73156900
2005-09-16,123.30,123.74,122.87,123.50,84.749,+0.28%,75424100
2005-09-19,123.47,123.55,122.64,123.09,84.468,-0.33%,53355300
2005-09-20,123.20,123.61,121.87,122.05,83.754,-0.84%,84480300
2005-09-21,121.79,121.87,120.78,120.91,82.972,-0.93%,94469100
2005-09-22,120.95,121.66,120.44,121.34,83.267,+0.36%,84597200
2005-09-23,121.24,121.89,120.90,121.44,83.336,+0.08%,59368100
2005-09-26,122.02,122.24,121.08,121.58,83.432,+0.12%,70415400
2005-09-27,121.52,121.99,121.02,121.55,83.411,-0.02%,66150800
2005-09-28,121.93,122.12,121.20,121.67,83.494,+0.10%,58620500
2005-09-29,121.55,122.86,121.08,122.66,84.173,+0.81%,66607700
2005-09-30,122.62,123.04,121.74,123.04,84.434,+0.31%,47824200
2005-10-03,122.96,123.34,122.45,122.60,84.132,-0.36%,50994800
2005-10-04,122.79,123.03,121.16,121.22,83.185,-1.13%,60776300
2005-10-05,121.25,121.31,119.57,119.63,82.094,-1.31%,106052100
2005-10-06,119.78,120.26,118.17,119.20,81.799,-0.36%,140941800
2005-10-07,119.70,120.05,119.13,119.61,82.080,+0.34%,75661400
2005-10-10,119.68,119.71,118.30,118.60,81.387,-0.84%,52677000
2005-10-11,118.99,119.39,118.32,118.43,81.270,-0.14%,75629800
2005-10-12,118.39,119.13,117.41,117.50,80.632,-0.79%,100510400
2005-10-13,117.46,118.08,116.88,117.43,80.584,-0.06%,99052900
2005-10-14,118.12,118.81,117.56,118.67,81.435,+1.06%,88651000
2005-10-17,118.80,119.27,118.45,119.11,81.737,+0.37%,68109300
2005-10-18,118.94,118.96,117.80,117.82,80.852,-1.08%,74996900
2005-10-19,117.50,119.80,117.12,119.78,82.197,+1.66%,116563800
2005-10-20,119.49,119.81,117.30,117.67,80.749,-1.76%,131966700
2005-10-21,118.29,118.78,117.51,118.13,81.064,+0.39%,96579500
2005-10-24,118.44,120.09,118.41,119.96,82.320,+1.55%,71308400
2005-10-25,119.72,120.24,118.94,119.72,82.155,-0.20%,76594500
2005-10-26,119.51,120.54,119.19,119.37,81.915,-0.29%,80855800
2005-10-27,119.20,119.37,117.93,118.10,81.044,-1.06%,66623100
2005-10-28,118.43,119.95,118.10,119.80,82.210,+1.44%,72322000
2005-10-31,120.29,121.30,120.13,120.13,82.437,+0.28%,77698900
2005-11-01,120.58,120.90,120.22,120.49,82.684,+0.30%,66365100
2005-11-02,120.17,121.75,120.13,121.75,83.548,+1.05%,74012300
2005-11-03,122.15,122.66,121.75,122.27,83.905,+0.43%,84897600
2005-11-04,122.40,122.46,121.55,122.11,83.795,-0.13%,59156000
2005-11-07,122.37,122.62,121.85,122.23,83.878,+0.10%,46765400
2005-11-08,121.93,122.42,121.79,122.23,83.878,0.00%,42152800
2005-11-09,122.08,122.95,121.86,122.39,83.988,+0.13%,57666800
2005-11-10,122.34,123.52,121.75,123.34,84.640,+0.78%,79048100
2005-11-11,123.35,123.84,122.43,123.76,84.928,+0.34%,34867000
2005-11-14,123.79,124.02,123.38,123.69,84.880,-0.06%,45092200
2005-11-15,123.55,124.09,122.86,123.24,84.571,-0.36%,69592500
2005-11-16,123.37,123.55,122.98,123.49,84.742,+0.20%,51133000
2005-11-17,123.68,124.65,123.14,124.64,85.532,+0.93%,55717500
2005-11-18,125.06,125.28,124.33,125.13,85.868,+0.39%,72437200
2005-11-21,125.15,125.91,124.98,125.76,86.300,+0.50%,50021200
2005-11-22,125.56,126.52,125.42,126.30,86.671,+0.43%,66438800
2005-11-23,126.25,127.41,126.21,127.03,87.172,+0.58%,50854700
2005-11-25,126.98,127.22,126.81,127.13,87.240,+0.08%,15270000
2005-11-28,127.25,127.27,126.04,126.23,86.623,-0.71%,54498500
2005-11-29,126.65,126.98,126.09,126.09,86.527,-0.11%,51738900
2005-11-30,126.16,126.52,125.29,125.41,86.060,-0.54%,56007200
2005-12-01,126.02,127.03,125.98,126.69,86.938,+1.02%,65468200
2005-12-02,126.77,127.08,126.50,126.85,87.048,+0.13%,46699400
2005-12-05,126.70,126.73,126.18,126.58,86.863,-0.21%,59273400
2005-12-06,127.05,127.74,126.63,126.82,87.028,+0.19%,57935200
2005-12-07,126.77,126.87,125.68,126.08,86.520,-0.58%,66816500
2005-12-08,126.22,126.82,125.48,126.00,86.465,-0.06%,62608600
2005-12-09,126.16,126.78,125.82,126.33,86.691,+0.26%,50744500
2005-12-12,126.71,126.86,125.96,126.45,86.774,+0.09%,48389900
2005-12-13,126.42,127.70,126.29,127.31,87.364,+0.68%,88630900
2005-12-14,127.19,128.09,127.14,127.81,87.707,+0.39%,64375000
2005-12-15,127.84,128.00,127.18,127.44,87.453,-0.29%,55900300
2005-12-16,127.28,127.36,126.36,126.36,87.173,-0.85%,46238300
2005-12-19,126.73,126.87,125.69,125.71,86.724,-0.51%,48733000
2005-12-20,125.86,126.59,125.48,125.83,86.807,+0.10%,46603200
2005-12-21,126.22,126.76,125.80,126.03,86.945,+0.16%,51806900
2005-12-22,126.31,126.69,126.08,126.69,87.401,+0.52%,32247900
2005-12-23,126.78,126.86,126.42,126.76,87.449,+0.06%,27977300
2005-12-27,126.96,127.05,125.38,125.47,86.559,-1.02%,44499500
2005-12-28,125.74,125.99,125.50,125.75,86.752,+0.22%,30764300
2005-12-29,125.72,125.96,125.06,125.19,86.366,-0.45%,32788900
2005-12-30,124.80,125.06,124.36,124.51,85.897,-0.54%,44645600
2006-01-03,125.19,127.00,124.39,126.70,87.407,+1.76%,73256700
2006-01-04,126.86,127.49,126.70,127.30,87.821,+0.47%,51899600
2006-01-05,127.15,127.59,126.88,127.38,87.877,+0.06%,47307500
2006-01-06,128.02,128.58,127.36,128.44,88.608,+0.83%,62885900
2006-01-09,128.42,129.06,128.38,128.77,88.835,+0.26%,43527400
2006-01-10,128.39,128.98,128.26,128.90,88.925,+0.10%,44960800
2006-01-11,129.02,129.44,128.73,129.31,89.208,+0.32%,49598900
2006-01-12,129.08,129.28,128.44,128.80,88.856,-0.39%,40509200
2006-01-13,128.57,128.90,128.20,128.68,88.773,-0.09%,44856700
2006-01-17,128.20,128.42,127.81,128.33,88.532,-0.27%,52066600
2006-01-18,127.58,128.90,127.16,127.82,88.180,-0.40%,75067600
2006-01-19,128.13,128.77,127.81,128.31,88.518,+0.38%,81530400
2006-01-20,128.28,128.31,125.97,125.97,86.904,-1.82%,114957800
2006-01-23,126.21,126.82,126.13,126.42,87.214,+0.36%,67017400
2006-01-24,126.63,127.15,126.42,126.55,87.304,+0.10%,53008800
2006-01-25,127.04,127.18,125.84,126.66,87.380,+0.09%,87747700
2006-01-26,127.25,127.67,126.76,127.36,87.863,+0.55%,71294000
2006-01-27,127.66,128.66,127.45,128.54,88.677,+0.93%,65771200
2006-01-30,128.44,128.81,128.35,128.44,88.608,-0.08%,33709600
2006-01-31,128.32,128.54,127.49,127.50,87.959,-0.73%,72937000
2006-02-01,127.82,128.43,127.72,128.39,88.573,+0.70%,63561000
2006-02-02,128.10,128.14,126.80,126.90,87.545,-1.16%,83626900
2006-02-03,126.58,128.39,126.14,126.27,87.111,-0.50%,86040400
2006-02-06,126.44,126.80,126.17,126.60,87.338,+0.26%,45511900
2006-02-07,126.38,126.66,125.40,125.48,86.566,-0.88%,71208100
2006-02-08,125.85,128.10,125.60,126.62,87.352,+0.91%,59422200
2006-02-09,126.92,127.60,126.37,126.41,87.207,-0.17%,62023300
2006-02-10,126.43,127.13,125.45,126.64,87.366,+0.18%,64508700
2006-02-13,126.60,126.79,125.95,126.41,87.207,-0.18%,52308700
2006-02-14,126.46,128.03,126.21,127.75,88.132,+1.06%,90964400
2006-02-15,127.68,128.32,127.24,128.20,88.442,+0.35%,85471300
2006-02-16,128.34,129.21,128.18,129.16,89.105,+0.75%,61017900
2006-02-17,129.05,129.16,128.58,128.81,88.863,-0.27%,40342600
2006-02-21,129.11,129.40,128.29,128.49,88.642,-0.25%,46456300
2006-02-22,128.77,129.65,128.65,129.27,89.180,+0.61%,42326700
2006-02-23,129.27,129.64,128.28,129.08,89.049,-0.15%,43423200
2006-02-24,129.11,129.48,128.76,129.41,89.277,+0.26%,36777400
2006-02-27,129.40,130.04,129.28,129.46,89.312,+0.04%,35858600
2006-02-28,129.20,129.91,128.13,128.23,88.463,-0.95%,74394800
2006-03-01,128.60,129.49,128.50,129.37,89.249,+0.89%,48641600
2006-03-02,128.90,129.42,128.61,129.36,89.243,-0.01%,60642300
2006-03-03,128.67,130.07,128.65,128.76,88.829,-0.46%,73402500
2006-03-06,129.14,129.18,127.85,128.17,88.422,-0.46%,57478400
2006-03-07,127.86,128.06,127.40,127.97,88.284,-0.16%,61780800
2006-03-08,127.70,128.44,127.18,128.24,88.470,+0.21%,66692400
2006-03-09,128.28,128.68,127.38,127.38,87.877,-0.67%,56313600
2006-03-10,127.71,128.84,127.44,128.59,88.711,+0.95%,60490800
2006-03-13,128.84,129.16,128.53,128.83,88.877,+0.19%,45479100
2006-03-14,128.71,130.23,128.61,130.18,89.808,+1.05%,69877300
2006-03-15,130.15,130.86,129.85,130.76,90.208,+0.45%,53398900
2006-03-16,131.01,131.47,130.84,131.03,90.395,+0.21%,65526400
2006-03-17,130.68,130.90,130.38,130.62,90.470,-0.31%,47286800
2006-03-20,130.64,130.90,130.21,130.41,90.325,-0.16%,45538500
2006-03-21,130.37,130.99,129.45,129.59,89.757,-0.63%,87102700
2006-03-22,129.51,130.51,129.45,130.38,90.304,+0.61%,51605700
2006-03-23,130.26,130.39,129.66,130.11,90.117,-0.21%,46704200
2006-03-24,129.99,130.57,129.74,130.21,90.186,+0.08%,43209200
2006-03-27,130.03,130.28,129.74,130.02,90.055,-0.15%,32523000
2006-03-28,129.93,130.53,129.05,129.22,89.500,-0.62%,82079900
2006-03-29,129.41,130.50,129.29,130.03,90.061,+0.63%,61505700
2006-03-30,130.11,130.98,129.55,129.80,89.902,-0.18%,70571700
2006-03-31,130.02,130.24,129.37,129.83,89.923,+0.02%,62925600
2006-04-03,130.07,130.87,129.49,129.73,89.854,-0.08%,61624700
2006-04-04,129.73,130.73,129.36,130.56,90.429,+0.64%,54809300
2006-04-05,130.61,131.28,130.38,131.01,90.740,+0.34%,50607200
2006-04-06,130.85,131.21,130.19,130.87,90.643,-0.11%,57906200
2006-04-07,131.06,131.40,129.35,129.54,89.722,-1.02%,80180900
2006-04-10,129.74,130.08,129.26,129.74,89.861,+0.15%,41496500
2006-04-11,129.85,130.06,128.25,128.64,89.099,-0.85%,72799400
2006-04-12,128.77,129.13,128.61,128.88,89.265,+0.19%,43033700
2006-04-13,128.59,129.25,128.31,128.71,89.147,-0.13%,51051800
2006-04-17,128.83,129.31,128.02,128.66,89.113,-0.04%,64167700
2006-04-18,128.93,130.94,128.93,130.70,90.526,+1.59%,92531800
2006-04-19,130.75,131.07,130.24,130.95,90.699,+0.19%,87269000
2006-04-20,131.00,131.86,130.60,131.13,90.823,+0.14%,86005500
2006-04-21,131.69,131.79,130.62,131.15,90.837,+0.02%,72342600
2006-04-24,130.89,131.07,130.38,130.91,90.671,-0.18%,52546400
2006-04-25,131.04,131.12,129.92,130.37,90.297,-0.41%,84359800
2006-04-26,130.50,131.14,130.30,130.40,90.318,+0.02%,67262400
2006-04-27,129.90,131.63,129.59,131.03,90.754,+0.48%,124478600
2006-04-28,130.79,131.75,130.71,131.47,91.059,+0.34%,55854400
2006-05-01,131.47,131.80,130.32,130.40,90.318,-0.81%,64990300
2006-05-02,131.01,131.46,130.74,131.38,90.997,+0.75%,49063500
2006-05-03,131.15,131.32,130.45,130.89,90.657,-0.37%,60821300
2006-05-04,131.08,131.62,130.97,131.36,90.983,+0.36%,42921400
2006-05-05,132.05,132.80,131.85,132.52,91.786,+0.88%,62588200
2006-05-08,132.51,132.77,132.36,132.36,91.675,-0.12%,30016700
2006-05-09,132.42,132.77,132.31,132.62,91.855,+0.20%,29864000
2006-05-10,132.41,132.75,131.89,132.55,91.807,-0.05%,64378200
2006-05-11,132.51,132.55,130.52,130.95,90.699,-1.21%,80626900
2006-05-12,130.36,130.72,129.19,129.24,89.514,-1.31%,91726500
2006-05-15,128.79,129.74,128.61,129.50,89.694,+0.20%,84029300
2006-05-16,129.76,130.00,129.01,129.31,89.563,-0.15%,62137600
2006-05-17,128.67,129.10,126.77,126.85,87.859,-1.90%,144789500
2006-05-18,127.35,127.75,126.11,126.21,87.416,-0.50%,87906300
2006-05-19,126.87,127.49,125.80,127.10,88.032,+0.71%,124309400
2006-05-22,126.28,127.17,125.50,126.13,87.360,-0.76%,110852800
2006-05-23,127.18,127.63,125.17,125.17,86.695,-0.76%,92006500
2006-05-24,125.68,126.89,124.76,126.17,87.388,+0.80%,168405000
2006-05-25,126.92,127.73,126.43,127.73,88.468,+1.24%,78977900
2006-05-26,128.01,128.38,127.51,128.38,88.919,+0.51%,62989700
2006-05-30,127.97,128.00,126.05,126.10,87.339,-1.78%,72419900
2006-05-31,126.62,127.51,126.20,127.51,88.316,+1.12%,86926200
2006-06-01,127.38,128.94,127.27,128.73,89.161,+0.96%,73721700
2006-06-02,129.25,129.43,128.32,129.00,89.348,+0.21%,91702600
2006-06-05,128.85,128.86,126.77,127.12,88.046,-1.46%,86105100
2006-06-06,127.21,127.38,125.76,126.81,87.831,-0.24%,130498600
2006-06-07,126.91,127.65,125.79,125.86,87.173,-0.75%,108599400
2006-06-08,125.58,126.50,123.87,125.75,87.097,-0.09%,204957200
2006-06-09,126.36,126.96,125.29,125.35,86.820,-0.32%,94972200
2006-06-12,125.88,125.93,123.82,123.99,85.878,-1.08%,95815900
2006-06-13,123.74,124.84,122.55,122.55,84.881,-1.16%,185688800
2006-06-14,122.84,123.63,122.34,123.50,85.539,+0.78%,163566400
2006-06-15,123.95,126.36,123.86,126.12,87.353,+2.12%,134057000
2006-06-16,125.29,125.56,124.46,124.65,86.720,-1.17%,94253500
2006-06-19,125.40,125.48,123.55,123.67,86.038,-0.79%,95804400
2006-06-20,124.01,124.81,123.72,124.09,86.330,+0.34%,65494700
2006-06-21,124.00,125.70,123.96,125.01,86.970,+0.74%,75008200
2006-06-22,124.95,125.06,124.04,124.46,86.588,-0.44%,74566100
2006-06-23,124.33,125.30,124.03,124.44,86.574,-0.02%,54107000
2006-06-26,124.54,125.06,124.25,124.99,86.956,+0.44%,37899600
2006-06-27,125.01,125.29,123.77,123.91,86.205,-0.86%,69780200
2006-06-28,124.19,124.77,123.65,124.75,86.789,+0.68%,62368100
2006-06-29,125.20,127.35,125.17,127.27,88.543,+2.02%,110634800
2006-06-30,127.54,127.66,126.96,127.28,88.550,+0.01%,54227800
2006-07-03,127.43,128.01,127.31,127.80,88.911,+0.41%,23914000
2006-07-05,127.29,127.45,126.52,127.07,88.404,-0.57%,69653400
2006-07-06,127.20,127.85,127.08,127.44,88.661,+0.29%,50100300
2006-07-07,127.19,127.56,126.29,126.61,88.083,-0.65%,81626500
2006-07-10,126.94,127.43,126.41,126.85,88.250,+0.19%,60964100
2006-07-11,126.61,127.41,125.94,127.41,88.640,+0.44%,73640800
2006-07-12,127.15,127.40,125.72,126.05,87.694,-1.07%,82561300
2006-07-13,125.45,125.68,124.00,124.00,86.268,-1.63%,102405700
2006-07-14,124.13,124.26,122.83,123.52,85.934,-0.39%,103242500
2006-07-17,123.52,124.10,123.15,123.34,85.809,-0.15%,81159000
2006-07-18,123.71,124.05,122.39,123.97,86.247,+0.51%,122771000
2006-07-19,124.18,126.26,123.72,125.69,87.443,+1.39%,133565300
2006-07-20,126.12,126.30,124.66,124.83,86.845,-0.68%,112259800
2006-07-21,125.15,125.19,123.82,123.95,86.233,-0.70%,101560000
2006-07-24,124.44,126.32,124.44,126.21,87.805,+1.82%,92884000
2006-07-25,125.98,127.30,125.72,126.66,88.118,+0.36%,95480700
2006-07-26,126.59,127.45,126.18,126.83,88.237,+0.13%,84525800
2006-07-27,127.38,127.69,126.20,126.71,88.153,-0.09%,87257100
2006-07-28,127.04,128.14,126.86,127.98,89.037,+1.00%,82137000
2006-07-31,127.66,127.96,127.45,127.85,88.946,-0.10%,49593100
2006-08-01,127.34,127.38,126.60,127.22,88.508,-0.49%,65225600
2006-08-02,127.58,128.46,127.55,128.08,89.106,+0.68%,64770900
2006-08-03,127.34,128.55,127.15,128.42,89.343,+0.27%,63693800
2006-08-04,129.08,129.43,127.48,128.20,89.190,-0.17%,96294200
2006-08-07,127.90,128.08,127.40,127.90,88.981,-0.23%,45377300
2006-08-08,128.09,128.46,126.95,127.41,88.640,-0.38%,90901300
2006-08-09,128.18,128.60,126.61,126.98,88.341,-0.34%,78910600
2006-08-10,126.58,127.50,126.28,127.37,88.612,+0.31%,69322300
2006-08-11,127.17,127.20,126.39,127.01,88.362,-0.28%,47482200
2006-08-14,127.63,128.16,126.92,127.11,88.431,+0.08%,57839000
2006-08-15,128.25,128.87,127.90,128.63,89.489,+1.20%,68143000
2006-08-16,129.32,129.89,129.04,129.70,90.233,+0.83%,71737600
2006-08-17,129.58,130.37,129.49,130.03,90.463,+0.25%,70992800
2006-08-18,130.19,130.69,129.59,130.69,90.922,+0.51%,58288400
2006-08-21,130.18,130.28,129.80,130.13,90.532,-0.43%,42133600
2006-08-22,129.99,130.52,129.68,130.12,90.525,-0.01%,60839900
2006-08-23,130.18,130.44,129.19,129.76,90.275,-0.28%,66592100
2006-08-24,129.99,130.10,129.40,129.65,90.198,-0.08%,57983000
2006-08-25,129.64,130.25,129.55,129.81,90.310,+0.12%,41756000
2006-08-28,129.65,130.82,129.64,130.43,90.741,+0.48%,52681500
2006-08-29,130.49,130.83,129.81,130.58,90.845,+0.12%,61817800
2006-08-30,130.87,131.04,130.55,130.66,90.901,+0.06%,50052200
2006-08-31,130.85,130.99,130.58,130.64,90.887,-0.02%,37510300
2006-09-01,131.14,131.58,130.84,131.42,91.430,+0.60%,48794500
2006-09-05,131.51,131.85,131.20,131.67,91.604,+0.19%,52348300
2006-09-06,131.11,131.16,130.33,130.51,90.797,-0.88%,53795600
2006-09-07,130.06,130.57,129.35,129.91,90.379,-0.46%,86269400
2006-09-08,130.08,130.46,129.83,130.28,90.637,+0.28%,45096300
2006-09-11,129.86,130.69,129.48,130.41,90.727,+0.10%,68496600
2006-09-12,130.56,131.84,130.37,131.69,91.618,+0.98%,69875600
2006-09-13,131.64,132.45,131.52,132.22,91.986,+0.40%,62898400
2006-09-14,131.96,132.24,131.75,132.23,91.993,+0.01%,57805400
2006-09-15,132.31,132.39,131.68,131.96,92.209,-0.20%,76703100
2006-09-18,131.79,132.39,131.65,132.14,92.334,+0.14%,64154100
2006-09-19,132.12,132.13,131.07,131.81,92.104,-0.25%,92089100
2006-09-20,132.25,132.77,132.06,132.51,92.593,+0.53%,75204100
2006-09-21,132.61,132.75,131.42,131.87,92.146,-0.48%,88932500
2006-09-22,131.67,131.68,131.00,131.47,91.866,-0.30%,65966800
2006-09-25,131.73,132.85,131.05,132.48,92.572,+0.77%,92299100
2006-09-26,132.50,133.60,132.40,133.58,93.341,+0.83%,73962700
2006-09-27,133.49,133.97,133.27,133.74,93.452,+0.12%,82432200
2006-09-28,133.74,133.99,133.28,133.69,93.417,-0.04%,58597500
2006-09-29,133.80,133.94,133.48,133.58,93.341,-0.08%,47966600
2006-10-02,133.54,133.83,132.95,133.08,92.991,-0.37%,51687400
2006-10-03,132.89,133.87,132.65,133.36,93.187,+0.21%,73108100
2006-10-04,133.23,135.00,133.08,134.92,94.277,+1.17%,80890500
2006-10-05,134.92,135.41,134.75,135.18,94.459,+0.19%,60505900
2006-10-06,134.95,135.10,134.40,135.01,94.340,-0.13%,64983600
2006-10-09,134.85,135.30,134.64,135.09,94.396,+0.06%,41176800
2006-10-10,135.10,135.45,134.84,135.27,94.521,+0.13%,56403700
2006-10-11,134.84,135.43,134.30,135.11,94.410,-0.12%,104071800
2006-10-12,135.45,136.39,135.40,136.28,95.227,+0.87%,59158600
2006-10-13,136.16,136.71,136.04,136.63,95.472,+0.26%,53944000
2006-10-16,136.52,137.05,136.42,136.84,95.619,+0.15%,42273000
2006-10-17,136.47,136.70,135.67,136.41,95.318,-0.31%,90500600
2006-10-18,137.04,137.37,136.10,136.59,95.444,+0.13%,86848600
2006-10-19,136.39,136.88,136.23,136.81,95.598,+0.16%,64063200
2006-10-20,136.84,136.95,136.33,136.84,95.619,+0.02%,48094500
2006-10-23,136.56,137.80,136.39,137.47,96.059,+0.46%,66219900
2006-10-24,137.28,137.93,137.22,137.88,96.345,+0.30%,53234900
2006-10-25,137.74,138.41,137.51,138.35,96.674,+0.34%,78105400
2006-10-26,138.66,139.00,137.98,138.78,96.974,+0.31%,66843700
2006-10-27,138.61,138.75,137.63,137.91,96.366,-0.63%,80238000
2006-10-30,137.66,138.20,137.40,137.81,96.296,-0.07%,49717800
2006-10-31,138.07,138.26,137.25,137.79,96.282,-0.01%,71274100
2006-11-01,138.22,138.31,136.72,136.86,95.633,-0.67%,83005600
2006-11-02,136.51,137.01,136.36,136.78,95.577,-0.06%,60693100
2006-11-03,137.27,137.39,135.62,136.54,95.409,-0.18%,71346400
2006-11-06,136.96,138.28,136.95,138.08,96.485,+1.13%,63303300
2006-11-07,138.20,138.98,138.00,138.61,96.855,+0.38%,63318900
2006-11-08,138.00,139.05,136.86,138.91,97.065,+0.22%,87517800
2006-11-09,139.01,139.14,137.90,138.18,96.555,-0.53%,95916300
2006-11-10,138.14,138.34,137.72,138.24,96.597,+0.04%,48991500
2006-11-13,138.18,139.04,138.07,138.58,96.834,+0.25%,59398200
2006-11-14,138.97,139.74,138.12,139.62,97.561,+0.75%,96704000
2006-11-15,139.57,140.45,139.53,140.02,97.841,+0.29%,76509600
2006-11-16,140.44,140.68,139.49,140.38,98.092,+0.26%,76728800
2006-11-17,139.93,140.43,139.73,140.42,98.120,+0.03%,56353800
2006-11-20,140.30,140.74,139.94,140.50,98.176,+0.06%,69174200
2006-11-21,140.49,140.67,140.29,140.64,98.274,+0.10%,51367900
2006-11-22,140.75,141.16,140.50,140.92,98.469,+0.20%,45505300
2006-11-24,140.24,140.84,140.20,140.35,98.071,-0.40%,30998000
2006-11-27,140.28,140.35,138.38,138.42,96.723,-1.38%,84545100
2006-11-28,138.24,139.16,138.11,139.02,97.142,+0.43%,106652900
2006-11-29,139.47,140.53,139.08,140.47,98.155,+1.04%,90034900
2006-11-30,140.44,141.05,139.76,140.53,98.197,+0.04%,83994300
2006-12-01,140.53,140.66,138.97,140.22,97.980,-0.22%,126080000
2006-12-04,140.25,141.55,140.23,141.29,98.728,+0.76%,87813200
2006-12-05,141.56,141.96,141.26,141.90,99.154,+0.43%,73374400
2006-12-06,141.87,142.07,141.50,141.78,99.070,-0.08%,53253200
2006-12-07,142.03,142.30,141.11,141.16,98.637,-0.44%,62857400
2006-12-08,141.13,141.90,140.78,141.42,98.819,+0.18%,79625500
2006-12-11,141.42,142.09,141.34,141.83,99.105,+0.29%,39779400
2006-12-12,141.69,141.87,140.89,141.72,99.028,-0.08%,77451600
2006-12-13,142.23,142.34,141.56,141.87,99.133,+0.11%,55520200
2006-12-14,141.86,143.24,141.84,143.12,100.007,+0.88%,64755200
2006-12-15,142.64,142.89,142.24,142.34,100.016,-0.54%,70857400
2006-12-18,142.54,142.88,141.75,141.95,99.742,-0.27%,48954600
2006-12-19,141.55,142.56,141.19,142.22,99.931,+0.19%,65023600
2006-12-20,142.28,142.66,142.01,142.14,99.875,-0.06%,41469600
2006-12-21,142.27,142.43,141.32,141.62,99.510,-0.37%,48698400
2006-12-22,141.64,141.65,140.67,140.75,98.898,-0.61%,62069100
2006-12-26,140.81,141.61,140.78,141.58,99.482,+0.59%,32696900
2006-12-27,141.87,142.60,141.83,142.51,100.135,+0.66%,39727100
2006-12-28,142.41,142.70,141.99,142.21,99.924,-0.21%,37288800
2006-12-29,142.06,142.54,141.43,141.62,99.510,-0.41%,45461200
2007-01-03,142.25,142.86,140.57,141.37,99.334,-0.18%,94807600
2007-01-04,141.23,142.05,140.61,141.67,99.545,+0.21%,69620600
2007-01-05,141.33,141.40,140.38,140.54,98.751,-0.80%,76645300
2007-01-08,140.82,141.41,140.25,141.19,99.208,+0.46%,71655000
2007-01-09,141.31,141.60,140.40,141.07,99.123,-0.08%,75680100
2007-01-10,140.58,141.57,140.30,141.54,99.453,+0.33%,72428000
2007-01-11,141.58,142.62,141.50,142.16,99.889,+0.44%,54476800
2007-01-12,142.15,143.24,142.11,143.24,100.648,+0.76%,55370600
2007-01-16,143.07,143.44,142.73,142.96,100.451,-0.20%,44871300
2007-01-17,142.85,143.46,142.73,143.02,100.493,+0.04%,50241400
2007-01-18,143.17,143.26,142.31,142.54,100.156,-0.34%,68177300
2007-01-19,142.54,143.10,142.46,142.82,100.353,+0.20%,56973000
2007-01-22,143.07,143.10,141.93,142.38,100.044,-0.31%,60253600
2007-01-23,142.26,143.08,142.06,142.80,100.339,+0.29%,54064400
2007-01-24,142.97,143.98,142.91,143.95,101.147,+0.81%,55834700
2007-01-25,143.86,143.92,142.01,142.26,99.959,-1.17%,73583800
2007-01-26,142.57,142.65,141.58,142.13,99.868,-0.09%,67255600
2007-01-29,142.19,142.80,141.74,142.05,99.812,-0.06%,66114600
2007-01-30,142.35,142.86,142.06,142.79,100.332,+0.52%,70407600
2007-01-31,142.63,144.13,142.40,143.75,101.006,+0.67%,91868600
2007-02-01,144.15,144.66,143.91,144.61,101.611,+0.60%,69312400
2007-02-02,144.73,144.95,144.38,144.81,101.751,+0.14%,49607000
2007-02-05,144.70,144.94,144.34,144.85,101.779,+0.03%,45705300
2007-02-06,144.97,145.03,144.33,144.89,101.807,+0.03%,57081300
2007-02-07,145.12,145.36,144.57,145.21,102.032,+0.22%,55669700
2007-02-08,144.78,145.12,144.27,145.02,101.899,-0.13%,70641000
2007-02-09,145.06,145.33,143.39,143.94,101.140,-0.74%,79084400
2007-02-12,143.94,144.04,143.19,143.45,100.796,-0.34%,65657000
2007-02-13,143.77,144.90,143.76,144.66,101.646,+0.84%,64081800
2007-02-14,144.80,145.90,144.78,145.61,102.313,+0.66%,66039400
2007-02-15,145.67,145.95,145.43,145.80,102.447,+0.13%,38715200
2007-02-16,145.44,145.76,145.23,145.73,102.398,-0.05%,39841800
2007-02-20,145.56,146.20,145.00,146.04,102.615,+0.21%,56911800
2007-02-21,145.61,146.07,145.35,145.98,102.573,-0.04%,63971600
2007-02-22,146.05,146.42,145.17,145.87,102.496,-0.08%,79067400
2007-02-23,145.74,145.79,145.03,145.30,102.095,-0.39%,71966200
2007-02-26,145.83,145.95,144.75,145.17,102.004,-0.09%,69192800
2007-02-27,143.88,144.20,139.00,139.50,98.020,-3.91%,274466500
2007-02-28,140.39,141.98,139.80,140.93,99.025,+1.03%,177536300
2007-03-01,139.34,141.25,138.05,140.51,98.730,-0.30%,212828600
2007-03-02,140.05,140.66,138.66,138.67,97.437,-1.31%,162574000
2007-03-05,137.93,139.58,137.33,137.35,96.509,-0.95%,143750400
2007-03-06,138.78,140.12,137.72,139.70,98.161,+1.71%,143333300
2007-03-07,139.59,140.46,139.40,139.56,98.062,-0.10%,115144900
2007-03-08,140.54,141.16,140.07,140.74,98.891,+0.85%,117891600
2007-03-09,141.31,141.42,140.08,140.78,98.919,+0.03%,107765100
2007-03-12,140.42,141.34,140.16,140.99,99.067,+0.15%,80366900
2007-03-13,140.18,140.77,138.04,138.25,97.142,-1.94%,190605200
2007-03-14,138.43,139.36,136.75,139.28,97.865,+0.75%,231853800
2007-03-15,138.97,139.99,138.80,139.47,97.999,+0.14%,132435900
2007-03-16,139.31,139.63,138.12,138.53,97.726,-0.67%,121531600
2007-03-19,139.26,140.33,139.15,140.20,98.904,+1.21%,96161200
2007-03-20,140.08,141.05,139.96,140.97,99.447,+0.55%,82147400
2007-03-21,141.10,143.65,140.82,143.29,101.084,+1.65%,152368700
2007-03-22,143.48,143.68,142.79,143.18,101.006,-0.08%,118942200
2007-03-23,143.28,143.81,143.15,143.39,101.154,+0.15%,74416800
2007-03-26,143.50,143.65,142.09,143.20,101.020,-0.13%,113787500
2007-03-27,143.12,143.16,142.39,142.86,100.780,-0.24%,99864600
2007-03-28,142.14,142.47,141.26,141.82,100.047,-0.73%,152907900
2007-03-29,142.54,142.61,141.19,141.97,100.153,+0.11%,139432700
2007-03-30,142.24,142.84,140.56,142.00,100.174,+0.02%,128194100
2007-04-02,142.16,142.46,141.48,142.16,100.287,+0.11%,79416400
2007-04-03,142.97,143.98,142.91,143.69,101.366,+1.08%,82417800
2007-04-04,143.69,143.95,143.16,143.85,101.479,+0.11%,63995200
2007-04-05,143.67,144.44,143.61,144.24,101.754,+0.27%,46822800
2007-04-09,144.65,144.80,144.15,144.44,101.895,+0.14%,50967400
2007-04-10,144.33,144.85,144.27,144.61,102.015,+0.12%,56620000
2007-04-11,144.82,144.86,143.54,144.02,101.599,-0.41%,106365700
2007-04-12,143.74,144.92,143.34,144.66,102.050,+0.44%,115534400
2007-04-13,144.90,145.32,144.36,145.32,102.516,+0.46%,84287000
2007-04-16,145.83,146.86,145.82,146.70,103.489,+0.95%,83064600
2007-04-17,146.97,147.40,146.65,147.09,103.764,+0.27%,108424100
2007-04-18,146.60,147.70,146.57,147.27,103.891,+0.12%,88345300
2007-04-19,146.55,147.40,146.36,147.23,103.863,-0.03%,102947700
2007-04-20,148.22,148.62,147.04,148.62,104.844,+0.94%,124114100
2007-04-23,148.37,148.73,147.97,148.06,104.449,-0.38%,77270800
2007-04-24,148.23,148.40,147.32,148.12,104.491,+0.04%,114471000
2007-04-25,148.73,149.66,148.02,149.48,105.451,+0.92%,108418800
2007-04-26,149.49,149.80,149.10,149.65,105.570,+0.11%,88741600
2007-04-27,149.09,149.74,148.84,149.53,105.486,-0.08%,108191100
2007-04-30,149.64,149.74,148.21,148.29,104.611,-0.83%,100874100
2007-05-01,148.42,149.47,147.67,148.67,104.879,+0.26%,134342700
2007-05-02,148.90,149.95,148.75,149.54,105.493,+0.59%,87129800
2007-05-03,149.97,150.40,149.73,150.35,106.064,+0.54%,86569700
2007-05-04,150.75,151.12,150.22,150.92,106.466,+0.38%,96409000
2007-05-07,150.88,151.20,150.81,150.95,106.488,+0.02%,63461400
2007-05-08,150.58,150.92,150.13,150.75,106.346,-0.13%,80584000
2007-05-09,150.64,152.82,150.37,151.16,106.636,+0.27%,102070100
2007-05-10,150.73,151.02,149.27,149.58,105.521,-1.05%,153617800
2007-05-11,149.75,150.93,149.72,150.86,106.424,+0.86%,113408900
2007-05-14,150.86,151.30,149.79,150.53,106.191,-0.22%,108027500
2007-05-15,150.70,151.66,150.19,150.57,106.219,+0.03%,180673300
2007-05-16,150.80,151.63,150.38,151.60,106.946,+0.68%,114166500
2007-05-17,151.38,151.96,151.11,151.30,106.734,-0.20%,101132800
2007-05-18,152.01,152.62,151.81,152.62,107.666,+0.87%,99182000
2007-05-21,152.58,153.23,152.50,152.54,107.609,-0.05%,174664600
2007-05-22,152.70,153.16,152.38,152.42,107.525,-0.08%,82148800
2007-05-23,152.95,153.50,152.36,152.44,107.539,+0.01%,133786600
2007-05-24,152.53,153.21,150.74,151.06,106.565,-0.91%,187593000
2007-05-25,151.50,152.02,151.18,151.69,107.010,+0.42%,83309200
2007-05-29,151.94,152.50,151.45,152.24,107.398,+0.36%,82020000
2007-05-30,151.46,153.54,151.34,153.48,108.272,+0.81%,129013600
2007-05-31,153.67,153.89,153.12,153.32,108.159,-0.10%,114866700
2007-06-01,153.88,154.40,153.51,154.08,108.696,+0.50%,107771700
2007-06-04,153.54,154.39,153.48,154.10,108.710,+0.01%,78008800
2007-06-05,153.74,153.90,152.86,153.49,108.279,-0.40%,126917900
2007-06-06,152.86,152.95,151.75,151.84,107.115,-1.07%,164096800
2007-06-07,151.56,152.50,149.06,149.10,105.182,-1.80%,232414600
2007-06-08,149.58,151.19,149.09,151.04,106.551,+1.30%,175886000
2007-06-11,150.93,151.95,150.70,151.30,106.734,+0.17%,102015600
2007-06-12,150.67,151.54,149.55,149.65,105.570,-1.09%,233898000
2007-06-13,150.50,152.07,149.72,151.89,107.151,+1.50%,193208200
2007-06-14,152.06,153.12,152.03,152.86,107.835,+0.64%,146396500
2007-06-15,153.14,153.66,152.93,153.07,108.446,+0.14%,154030800
2007-06-18,153.38,153.39,152.66,152.89,108.318,-0.12%,88537500
2007-06-19,152.55,153.38,152.36,153.27,108.587,+0.25%,110851700
2007-06-20,153.58,153.58,150.96,151.14,107.078,-1.39%,177119700
2007-06-21,151.08,152.11,150.25,151.98,107.673,+0.56%,205262000
2007-06-22,151.52,151.77,149.85,150.55,106.660,-0.94%,204964700
2007-06-25,150.24,151.25,149.02,149.83,106.150,-0.48%,232014400
2007-06-26,150.21,150.46,148.28,148.29,105.059,-1.03%,198445700
2007-06-27,148.13,150.57,148.06,150.40,106.554,+1.42%,213638000
2007-06-28,150.38,151.41,149.67,150.38,106.540,-0.01%,157705000
2007-06-29,150.90,151.65,149.15,150.43,106.575,+0.03%,199701800
2007-07-02,150.87,151.92,150.77,151.79,107.539,+0.90%,103357000
2007-07-03,152.18,152.50,151.99,152.34,107.928,+0.36%,54048400
2007-07-05,152.40,152.56,151.63,152.18,107.815,-0.11%,89279000
2007-07-06,152.38,153.17,151.93,152.98,108.382,+0.53%,81109000
2007-07-09,153.16,153.36,152.62,153.10,108.467,+0.08%,72348100
2007-07-10,152.29,152.61,150.77,150.92,106.922,-1.42%,180362600
2007-07-11,150.75,152.05,150.52,151.99,107.680,+0.71%,175607600
2007-07-12,152.37,154.75,152.34,154.39,109.381,+1.58%,133882500
2007-07-13,154.57,155.46,154.39,154.85,109.707,+0.30%,111794300
2007-07-16,154.99,155.53,154.58,154.83,109.692,-0.01%,98378700
2007-07-17,154.93,155.48,154.68,154.75,109.636,-0.05%,126201300
2007-07-18,154.23,154.80,153.30,154.47,109.437,-0.18%,237887400
2007-07-19,155.20,155.53,154.75,155.07,109.863,+0.39%,145212700
2007-07-20,154.89,154.99,152.83,153.50,108.750,-1.01%,245502500
2007-07-23,154.18,154.72,153.30,153.97,109.083,+0.31%,121183900
2007-07-24,153.12,154.28,150.76,151.30,107.192,-1.73%,256732400
2007-07-25,152.02,152.39,150.25,151.61,107.411,+0.20%,265214500
2007-07-26,150.19,150.80,146.39,148.02,104.868,-2.37%,467592500
2007-07-27,148.21,148.87,145.05,145.11,102.806,-1.97%,422987600
2007-07-30,145.93,147.81,145.29,147.38,104.414,+1.56%,283017500
2007-07-31,148.33,149.46,145.04,145.72,103.238,-1.13%,316976700
2007-08-01,145.18,147.01,143.95,146.43,103.741,+0.49%,467670000
2007-08-02,146.76,147.76,145.26,147.60,104.570,+0.80%,294758400
2007-08-03,147.28,147.58,143.20,143.80,101.878,-2.57%,359398200
2007-08-06,144.21,146.83,142.53,146.21,103.585,+1.68%,324980000
2007-08-07,145.94,149.00,145.23,147.77,104.691,+1.07%,232568700
2007-08-08,148.41,150.59,147.34,149.83,106.150,+1.39%,274930600
2007-08-09,147.43,148.95,145.29,145.39,103.005,-2.96%,357622100
2007-08-10,144.39,146.50,143.12,144.71,102.523,-0.47%,411018400
2007-08-13,146.50,146.89,145.02,145.23,102.891,+0.36%,181917200
2007-08-14,145.70,146.06,142.72,143.01,101.318,-1.53%,264134500
2007-08-15,142.72,144.46,140.62,141.04,99.923,-1.38%,323834000
2007-08-16,139.79,142.94,137.00,142.10,100.674,+0.75%,546743700
2007-08-17,145.50,145.81,141.39,144.71,102.523,+1.84%,388218100
2007-08-20,145.17,145.47,143.29,144.64,102.473,-0.05%,187320400
2007-08-21,144.60,145.97,144.14,144.93,102.679,+0.20%,157066400
2007-08-22,146.01,146.80,145.33,146.65,103.897,+1.19%,173156700
2007-08-23,147.34,147.65,145.61,146.52,103.805,-0.09%,203915300
2007-08-24,146.48,148.33,146.28,148.33,105.087,+1.24%,128901900
2007-08-27,147.85,148.33,146.73,146.95,104.110,-0.93%,113024300
2007-08-28,146.16,146.25,143.46,143.72,101.821,-2.20%,219790700
2007-08-29,144.37,146.74,143.96,146.54,103.819,+1.96%,207654200
2007-08-30,145.45,147.19,145.31,146.15,103.543,-0.27%,191817300
2007-08-31,147.65,148.50,146.83,147.59,104.563,+0.99%,185477500
2007-09-04,147.45,149.98,147.40,149.08,105.619,+1.01%,120062000
2007-09-05,148.20,148.36,147.00,147.79,104.705,-0.87%,166261800
2007-09-06,147.95,148.61,147.12,148.13,104.946,+0.23%,127878400
2007-09-07,146.48,146.89,145.26,146.07,103.486,-1.39%,235447600
2007-09-10,146.52,146.72,144.33,145.79,103.288,-0.19%,192305900
2007-09-11,146.24,147.70,146.13,147.49,104.492,+1.17%,162081900
2007-09-12,147.29,148.44,146.98,147.87,104.762,+0.26%,149554600
2007-09-13,148.55,149.45,148.20,148.91,105.498,+0.70%,154079000
2007-09-14,147.96,149.09,147.74,148.90,105.491,-0.01%,121911000
2007-09-17,148.31,148.65,147.63,148.10,104.924,-0.54%,109870800
2007-09-18,148.83,152.50,148.13,152.46,108.013,+2.94%,263759500
2007-09-19,153.41,154.39,152.71,153.36,108.651,+0.59%,193779900
2007-09-20,153.34,153.43,152.11,152.28,107.886,-0.70%,175186800
2007-09-21,152.71,153.12,151.74,151.97,108.175,-0.20%,141457500
2007-09-24,152.42,152.82,151.36,151.69,107.976,-0.18%,139450200
2007-09-25,150.81,151.66,150.47,151.39,107.763,-0.20%,142289900
2007-09-26,152.25,152.77,151.39,152.19,108.332,+0.53%,135547000
2007-09-27,152.91,153.10,152.19,153.09,108.973,+0.59%,102713300
2007-09-28,152.85,153.19,151.98,152.58,108.610,-0.33%,133372100
2007-10-01,152.60,154.75,152.50,154.30,109.834,+1.13%,148162300
2007-10-02,154.61,154.65,153.81,154.09,109.684,-0.14%,112978800
2007-10-03,153.81,154.41,153.01,153.78,109.464,-0.20%,119055900
2007-10-04,154.11,154.26,153.59,154.02,109.635,+0.16%,76864400
2007-10-05,155.03,156.10,154.63,155.85,110.937,+1.19%,134579700
2007-10-08,155.39,155.49,154.77,155.02,110.346,-0.53%,71280400
2007-10-09,155.60,156.50,155.03,156.48,111.386,+0.94%,94054300
2007-10-10,156.04,156.44,155.41,156.22,111.201,-0.17%,101711100
2007-10-11,156.93,157.52,154.54,155.47,110.667,-0.48%,233529100
2007-10-12,155.46,156.35,155.27,156.33,111.279,+0.55%,124546700
2007-10-15,156.27,156.36,153.94,155.01,110.339,-0.84%,161151900
2007-10-16,154.41,154.52,153.47,153.78,109.464,-0.79%,166525700
2007-10-17,154.98,155.09,152.47,154.25,109.798,+0.31%,216687300
2007-10-18,153.45,154.19,153.08,153.69,109.400,-0.36%,148367500
2007-10-19,153.09,156.48,149.66,149.67,106.538,-2.62%,297169900
2007-10-22,148.86,150.76,148.66,150.54,107.158,+0.58%,261989800
2007-10-23,151.46,151.95,150.25,151.76,108.026,+0.81%,180085100
2007-10-24,151.21,151.74,148.84,151.48,107.827,-0.18%,326694200
2007-10-25,151.65,152.29,149.88,151.84,108.083,+0.24%,237374500
2007-10-26,153.06,153.62,151.90,153.62,109.350,+1.17%,176484000
2007-10-29,153.93,154.44,153.55,154.13,109.713,+0.33%,106841000
2007-10-30,153.45,153.75,152.87,153.06,108.951,-0.69%,132981600
2007-10-31,153.98,155.27,152.84,154.65,110.083,+1.04%,220954400
2007-11-01,153.29,153.41,150.59,151.03,107.506,-2.34%,333040800
2007-11-02,151.53,152.00,149.21,151.20,107.627,+0.11%,331228200
2007-11-05,149.64,151.16,148.97,150.05,106.809,-0.76%,226841000
2007-11-06,150.86,152.11,149.90,152.07,108.247,+1.35%,177800500
2007-11-07,150.44,151.13,147.55,147.91,105.285,-2.74%,306639700
2007-11-08,147.99,148.40,145.07,147.16,104.752,-0.51%,374509900
2007-11-09,145.69,147.54,144.89,145.14,103.314,-1.37%,277745100
2007-11-12,145.21,146.61,143.70,143.70,102.289,-0.99%,243087800
2007-11-13,145.37,148.31,145.22,148.08,105.406,+3.05%,191117400
2007-11-14,149.22,149.40,146.78,147.67,105.115,-0.28%,230558800
2007-11-15,146.57,147.49,144.52,145.54,103.598,-1.44%,263111100
2007-11-16,146.31,146.47,144.57,145.79,103.776,+0.17%,308770600
2007-11-19,145.28,145.36,143.19,143.76,102.331,-1.39%,267746000
2007-11-20,144.02,145.53,142.11,144.64,102.958,+0.61%,414767500
2007-11-21,143.08,143.91,141.67,141.68,100.851,-2.05%,259012400
2007-11-23,143.07,144.34,142.70,144.13,102.595,+1.73%,77688400
2007-11-26,144.43,144.88,140.66,140.95,100.331,-2.21%,214232000
2007-11-27,141.74,143.23,140.95,142.57,101.484,+1.15%,293897900
2007-11-28,144.19,147.47,144.14,147.13,104.730,+3.20%,258596900
2007-11-29,146.62,147.72,146.10,147.18,104.766,+0.03%,199409900
2007-11-30,149.04,149.87,147.33,148.66,105.819,+1.01%,222908000
2007-12-03,148.19,148.45,147.29,147.68,105.122,-0.66%,146430400
2007-12-04,146.66,147.54,146.31,146.36,104.182,-0.89%,136533900
2007-12-05,147.93,149.20,147.83,148.81,105.926,+1.67%,171130000
2007-12-06,148.63,151.21,148.57,150.94,107.442,+1.43%,154457400
2007-12-07,151.42,151.50,150.55,150.91,107.421,-0.02%,148980100
2007-12-10,151.28,152.25,150.86,152.08,108.254,+0.78%,123914300
2007-12-11,152.14,152.89,147.83,147.91,105.285,-2.74%,250346400
2007-12-12,151.06,151.77,147.20,149.37,106.325,+0.99%,322435600
2007-12-13,148.32,149.39,147.30,149.06,106.104,-0.21%,237551300
2007-12-14,147.93,149.10,147.10,147.17,104.759,-1.27%,159152900
2007-12-17,146.61,146.87,144.86,145.07,103.264,-1.43%,177269400
2007-12-18,146.10,146.48,143.96,145.88,103.840,+0.56%,245569300
2007-12-19,145.94,146.89,144.94,145.88,103.840,0.00%,198917200
2007-12-20,146.84,146.86,145.18,146.80,104.495,+0.63%,214813800
2007-12-21,147.37,148.42,147.09,148.13,105.994,+0.91%,146084400
2007-12-24,148.82,149.48,148.48,149.23,106.781,+0.74%,45601400
2007-12-26,148.65,149.68,148.50,149.55,107.010,+0.21%,67093100
2007-12-27,149.02,149.03,147.32,147.67,105.665,-1.26%,122981700
2007-12-28,148.54,148.61,146.90,147.30,105.400,-0.25%,116398100
2007-12-31,147.10,147.61,146.06,146.21,104.620,-0.74%,108126800
2008-01-02,146.53,146.99,143.88,144.93,103.704,-0.88%,204935600
2008-01-03,144.91,145.49,144.07,144.86,103.654,-0.05%,125133300
2008-01-04,143.34,143.44,140.91,141.31,101.114,-2.45%,232330900
2008-01-07,141.81,142.23,140.10,141.19,101.028,-0.08%,234991000
2008-01-08,142.08,142.90,138.44,138.91,99.397,-1.61%,326365700
2008-01-09,139.09,140.79,137.70,140.37,100.441,+1.05%,301824900
2008-01-10,139.68,142.80,139.37,141.29,101.100,+0.66%,335701200
2008-01-11,140.78,141.90,139.00,140.15,100.284,-0.81%,267076600
2008-01-14,141.16,141.86,140.40,141.28,101.092,+0.81%,170365500
2008-01-15,139.79,141.49,137.90,138.17,98.867,-2.20%,239940100
2008-01-16,137.36,139.12,136.28,136.98,98.016,-0.86%,378802600
2008-01-17,137.81,137.88,132.93,133.43,95.475,-2.59%,397892600
2008-01-18,134.74,135.02,131.10,132.06,94.495,-1.03%,348561500
2008-01-22,127.21,132.43,126.00,130.72,93.536,-1.01%,435923700
2008-01-23,127.09,134.19,126.84,133.86,95.783,+2.40%,511913000
2008-01-24,134.48,135.46,133.31,134.99,96.592,+0.84%,259949300
2008-01-25,136.51,136.76,132.60,133.04,95.196,-1.44%,269603900
2008-01-28,133.26,135.52,132.06,135.24,96.771,+1.65%,217934600
2008-01-29,136.10,136.45,134.88,135.91,97.250,+0.50%,168968300
2008-01-30,135.58,138.54,134.60,134.91,96.534,-0.74%,334939200
2008-01-31,133.40,138.54,133.20,137.37,98.295,+1.82%,343680800
2008-02-01,137.94,139.61,137.52,139.58,99.876,+1.61%,206843600
2008-02-04,139.21,139.30,137.64,137.82,98.617,-1.26%,124694300
2008-02-05,135.94,136.25,133.67,134.13,95.976,-2.68%,286882500
2008-02-06,134.58,135.25,132.41,133.05,95.204,-0.81%,250792900
2008-02-07,131.80,134.79,131.73,133.93,95.833,+0.66%,297368100
2008-02-08,133.09,134.22,132.10,133.07,95.218,-0.64%,221643500
2008-02-11,133.10,134.23,132.04,133.75,95.704,+0.51%,188576300
2008-02-12,134.91,136.31,133.98,134.99,96.592,+0.93%,256654400
2008-02-13,136.01,137.06,135.14,136.37,97.579,+1.02%,181967800
2008-02-14,136.95,137.00,134.79,135.17,96.721,-0.88%,215207200
2008-02-15,134.50,135.22,133.91,135.14,96.699,-0.02%,154110300
2008-02-19,136.72,136.89,134.61,135.52,96.971,+0.28%,145190000
2008-02-20,133.99,136.55,133.76,135.92,97.257,+0.30%,220085700
2008-02-21,136.66,137.01,134.07,134.79,96.449,-0.83%,201051200
2008-02-22,134.97,135.85,132.86,135.62,97.043,+0.62%,205491000
2008-02-25,135.54,137.65,134.78,137.33,98.266,+1.26%,190107000
2008-02-26,136.75,138.95,136.50,138.36,99.003,+0.75%,212420700
2008-02-27,137.56,139.14,137.41,138.22,98.903,-0.10%,168395800
2008-02-28,137.24,137.96,136.55,136.87,97.937,-0.98%,170831100
2008-02-29,135.60,135.68,132.78,133.82,95.755,-2.23%,252715200
2008-03-03,133.14,133.81,132.24,133.50,95.526,-0.24%,189483500
2008-03-04,132.23,133.40,130.99,132.99,95.161,-0.38%,282513100
2008-03-05,133.42,134.77,132.34,133.83,95.762,+0.63%,270681400
2008-03-06,132.98,133.22,130.55,131.06,93.780,-2.07%,247911700
2008-03-07,129.77,131.74,128.58,129.71,92.814,-1.03%,326434600
2008-03-10,129.84,129.93,127.59,128.00,91.590,-1.32%,235683600
2008-03-11,130.72,132.72,128.95,132.60,94.882,+3.59%,341440600
2008-03-12,132.74,133.77,131.16,131.36,93.994,-0.94%,229161100
2008-03-13,129.61,132.64,128.60,131.65,94.202,+0.22%,351504200
2008-03-14,132.77,132.81,127.78,129.61,92.742,-1.55%,484687800
2008-03-17,126.57,129.26,126.07,128.30,91.805,-1.01%,405311100
2008-03-18,130.62,133.69,129.98,133.63,95.619,+4.15%,334416600
2008-03-19,134.14,134.65,130.04,130.32,93.250,-2.48%,345971600
2008-03-20,130.05,132.91,129.26,132.08,94.969,+1.35%,245320700
2008-03-24,133.31,135.81,133.24,134.72,96.867,+2.00%,208977300
2008-03-25,134.86,135.55,133.77,134.85,96.961,+0.10%,192947200
2008-03-26,134.46,135.09,133.11,133.20,95.774,-1.22%,196934300
2008-03-27,134.20,134.44,132.36,132.78,95.472,-0.32%,225153200
2008-03-28,132.99,133.36,131.06,131.51,94.559,-0.96%,180896100
2008-03-31,131.29,132.73,131.09,131.97,94.890,+0.35%,166692100
2008-04-01,133.61,136.84,133.51,136.61,98.226,+3.52%,254547300
2008-04-02,137.05,137.67,135.98,136.70,98.291,+0.07%,210910800
2008-04-03,135.96,137.44,135.71,137.04,98.535,+0.25%,175884800
2008-04-04,137.12,137.96,136.12,136.89,98.427,-0.11%,204446800
2008-04-07,137.87,138.57,136.74,136.96,98.478,+0.05%,154245500
2008-04-08,136.19,136.92,135.95,136.82,98.377,-0.10%,148937300
2008-04-09,136.61,136.80,134.89,135.83,97.665,-0.72%,195610600
2008-04-10,135.42,136.67,134.90,136.02,97.802,+0.14%,192967800
2008-04-11,134.49,135.12,133.01,133.38,95.904,-1.94%,222973300
2008-04-14,133.19,133.54,132.55,132.93,95.580,-0.34%,160522000
2008-04-15,133.58,133.69,132.33,133.24,95.803,+0.23%,172389200
2008-04-16,134.54,136.91,134.52,136.85,98.399,+2.71%,189268900
2008-04-17,136.02,137.25,135.66,137.05,98.542,+0.15%,179665700
2008-04-18,138.94,139.56,138.26,138.48,99.571,+1.04%,218530600
2008-04-21,138.23,138.98,137.85,138.55,99.621,+0.05%,118587400
2008-04-22,138.19,138.31,136.90,137.94,99.182,-0.44%,162166000
2008-04-23,138.09,138.78,137.12,137.72,99.024,-0.16%,193309000
2008-04-24,138.08,139.74,137.04,138.32,99.456,+0.44%,229381300
2008-04-25,139.40,139.89,137.91,139.60,100.376,+0.93%,190788100
2008-04-28,139.88,140.25,139.38,139.63,100.397,+0.02%,105610200
2008-04-29,139.39,139.73,138.61,139.08,100.002,-0.39%,125514100
2008-04-30,139.29,140.59,138.26,138.26,99.412,-0.59%,208395900
2008-05-01,138.38,141.12,138.27,141.12,101.469,+2.07%,187279500
2008-05-02,142.34,142.37,140.56,141.51,101.749,+0.28%,181585500
2008-05-05,141.05,141.61,140.41,140.83,101.260,-0.48%,118504500
2008-05-06,140.02,142.20,139.69,142.05,102.137,+0.87%,179339800
2008-05-07,141.89,142.04,139.13,139.52,100.318,-1.78%,199267300
2008-05-08,139.74,140.32,138.98,139.16,100.060,-0.26%,178321200
2008-05-09,138.60,139.39,138.45,138.90,99.873,-0.19%,152588200
2008-05-12,139.25,140.56,138.73,140.46,100.994,+1.12%,147865900
2008-05-13,140.80,140.89,139.73,140.48,101.009,+0.01%,159132200
2008-05-14,141.07,142.20,140.46,140.77,101.217,+0.21%,181910800
2008-05-15,141.04,142.63,140.83,142.53,102.483,+1.25%,166927000
2008-05-16,142.86,142.87,141.61,142.66,102.576,+0.09%,204236800
2008-05-19,142.81,144.30,142.30,143.05,102.857,+0.27%,165664400
2008-05-20,142.27,142.34,141.00,141.89,102.022,-0.81%,178552100
2008-05-21,141.81,142.12,139.00,139.49,100.297,-1.69%,252724800
2008-05-22,139.43,140.17,139.00,139.51,100.311,+0.01%,170820400
2008-05-23,139.05,139.66,137.52,137.64,98.967,-1.34%,181376400
2008-05-27,137.80,139.00,137.53,138.66,99.700,+0.74%,168322900
2008-05-28,139.17,140.00,138.00,139.30,100.160,+0.46%,181288100
2008-05-29,139.13,140.93,139.08,140.00,100.663,+0.50%,173927200
2008-05-30,140.47,140.74,139.94,140.35,100.915,+0.25%,117362000
2008-06-02,139.83,139.86,138.00,138.90,99.873,-1.03%,181069900
2008-06-03,139.30,139.62,137.23,138.09,99.290,-0.58%,271965700
2008-06-04,137.70,139.16,137.46,138.02,99.240,-0.05%,246637700
2008-06-05,138.58,140.89,138.32,140.78,101.224,+2.00%,237867100
2008-06-06,139.55,139.80,136.22,136.29,97.996,-3.19%,384276300
2008-06-09,136.86,137.50,135.41,136.62,98.233,+0.24%,228263900
2008-06-10,135.67,137.10,135.35,135.94,97.744,-0.50%,260234900
2008-06-11,135.97,136.26,133.93,133.94,96.306,-1.47%,283890100
2008-06-12,134.60,135.87,133.52,134.45,96.673,+0.38%,252791800
2008-06-13,135.17,136.52,134.42,136.15,97.895,+1.26%,244726900
2008-06-16,135.55,136.93,135.46,136.23,97.953,+0.06%,185832500
2008-06-17,137.07,137.12,135.37,135.57,97.478,-0.48%,191707700
2008-06-18,134.69,135.52,133.71,134.25,96.529,-0.97%,265893000
2008-06-19,134.15,135.24,133.50,134.42,96.651,+0.13%,304204900
2008-06-20,132.84,133.09,131.22,131.58,95.090,-2.11%,289275700
2008-06-23,132.09,132.23,131.32,131.45,94.997,-0.10%,165096400
2008-06-24,131.05,132.44,130.19,131.19,94.809,-0.20%,267300600
2008-06-25,131.72,133.40,131.24,131.81,95.257,+0.47%,287853900
2008-06-26,130.57,131.42,128.08,128.23,92.669,-2.72%,297775000
2008-06-27,128.28,128.86,127.04,127.53,92.164,-0.55%,303423400
2008-06-30,127.89,128.91,127.30,127.98,92.489,+0.35%,258842600
2008-07-01,126.52,128.47,125.93,128.38,92.778,+0.31%,388622000
2008-07-02,128.79,129.16,125.95,126.18,91.188,-1.71%,288064600
2008-07-03,127.11,127.11,124.99,126.31,91.282,+0.10%,239352500
2008-07-07,126.79,127.34,123.92,125.02,90.350,-1.02%,372427300
2008-07-08,124.99,127.39,124.20,127.24,91.954,+1.78%,375973700
2008-07-09,127.50,127.74,124.39,124.79,90.183,-1.93%,336729400
2008-07-10,124.43,125.79,123.58,125.30,90.552,+0.41%,436475700
2008-07-11,123.97,125.90,122.49,123.84,89.497,-1.17%,481124600
2008-07-14,125.26,125.50,122.40,122.72,88.688,-0.90%,322720800
2008-07-15,121.80,123.49,120.02,120.99,87.437,-1.41%,502502500
2008-07-16,121.45,124.57,121.10,123.96,89.584,+2.45%,371642900
2008-07-17,125.14,126.26,124.09,125.20,90.480,+1.00%,375490600
2008-07-18,126.17,126.42,125.15,125.98,91.043,+0.62%,267030100
2008-07-21,126.51,126.80,125.19,126.05,91.094,+0.06%,222863000
2008-07-22,125.15,127.80,124.85,127.48,92.127,+1.13%,296904200
2008-07-23,127.89,129.15,127.55,128.17,92.626,+0.54%,311698400
2008-07-24,128.34,128.41,125.16,125.51,90.704,-2.08%,248634500
2008-07-25,125.89,126.49,125.17,125.48,90.682,-0.02%,219131000
2008-07-28,125.51,126.06,123.42,123.64,89.352,-1.47%,205201300
2008-07-29,123.98,126.38,123.64,126.28,91.260,+2.14%,261505600
2008-07-30,127.11,128.60,126.28,128.53,92.886,+1.78%,354710000
2008-07-31,127.40,128.57,126.63,126.83,91.658,-1.32%,277402100
2008-08-01,127.12,127.28,125.46,126.16,91.174,-0.53%,248690900
2008-08-04,126.04,126.14,124.76,124.99,90.328,-0.93%,188239600
2008-08-05,126.02,128.56,124.97,128.36,92.763,+2.70%,251577600
2008-08-06,128.02,129.30,127.48,128.93,93.175,+0.44%,209555400
2008-08-07,127.96,128.44,126.54,127.01,91.788,-1.49%,246312500
2008-08-08,126.58,129.93,126.38,129.37,93.493,+1.86%,260811700
2008-08-11,129.47,131.51,129.23,130.71,94.462,+1.04%,249425800
2008-08-12,130.28,130.70,128.73,129.35,93.479,-1.04%,213200800
2008-08-13,128.79,129.65,127.67,128.57,92.915,-0.60%,256393200
2008-08-14,127.84,130.28,127.75,129.54,93.616,+0.75%,239555300
2008-08-15,129.93,130.50,129.30,130.17,94.072,+0.49%,181000800
2008-08-18,130.43,130.48,127.66,128.39,92.785,-1.37%,172275100
2008-08-19,127.42,127.69,126.53,126.99,91.773,-1.09%,194673700
2008-08-20,127.39,127.95,126.34,127.58,92.200,+0.46%,225498200
2008-08-21,126.75,128.44,126.60,127.80,92.359,+0.17%,180609800
2008-08-22,128.67,129.65,127.80,129.65,93.696,+1.45%,167715300
2008-08-25,128.80,129.65,126.75,127.02,91.795,-2.03%,171936900
2008-08-26,127.02,127.87,126.58,127.39,92.062,+0.29%,159117200
2008-08-27,127.55,128.83,127.30,128.63,92.959,+0.97%,171032800
2008-08-28,129.28,130.34,129.11,130.19,94.086,+1.21%,167537100
2008-08-29,129.73,130.14,128.51,128.79,93.074,-1.08%,189195800
2008-09-02,130.03,130.71,127.52,127.99,92.496,-0.62%,252364900
2008-09-03,127.88,128.50,126.93,127.88,92.417,-0.09%,251947000
2008-09-04,126.97,127.23,123.96,124.03,89.634,-3.01%,340042500
2008-09-05,123.29,124.95,122.00,124.42,89.916,+0.31%,289503400
2008-09-08,128.04,128.24,124.42,126.99,91.773,+2.07%,364075300
2008-09-09,127.10,127.36,122.80,123.22,89.049,-2.97%,377326800
2008-09-10,123.89,124.90,122.55,123.72,89.410,+0.41%,298916600
2008-09-11,122.12,125.74,121.60,125.51,90.704,+1.45%,375369400
2008-09-12,124.29,126.21,123.83,126.09,91.123,+0.46%,297851200
2008-09-15,121.63,125.65,119.89,120.09,86.787,-4.76%,483607000
2008-09-16,117.20,122.32,117.00,122.10,88.239,+1.67%,581744300
2008-09-17,119.64,121.85,116.00,116.61,84.272,-4.50%,624095600
2008-09-18,118.05,121.79,113.80,120.07,86.772,+2.97%,776114700
2008-09-19,126.70,128.00,123.33,124.12,90.199,+3.37%,501087800
2008-09-22,124.45,124.75,120.36,121.31,88.157,-2.26%,249966500
2008-09-23,120.85,122.02,118.28,118.55,86.151,-2.28%,327470400
2008-09-24,119.35,120.00,117.79,118.93,86.427,+0.32%,311818400
2008-09-25,119.40,121.91,118.44,120.79,87.779,+1.56%,328253000
2008-09-26,118.83,121.50,118.51,120.85,87.822,+0.05%,285917400
2008-09-29,119.14,119.34,110.97,111.38,80.940,-7.84%,459562300
2008-09-30,113.51,116.80,110.53,115.99,84.290,+4.14%,328154400
2008-10-01,115.27,116.69,113.95,116.06,84.341,+0.06%,332783000
2008-10-02,114.95,115.11,111.06,111.85,81.282,-3.63%,365337800
2008-10-03,112.86,115.45,109.68,110.34,80.185,-1.35%,461798000
2008-10-06,107.15,107.62,100.64,104.72,76.101,-5.09%,610637500
2008-10-07,106.84,107.33,99.65,100.03,72.692,-4.48%,540012100
2008-10-08,97.52,102.18,96.81,97.51,70.861,-2.52%,725414800
2008-10-09,99.66,100.62,90.25,90.70,65.912,-6.98%,534485200
2008-10-10,86.76,93.94,83.58,88.50,64.313,-2.43%,871026300
2008-10-13,93.87,101.35,89.95,101.35,73.652,+14.52%,455584000
2008-10-14,104.70,105.53,97.11,99.85,72.561,-1.48%,546268300
2008-10-15,97.46,97.80,89.71,90.02,65.418,-9.84%,484627500
2008-10-16,91.29,94.77,86.54,93.77,68.143,+4.17%,708811200
2008-10-17,91.99,98.59,91.65,93.21,67.736,-0.60%,476649000
2008-10-20,95.35,99.10,94.09,98.81,71.806,+6.01%,321294200
2008-10-21,96.97,98.64,95.22,95.86,69.662,-2.99%,356502000
2008-10-22,93.20,95.86,87.53,90.64,65.869,-5.45%,516168000
2008-10-23,90.29,92.45,85.81,91.69,66.632,+1.16%,634666400
2008-10-24,84.06,89.92,84.00,87.04,63.252,-5.07%,545812600
2008-10-27,85.97,89.51,83.70,83.95,61.007,-3.55%,397288600
2008-10-28,87.34,94.24,84.53,93.76,68.136,+11.69%,639939500
2008-10-29,93.77,97.17,92.10,93.08,67.642,-0.73%,531270100
2008-10-30,95.78,96.54,92.90,96.30,69.982,+3.46%,414582100
2008-10-31,95.08,98.57,94.48,96.83,70.367,+0.55%,411394000
2008-11-03,96.78,97.69,95.95,97.11,70.570,+0.29%,205419400
2008-11-04,99.06,100.86,96.71,100.41,72.968,+3.40%,346793400
2008-11-05,99.20,100.71,95.00,96.19,69.902,-4.20%,387844100
2008-11-06,94.46,95.44,90.06,90.86,66.028,-5.54%,477721900
2008-11-07,91.65,94.00,90.50,93.86,68.209,+3.30%,380391000
2008-11-10,95.21,95.53,90.92,92.63,67.315,-1.31%,301773000
2008-11-11,90.76,92.14,88.65,89.77,65.236,-3.09%,418498200
2008-11-12,88.23,88.95,85.12,85.82,62.366,-4.40%,454330600
2008-11-13,86.13,91.73,82.09,91.17,66.254,+6.23%,753141900
2008-11-14,89.41,92.06,86.52,86.62,62.947,-4.99%,540352300
2008-11-17,86.38,88.56,85.16,85.47,62.111,-1.33%,415254900
2008-11-18,85.15,87.22,82.91,87.08,63.281,+1.88%,523811800
2008-11-19,85.91,86.87,80.92,81.50,59.226,-6.41%,558327600
2008-11-20,80.13,82.51,75.05,75.45,54.830,-7.42%,814180400
2008-11-21,77.46,80.90,74.34,79.52,57.788,+5.39%,718536500
2008-11-24,81.92,86.99,80.36,85.03,61.792,+6.93%,523305300
2008-11-25,87.30,87.51,83.82,85.66,62.250,+0.74%,454112400
2008-11-26,84.30,89.19,84.24,88.97,64.655,+3.86%,370134200
2008-11-28,88.63,90.13,88.48,90.09,65.469,+1.26%,118308100
2008-12-01,87.51,87.55,81.86,82.11,59.670,-8.86%,369927100
2008-12-02,83.47,85.49,82.04,85.27,61.966,+3.85%,469508400
2008-12-03,83.40,87.83,83.14,87.32,63.456,+2.40%,519863500
2008-12-04,86.06,88.05,83.74,85.30,61.988,-2.31%,444173800
2008-12-05,83.65,88.42,82.24,87.93,63.899,+3.08%,471905300
2008-12-08,90.34,92.38,88.08,91.00,66.130,+3.49%,412859300
2008-12-09,90.37,92.13,88.98,89.50,65.040,-1.65%,370790000
2008-12-10,90.32,91.36,89.00,90.11,65.483,+0.68%,396187400
2008-12-11,89.54,91.00,87.37,87.94,63.906,-2.41%,365061000
2008-12-12,85.55,89.07,85.20,88.99,64.669,+1.19%,415060400
2008-12-15,89.02,89.15,86.29,87.75,63.768,-1.39%,256694200
2008-12-16,91.88,92.02,88.18,91.88,66.770,+4.71%,377699500
2008-12-17,90.84,92.43,90.06,90.99,66.123,-0.97%,281819800
2008-12-18,91.40,91.67,88.21,89.29,64.887,-1.87%,374673300
2008-12-19,89.10,90.62,88.09,88.19,64.611,-1.23%,301451300
2008-12-22,88.58,88.67,85.49,87.06,63.783,-1.28%,243759500
2008-12-23,87.53,87.93,85.80,86.16,63.124,-1.03%,221625200
2008-12-24,86.45,86.87,86.00,86.66,63.490,+0.58%,62061600
2008-12-26,87.24,87.30,86.50,87.16,63.856,+0.58%,74767700
2008-12-29,87.24,87.33,85.60,86.91,63.673,-0.29%,127795900
2008-12-30,87.51,89.05,86.88,88.97,65.182,+2.37%,168256300
2008-12-31,89.08,90.97,88.87,90.24,66.113,+1.43%,193987200
2009-01-02,90.44,93.44,89.85,92.96,68.105,+3.01%,227566300
2009-01-05,92.63,93.66,91.89,92.85,68.025,-0.12%,240349700
2009-01-06,93.64,94.45,92.68,93.47,68.479,+0.67%,328260900
2009-01-07,92.00,92.26,90.20,90.67,66.428,-3.00%,280899200
2009-01-08,90.16,91.09,89.67,91.04,66.699,+0.41%,263834400
2009-01-09,91.16,91.32,85.36,89.09,65.270,-2.14%,330953600
2009-01-12,88.84,88.91,86.41,86.95,63.702,-2.40%,277858500
2009-01-13,86.73,87.88,86.20,87.11,63.820,+0.18%,356432300
2009-01-14,85.54,85.75,83.16,84.37,61.812,-3.15%,435491600
2009-01-15,84.12,85.25,81.72,84.40,61.834,+0.04%,532647300
2009-01-16,85.86,85.99,83.05,85.06,62.318,+0.78%,399237200
2009-01-20,84.23,85.06,80.05,80.57,59.028,-5.28%,419855200
2009-01-21,81.94,84.24,80.47,84.05,61.578,+4.32%,364360700
2009-01-22,82.42,84.04,81.17,82.75,60.625,-1.55%,427940300
2009-01-23,80.90,83.99,80.57,83.11,60.889,+0.44%,386800600
2009-01-26,83.59,85.36,82.81,83.68,61.307,+0.69%,317978800
2009-01-27,84.13,85.15,83.30,84.53,61.929,+1.02%,273789700
2009-01-28,86.40,87.95,86.07,87.39,64.025,+3.38%,330007000
2009-01-29,86.11,87.49,84.47,84.55,61.944,-3.25%,294392500
2009-01-30,84.98,85.40,82.21,82.83,60.684,-2.03%,383383600
2009-02-02,81.57,83.18,81.31,82.58,60.501,-0.30%,288233300
2009-02-03,83.10,84.36,82.22,83.74,61.351,+1.40%,278385800
2009-02-04,84.30,85.37,83.04,83.33,61.050,-0.49%,322989300
2009-02-05,82.70,85.29,77.73,84.57,61.959,+1.49%,417679400
2009-02-06,84.86,87.34,84.68,86.98,63.724,+2.85%,366101700
2009-02-09,86.96,87.74,86.32,87.10,63.812,+0.14%,240075200
2009-02-10,86.27,87.03,82.45,83.11,60.889,-4.58%,536212800
2009-02-11,83.45,84.05,82.40,83.60,61.248,+0.59%,324442500
2009-02-12,82.17,83.82,81.05,83.66,61.292,+0.07%,469302200
2009-02-13,83.55,84.24,82.74,82.76,60.633,-1.08%,293998400
2009-02-17,80.16,82.96,79.17,79.22,58.039,-4.28%,478910100
2009-02-18,79.79,79.94,78.28,79.03,57.900,-0.24%,362964800
2009-02-19,79.84,80.15,78.02,78.18,57.277,-1.08%,316867500
2009-02-20,76.73,78.34,75.77,77.42,56.720,-0.97%,477176600
2009-02-23,78.27,78.27,74.59,74.65,54.691,-3.58%,379641400
2009-02-24,75.29,77.95,74.70,77.48,56.764,+3.79%,426260900
2009-02-25,77.14,78.42,75.63,76.87,56.317,-0.79%,461985800
2009-02-26,77.82,79.67,75.53,75.62,55.402,-1.63%,363353900
2009-02-27,74.01,75.69,73.81,73.93,54.164,-2.23%,470510900
2009-03-02,72.52,73.92,70.37,70.60,51.724,-4.50%,426452600
2009-03-03,71.61,71.70,69.64,70.07,51.336,-0.75%,443761000
2009-03-04,71.23,72.87,70.07,71.73,52.552,+2.37%,462753100
2009-03-05,70.10,71.73,68.17,68.80,50.405,-4.08%,485549400
2009-03-06,69.40,70.45,67.10,68.92,50.493,+0.17%,490470000
2009-03-09,67.95,70.00,67.73,68.11,49.900,-1.18%,379905300
2009-03-10,69.51,72.37,69.37,72.17,52.874,+5.96%,406227900
2009-03-11,73.00,73.75,71.83,72.64,53.218,+0.65%,356648300
2009-03-12,72.62,75.75,71.97,75.50,55.314,+3.94%,409702700
2009-03-13,76.01,76.98,74.73,76.09,55.746,+0.78%,337474700
2009-03-16,76.96,77.97,75.81,75.86,55.577,-0.30%,360644900
2009-03-17,76.07,78.36,75.45,78.18,57.277,+3.06%,356814300
2009-03-18,77.81,80.90,77.07,79.93,58.559,+2.24%,473273200
2009-03-19,80.93,81.00,78.69,78.94,57.834,-1.24%,428520400
2009-03-20,78.76,78.91,76.53,76.71,56.612,-2.82%,371078200
2009-03-23,78.74,82.29,78.31,82.22,60.678,+7.18%,419933300
2009-03-24,81.24,82.36,80.51,80.60,59.482,-1.97%,330271000
2009-03-25,81.23,82.70,79.06,81.45,60.110,+1.05%,441775100
2009-03-26,82.25,83.30,81.32,83.11,61.335,+2.04%,422025200
2009-03-27,82.05,82.53,81.31,81.61,60.228,-1.80%,322332300
2009-03-30,79.80,79.87,77.96,78.79,58.147,-3.46%,324108500
2009-03-31,79.56,81.08,79.05,79.52,58.685,+0.93%,364238300
2009-04-01,78.53,81.42,78.33,81.06,59.822,+1.94%,377018300
2009-04-02,83.08,84.61,81.13,83.43,61.571,+2.92%,476230700
2009-04-03,83.49,84.28,82.67,84.26,62.183,+0.99%,284646300
2009-04-06,83.34,84.28,82.29,83.60,61.696,-0.78%,264866600
2009-04-07,82.25,82.65,81.51,81.65,60.257,-2.33%,258947800
2009-04-08,82.06,82.94,81.54,82.53,60.907,+1.08%,230402800
2009-04-09,84.67,85.82,84.33,85.81,63.327,+3.97%,269653500
2009-04-13,84.92,86.54,84.58,85.83,63.342,+0.02%,224847500
2009-04-14,85.03,85.76,84.08,84.35,62.250,-1.72%,276598800
2009-04-15,83.84,85.42,83.61,85.25,62.914,+1.07%,250726100
2009-04-16,85.93,87.15,84.77,86.50,63.837,+1.47%,335202900
2009-04-17,86.83,87.65,86.14,87.08,64.265,+0.67%,262649000
2009-04-20,85.54,87.05,83.34,83.43,61.571,-4.19%,293690100
2009-04-21,82.82,85.13,82.75,85.06,62.774,+1.95%,114090900
2009-04-22,84.29,86.34,84.07,84.54,62.390,-0.61%,340395200
2009-04-23,84.71,85.42,83.63,85.37,63.003,+0.98%,324903700
2009-04-24,86.03,87.31,85.69,86.66,63.955,+1.51%,287703000
2009-04-27,85.68,87.01,85.54,85.84,63.349,-0.95%,289581600
2009-04-28,84.97,86.59,84.76,85.57,63.150,-0.31%,247926300
2009-04-29,86.52,88.36,86.30,87.39,64.493,+2.13%,311505700
2009-04-30,88.55,89.02,86.92,87.42,64.515,+0.03%,301419800
2009-05-01,87.44,88.21,86.72,87.89,64.862,+0.54%,236110300
2009-05-04,88.55,90.94,88.38,90.88,67.069,+3.40%,287120000
2009-05-05,90.57,90.93,89.84,90.57,66.840,-0.34%,243036300
2009-05-06,91.68,92.20,90.61,92.14,67.999,+1.73%,291941000
2009-05-07,93.01,93.15,90.28,90.86,67.054,-1.39%,317728000
2009-05-08,92.03,93.22,91.44,92.98,68.619,+2.33%,299081700
2009-05-11,91.70,92.11,91.04,91.24,67.335,-1.87%,247923600
2009-05-12,91.63,91.83,89.85,90.97,67.135,-0.30%,282431300
2009-05-13,89.74,90.01,88.50,88.68,65.445,-2.52%,269619100
2009-05-14,88.72,90.12,88.50,89.44,66.006,+0.86%,260098700
2009-05-15,89.37,90.00,88.15,88.71,65.467,-0.82%,271502700
2009-05-18,89.55,91.34,88.57,91.23,67.327,+2.84%,241447400
2009-05-19,91.18,91.97,90.81,91.12,67.246,-0.12%,206102200
2009-05-20,91.95,92.80,90.41,90.51,66.796,-0.67%,285722200
2009-05-21,89.46,89.80,88.26,89.21,65.836,-1.44%,258988400
2009-05-22,89.46,90.00,88.68,89.02,65.696,-0.21%,166811900
2009-05-26,88.36,91.56,88.32,91.30,67.379,+2.56%,236318500
2009-05-27,91.44,91.75,89.53,89.67,66.176,-1.79%,246015800
2009-05-28,90.46,91.34,89.10,90.92,67.098,+1.39%,289095000
2009-05-29,91.42,93.70,90.68,92.53,68.287,+1.77%,258641500
2009-06-01,93.67,95.17,93.43,94.77,69.940,+2.42%,276246800
2009-06-02,94.40,95.37,94.23,94.85,69.999,+0.08%,230874500
2009-06-03,94.04,94.13,92.76,93.65,69.113,-1.27%,235310500
2009-06-04,94.00,94.67,93.30,94.53,69.763,+0.94%,210102300
2009-06-05,95.49,95.67,93.80,94.55,69.777,+0.02%,284257900
2009-06-08,93.84,95.10,93.04,94.16,69.490,-0.41%,238565100
2009-06-09,94.69,95.14,94.02,94.64,69.844,+0.51%,225125500
2009-06-10,95.48,95.49,93.19,94.40,69.667,-0.25%,296100400
2009-06-11,94.58,96.11,94.56,94.82,69.977,+0.44%,275414200
2009-06-12,94.40,95.14,94.00,95.08,70.169,+0.27%,184361800
2009-06-15,93.96,94.02,92.40,92.90,68.560,-2.29%,224190500
2009-06-16,93.23,93.29,91.58,91.64,67.630,-1.36%,227319000
2009-06-17,91.60,92.33,90.83,91.55,67.563,-0.10%,223445200
2009-06-18,91.69,92.67,91.25,92.22,68.058,+0.73%,211725100
2009-06-19,92.58,92.70,91.52,92.04,68.307,-0.20%,215655600
2009-06-22,91.14,91.19,89.25,89.28,66.259,-3.00%,251913600
2009-06-23,89.47,89.88,88.85,89.35,66.311,+0.08%,188309800
2009-06-24,90.16,91.08,89.60,90.12,66.882,+0.86%,211577700
2009-06-25,89.67,92.17,89.57,92.08,68.337,+2.17%,279411000
2009-06-26,91.77,92.24,91.27,91.84,68.159,-0.26%,167579000
2009-06-29,92.11,92.82,91.60,92.70,68.797,+0.94%,168481300
2009-06-30,92.72,93.06,91.27,91.95,68.241,-0.81%,228888200
2009-07-01,92.34,93.23,92.21,92.33,68.523,+0.41%,173041100
2009-07-02,91.13,92.36,89.76,89.81,66.652,-2.73%,212309900
2009-07-06,88.94,89.93,88.66,89.80,66.645,-0.01%,174499600
2009-07-07,89.71,89.82,88.00,88.06,65.354,-1.94%,197088900
2009-07-08,88.59,88.80,87.00,88.00,65.309,-0.07%,248050500
2009-07-09,88.61,88.90,87.91,88.17,65.435,+0.19%,163777600
2009-07-10,87.70,88.49,87.35,87.96,65.279,-0.24%,173520300
2009-07-13,88.31,90.17,87.59,90.10,66.868,+2.43%,217413500
2009-07-14,90.38,90.69,89.73,90.61,67.246,+0.57%,181487400
2009-07-15,91.81,93.51,90.68,93.26,69.213,+2.92%,220877900
2009-07-16,93.00,94.51,92.82,93.11,69.102,-0.16%,231174500
2009-07-17,94.06,94.32,93.54,94.13,69.859,+1.10%,138561700
2009-07-20,94.68,95.29,94.19,95.13,70.601,+1.06%,164179400
2009-07-21,95.87,95.90,94.42,95.57,70.927,+0.46%,217718300
2009-07-22,94.96,96.13,94.89,95.55,70.912,-0.02%,196068100
2009-07-23,95.61,98.08,95.53,97.66,72.478,+2.21%,258795500
2009-07-24,97.20,98.14,96.69,98.06,72.775,+0.41%,154003100
2009-07-27,97.88,98.40,97.34,98.35,72.990,+0.30%,159259400
2009-07-28,97.66,98.37,97.06,97.89,72.649,-0.47%,186685200
2009-07-29,97.44,98.09,96.98,97.65,72.471,-0.25%,194399300
2009-07-30,98.83,99.83,98.60,98.67,73.228,+1.04%,225575400
2009-07-31,98.65,99.47,98.38,98.81,73.332,+0.14%,207358000
2009-08-03,99.85,100.53,99.31,100.44,74.541,+1.65%,175643135
2009-08-04,99.99,100.84,99.78,100.70,74.734,+0.26%,176580411
2009-08-05,100.77,100.86,99.58,100.41,74.519,-0.29%,184659827
2009-08-06,100.87,101.02,99.42,99.89,74.133,-0.52%,193088720
2009-08-07,100.94,102.03,100.39,101.20,75.106,+1.31%,220633441
2009-08-10,100.74,101.22,100.27,100.99,74.950,-0.21%,130710051
2009-08-11,100.54,100.61,99.46,99.73,74.015,-1.25%,157253326
2009-08-12,99.56,101.56,99.51,100.80,74.809,+1.07%,218768068
2009-08-13,101.26,101.61,100.26,101.57,75.380,+0.76%,176348696
2009-08-14,101.52,101.60,99.70,100.79,74.801,-0.77%,199609230
2009-08-17,98.85,98.95,98.11,98.31,72.961,-2.46%,237606971
2009-08-18,98.53,99.44,98.35,99.09,73.540,+0.79%,173394808
2009-08-19,98.31,100.30,98.21,99.96,74.185,+0.88%,192322758
2009-08-20,100.09,101.22,99.87,100.99,74.950,+1.03%,174019754
2009-08-21,101.82,103.13,101.62,102.97,76.419,+1.96%,224481712
2009-08-24,103.39,103.95,102.59,102.96,76.412,-0.01%,191086298
2009-08-25,103.37,104.26,102.94,103.16,76.560,+0.19%,214741611
2009-08-26,102.84,103.64,102.49,103.17,76.568,+0.01%,194362184
2009-08-27,103.11,103.72,101.94,103.40,76.738,+0.22%,195919237
2009-08-28,104.23,104.35,102.67,103.38,76.723,-0.02%,146968559
2009-08-31,102.37,102.58,101.79,102.46,76.041,-0.89%,175920166
2009-09-01,101.95,103.24,99.99,100.20,74.363,-2.21%,321139674
2009-09-02,99.78,100.44,99.57,99.82,74.081,-0.38%,171595734
2009-09-03,100.40,100.77,99.59,100.65,74.697,+0.83%,143353943
2009-09-04,100.85,102.09,100.55,102.06,75.744,+1.40%,142610925
2009-09-08,103.00,103.05,102.39,102.94,76.397,+0.86%,132787933
2009-09-09,103.12,104.08,102.80,103.73,76.983,+0.77%,154517727
2009-09-10,103.80,104.86,103.22,104.79,77.770,+1.02%,162734139
2009-09-11,104.99,105.30,104.28,104.77,77.755,-0.02%,152271892
2009-09-14,103.88,105.46,103.15,105.28,78.133,+0.49%,149475433
2009-09-15,105.45,106.11,104.76,105.72,78.460,+0.42%,196641230
2009-09-16,106.10,107.34,105.73,107.32,79.647,+1.51%,206052265
2009-09-17,107.17,108.06,106.57,107.16,79.529,-0.15%,229170848
2009-09-18,107.15,107.16,106.36,106.72,79.579,-0.41%,153772521
2009-09-21,105.89,107.00,105.66,106.45,79.378,-0.25%,151779803
2009-09-22,107.08,107.37,106.60,107.07,79.840,+0.58%,142758309
2009-09-23,107.32,108.03,105.99,106.18,79.177,-0.83%,225779284
2009-09-24,106.41,106.64,104.55,105.01,78.304,-1.10%,228505460
2009-09-25,104.78,105.36,104.09,104.45,77.887,-0.53%,204011044
2009-09-28,104.85,106.55,104.83,106.32,79.281,+1.79%,118163102
2009-09-29,106.51,107.02,105.78,106.00,79.043,-0.30%,133557970
2009-09-30,106.36,106.46,104.62,105.59,78.737,-0.39%,254033114
2009-10-01,103.00,105.73,102.95,102.97,76.783,-2.48%,281762734
2009-10-02,102.02,103.10,101.99,102.49,76.425,-0.47%,224706451
2009-10-05,102.90,104.32,102.60,104.02,77.566,+1.49%,149790746
2009-10-06,104.77,106.11,104.71,105.51,78.677,+1.43%,202430282
2009-10-07,105.27,105.91,105.07,105.80,78.893,+0.27%,158928504
2009-10-08,106.55,107.17,105.85,106.61,79.497,+0.77%,183181713
2009-10-09,106.64,107.26,106.36,107.26,79.982,+0.61%,134971477
2009-10-12,107.76,108.09,107.28,107.68,80.295,+0.39%,117910827
2009-10-13,107.39,107.71,106.76,107.46,80.131,-0.20%,157418511
2009-10-14,108.72,109.42,107.42,109.31,81.511,+1.72%,191341839
2009-10-15,108.78,109.71,108.73,109.71,81.809,+0.37%,173793776
2009-10-16,108.80,109.27,108.23,108.89,81.198,-0.75%,192006233
2009-10-19,109.07,110.13,108.73,109.79,81.869,+0.83%,159347056
2009-10-20,109.95,109.99,108.68,109.21,81.436,-0.53%,180823274
2009-10-21,109.04,110.31,108.15,108.23,80.705,-0.90%,225309382
2009-10-22,108.19,109.68,107.50,109.33,81.526,+1.02%,238188816
2009-10-23,109.69,109.76,107.63,108.08,80.594,-1.14%,239925670
2009-10-26,108.20,109.31,106.61,106.91,79.721,-1.08%,241662450
2009-10-27,107.03,107.39,106.16,106.42,79.356,-0.46%,252540139
2009-10-28,106.15,106.48,104.35,104.41,77.857,-1.89%,248531297
2009-10-29,105.19,106.86,104.94,106.65,79.527,+2.15%,198013284
2009-10-30,106.30,106.62,103.44,103.56,77.223,-2.90%,325534258
2009-11-02,104.13,105.41,103.08,104.32,77.790,+0.73%,254151475
2009-11-03,103.74,104.80,103.54,104.65,78.036,+0.32%,228290890
2009-11-04,105.51,106.33,104.65,104.92,78.237,+0.26%,247439191
2009-11-05,105.66,106.88,105.44,106.85,79.676,+1.84%,179810733
2009-11-06,106.26,107.40,106.05,107.13,79.885,+0.26%,170909597
2009-11-09,107.95,109.63,107.87,109.57,81.705,+2.28%,159329968
2009-11-10,109.31,109.93,108.97,109.59,81.720,+0.02%,171641411
2009-11-11,110.31,110.82,109.62,110.15,82.137,+0.51%,169316202
2009-11-12,110.00,110.57,108.75,109.03,81.302,-1.02%,157056118
2009-11-13,109.31,110.09,108.75,109.62,81.742,+0.54%,150936223
2009-11-16,110.38,111.69,110.32,111.21,82.928,+1.45%,210844976
2009-11-17,110.92,111.39,110.50,111.34,83.024,+0.12%,146909664
2009-11-18,111.26,111.43,110.57,111.27,82.972,-0.06%,156306393
2009-11-19,110.51,111.31,109.13,109.82,81.891,-1.30%,208639978
2009-11-20,109.25,109.76,109.01,109.43,81.600,-0.36%,134167825
2009-11-23,110.72,111.74,110.60,110.82,82.637,+1.27%,147903660
2009-11-24,111.00,111.20,110.01,110.99,82.763,+0.15%,138293830
2009-11-25,111.17,111.50,110.82,111.38,83.054,+0.35%,109564770
2009-11-27,108.40,110.32,108.29,109.57,81.705,-1.63%,126001795
2009-11-30,109.48,110.20,108.12,109.94,81.981,+0.34%,160662425
2009-12-01,110.92,111.66,110.73,111.30,82.995,+1.24%,159532424
2009-12-02,111.28,112.01,110.92,111.25,82.957,-0.04%,131843464
2009-12-03,111.55,112.18,110.29,110.38,82.309,-0.78%,167038303
2009-12-04,111.84,112.38,110.04,111.01,82.778,+0.57%,274875662
2009-12-07,110.91,111.53,110.49,110.84,82.652,-0.15%,127766350
2009-12-08,110.04,110.77,109.27,109.61,81.734,-1.11%,169715623
2009-12-09,109.58,110.18,109.02,110.02,82.040,+0.37%,154961652
2009-12-10,110.70,111.12,110.45,110.64,82.503,+0.56%,137957786
2009-12-11,111.11,111.36,110.61,111.11,82.853,+0.42%,124798122
2009-12-14,111.87,112.00,111.13,111.87,83.420,+0.68%,106654631
2009-12-15,111.46,111.92,111.00,111.35,83.032,-0.46%,120349844
2009-12-16,111.80,112.13,111.27,111.52,83.159,+0.15%,155069441
2009-12-17,110.72,110.93,110.08,110.18,82.159,-1.20%,183277623
2009-12-18,110.20,110.30,109.28,110.21,82.622,+0.03%,172641677
2009-12-21,110.76,111.70,110.76,111.33,83.462,+1.02%,117939912
2009-12-22,111.57,111.97,111.43,111.73,83.761,+0.36%,91672192
2009-12-23,112.00,112.11,111.50,111.95,83.926,+0.20%,111740397
2009-12-24,112.19,112.60,112.00,112.48,84.324,+0.47%,39677470
2009-12-28,112.90,112.99,112.32,112.72,84.504,+0.21%,87374107
2009-12-29,113.01,113.03,112.55,112.56,84.384,-0.14%,80506177
2009-12-30,112.23,112.65,112.17,112.52,84.354,-0.04%,72969976
2009-12-31,112.77,112.80,111.39,111.44,83.544,-0.96%,90153924
2010-01-04,112.37,113.39,111.51,113.33,84.961,+1.70%,118857369
2010-01-05,113.26,113.68,112.85,113.63,85.186,+0.26%,111519230
2010-01-06,113.52,113.99,113.43,113.71,85.246,+0.07%,116017127
2010-01-07,113.50,114.33,113.18,114.19,85.606,+0.42%,130502017
2010-01-08,113.89,114.62,113.66,114.57,85.891,+0.33%,126357911
2010-01-11,115.08,115.13,114.24,114.73,86.011,+0.14%,105905179
2010-01-12,113.97,114.21,113.22,113.66,85.208,-0.93%,166498092
2010-01-13,113.95,114.94,113.37,114.62,85.928,+0.84%,161730350
2010-01-14,114.49,115.14,114.42,114.93,86.160,+0.27%,115646960
2010-01-15,114.73,114.84,113.20,113.64,85.193,-1.12%,212252769
2010-01-19,113.62,115.13,113.59,115.06,86.258,+1.25%,138671890
2010-01-20,114.28,114.45,112.98,113.89,85.381,-1.02%,216330645
2010-01-21,113.92,114.27,111.56,111.70,83.739,-1.92%,344747028
2010-01-22,111.20,111.74,109.09,109.21,81.872,-2.23%,345627282
2010-01-25,110.21,110.41,109.41,109.77,82.292,+0.51%,186751367
2010-01-26,109.34,110.47,109.04,109.31,81.947,-0.42%,210788669
2010-01-27,109.17,110.08,108.33,109.83,82.337,+0.48%,271482263
2010-01-28,110.19,110.25,107.91,108.57,81.392,-1.15%,315523641
2010-01-29,109.04,109.80,107.22,107.39,80.508,-1.09%,310523229
2010-02-01,108.15,109.07,107.50,109.06,81.760,+1.56%,187376305
2010-02-02,109.26,110.59,108.88,110.38,82.749,+1.21%,216202000
2010-02-03,109.88,110.48,109.51,109.83,82.337,-0.50%,172541928
2010-02-04,108.98,109.03,106.42,106.44,79.796,-3.09%,356204273
2010-02-05,106.56,106.88,104.58,106.66,79.961,+0.21%,493483874
2010-02-08,106.74,107.33,105.81,105.89,79.383,-0.72%,223943088
2010-02-09,107.13,108.15,106.27,107.22,80.380,+1.26%,337698759
2010-02-10,107.05,107.60,106.11,107.01,80.223,-0.20%,240337447
2010-02-11,106.87,108.25,106.25,108.13,81.063,+1.05%,223348428
2010-02-12,106.99,108.10,106.51,108.04,80.995,-0.08%,304335521
2010-02-16,108.86,109.85,107.82,109.74,82.270,+1.57%,159025359
2010-02-17,110.27,110.41,109.74,110.26,82.659,+0.47%,168609976
2010-02-18,110.08,111.14,110.04,110.91,83.147,+0.59%,192806015
2010-02-19,110.62,111.57,110.36,111.14,83.319,+0.21%,215567204
2010-02-22,111.55,111.58,110.83,111.16,83.334,+0.02%,132148949
2010-02-23,110.86,111.20,109.52,109.81,82.322,-1.21%,206922860
2010-02-24,110.14,111.00,109.86,110.82,83.079,+0.92%,176170766
2010-02-25,109.24,110.75,108.94,110.67,82.967,-0.14%,259023227
2010-02-26,110.77,111.12,110.11,110.74,83.019,+0.06%,173425228
2010-03-01,111.20,112.00,111.17,111.89,83.881,+1.04%,147507319
2010-03-02,112.37,112.74,112.00,112.20,84.114,+0.28%,160920705
2010-03-03,112.49,112.97,112.02,112.30,84.189,+0.09%,150552463
2010-03-04,112.45,112.80,112.03,112.64,84.444,+0.30%,135526954
2010-03-05,113.37,114.34,113.10,114.25,85.651,+1.43%,176047042
2010-03-08,114.26,114.52,114.07,114.27,85.666,+0.02%,114525089
2010-03-09,113.93,114.99,113.87,114.46,85.808,+0.17%,154378793
2010-03-10,114.51,115.28,114.41,114.97,86.190,+0.45%,185854165
2010-03-11,114.70,115.48,114.35,115.45,86.550,+0.42%,160381449
2010-03-12,115.95,115.97,115.14,115.46,86.558,+0.01%,161925254
2010-03-15,115.26,115.57,114.60,115.49,86.580,+0.03%,146532076
2010-03-16,115.81,116.52,115.49,116.41,87.270,+0.80%,168561421
2010-03-17,116.76,117.48,116.42,117.10,87.787,+0.59%,177203017
2010-03-18,117.11,117.27,116.57,117.04,87.742,-0.05%,170817
2010-03-19,115.97,117.29,115.52,115.97,87.300,-0.91%,226519190
2010-03-22,115.31,116.80,115.24,116.59,87.767,+0.53%,184083906
2010-03-23,116.76,117.51,116.38,117.41,88.384,+0.70%,182625254
2010-03-24,116.97,117.43,115.58,116.84,87.955,-0.49%,196061714
2010-03-25,117.63,118.17,116.51,116.65,87.812,-0.16%,223197727
2010-03-26,116.87,117.42,116.12,116.58,87.759,-0.06%,205625701
2010-03-29,117.17,117.53,116.69,117.32,88.316,+0.63%,134431758
2010-03-30,117.46,117.83,116.91,117.40,88.377,+0.07%,145681592
2010-03-31,116.95,117.52,116.61,117.00,88.076,-0.34%,160932206
2010-04-01,117.80,118.25,117.10,117.80,88.678,+0.68%,161083608
2010-04-05,118.25,118.84,117.92,118.76,89.400,+0.81%,105621743
2010-04-06,118.42,119.25,118.29,119.04,89.611,+0.24%,110194919
2010-04-07,118.80,119.36,117.81,118.36,89.099,-0.57%,184432309
2010-04-08,117.95,118.97,117.60,118.77,89.408,+0.35%,158495871
2010-04-09,119.02,119.60,118.80,119.55,89.995,+0.66%,132701705
2010-04-12,119.70,120.05,119.56,119.74,90.138,+0.16%,110200946
2010-04-13,119.62,120.04,119.00,119.83,90.206,+0.08%,121901060
2010-04-14,120.27,121.19,120.08,121.19,91.230,+1.13%,161608989
2010-04-15,120.99,121.57,120.95,121.29,91.305,+0.08%,144514805
2010-04-16,120.86,121.29,118.75,119.36,89.852,-1.59%,366379413
2010-04-19,119.01,119.93,118.47,119.81,90.191,+0.38%,217625461
2010-04-20,120.56,120.98,119.87,120.88,90.996,+0.89%,157457380
2010-04-21,120.95,121.23,119.99,120.66,90.831,-0.18%,192782906
2010-04-22,119.81,121.17,119.12,121.02,91.102,+0.30%,239108192
2010-04-23,120.94,121.86,120.63,121.81,91.696,+0.65%,177262089
2010-04-26,121.85,122.12,121.23,121.35,91.350,-0.38%,143347665
2010-04-27,120.65,121.34,118.25,118.48,89.190,-2.37%,355560974
2010-04-28,119.05,119.68,118.27,119.38,89.867,+0.76%,300539227
2010-04-29,120.10,121.11,120.07,120.86,90.981,+1.24%,193598705
2010-04-30,120.88,121.01,118.78,118.81,89.438,-1.70%,269859816
2010-05-03,119.38,120.68,119.20,120.35,90.597,+1.30%,182672396
2010-05-04,119.01,119.03,116.92,117.52,88.467,-2.35%,360072452
2010-05-05,116.56,117.80,115.97,116.82,87.940,-0.60%,328745969
2010-05-06,116.26,117.00,105.00,112.94,85.019,-3.32%,647356600
2010-05-07,112.64,113.77,109.41,111.26,83.755,-1.49%,636806832
2010-05-10,115.81,116.65,114.91,116.16,87.443,+4.40%,395942202
2010-05-11,115.07,117.36,114.91,115.83,87.195,-0.28%,314227758
2010-05-12,116.29,117.62,116.09,117.45,88.414,+1.40%,235346103
2010-05-13,117.13,117.68,115.89,115.99,87.315,-1.24%,234328751
2010-05-14,115.12,115.33,112.87,113.89,85.734,-1.81%,345536506
2010-05-17,114.20,114.52,111.77,113.95,85.780,+0.05%,325702142
2010-05-18,114.88,115.22,112.03,112.40,84.613,-1.36%,360122928
2010-05-19,111.77,112.77,110.36,111.76,84.131,-0.57%,394353890
2010-05-20,109.38,109.89,107.47,107.54,80.954,-3.78%,529155816
2010-05-21,105.91,109.38,105.36,109.11,82.136,+1.46%,500625583
2010-05-24,108.52,109.39,107.61,107.71,81.082,-1.28%,269079858
2010-05-25,105.11,107.87,104.38,107.82,81.165,+0.10%,395832912
2010-05-26,108.48,109.47,106.85,107.17,80.676,-0.60%,348931025
2010-05-27,109.19,110.80,108.78,110.76,83.378,+3.35%,300394583
2010-05-28,110.64,110.72,108.85,109.37,82.332,-1.25%,297534031
2010-06-01,108.35,109.95,107.37,107.53,80.947,-1.68%,277410545
2010-06-02,108.08,110.34,107.51,110.33,83.055,+2.60%,240010348
2010-06-03,110.65,111.06,109.58,110.71,83.341,+0.34%,226453184
2010-06-04,108.61,109.33,106.46,106.82,80.412,-3.51%,395563854
2010-06-07,107.20,107.61,105.41,105.49,79.411,-1.25%,264299273
2010-06-08,105.57,106.83,104.65,106.62,80.262,+1.07%,357532564
2010-06-09,107.24,108.28,105.60,106.05,79.833,-0.53%,267756304
2010-06-10,107.86,109.28,106.04,109.15,82.166,+2.92%,317694394
2010-06-11,108.19,109.75,108.12,109.68,82.565,+0.49%,214061156
2010-06-14,110.52,111.12,109.40,109.51,82.437,-0.15%,206968051
2010-06-15,110.28,112.10,110.09,112.00,84.312,+2.27%,237669665
2010-06-16,111.42,112.42,111.20,111.96,84.282,-0.04%,216095034
2010-06-17,112.28,112.33,111.05,112.14,84.417,+0.16%,263055167
2010-06-18,111.83,112.13,111.37,111.73,84.508,-0.37%,173821764
2010-06-21,113.12,113.20,110.79,111.41,84.266,-0.29%,212852834
2010-06-22,111.41,111.90,109.41,109.57,82.875,-1.65%,239055412
2010-06-23,109.64,110.03,108.48,109.23,82.617,-0.31%,254527875
2010-06-24,108.69,108.83,107.14,107.42,81.248,-1.66%,268265029
2010-06-25,107.74,108.42,106.77,107.87,81.589,+0.42%,237712217
2010-06-28,108.03,108.32,107.14,107.53,81.332,-0.32%,168908508
2010-06-29,106.02,107.51,103.55,104.21,78.821,-3.09%,373318268
2010-06-30,103.92,104.88,102.88,103.22,78.072,-0.95%,283318911
2010-07-01,103.15,103.49,101.13,102.76,77.724,-0.45%,382651225
2010-07-02,103.11,103.42,101.62,102.20,77.300,-0.54%,233291686
2010-07-06,103.64,104.37,101.88,102.87,77.807,+0.66%,255782116
2010-07-07,103.13,106.24,103.02,106.11,80.258,+3.15%,253429307
2010-07-08,107.00,107.28,105.91,107.16,81.052,+0.99%,210678561
2010-07-09,107.13,107.97,106.93,107.96,81.657,+0.75%,144930550
2010-07-12,107.60,108.24,107.15,108.03,81.710,+0.06%,130961733
2010-07-13,109.15,110.09,108.93,109.66,82.943,+1.51%,212543601
2010-07-14,109.31,110.08,108.86,109.65,82.935,-0.01%,184330050
2010-07-15,109.61,110.06,108.17,109.68,82.958,+0.03%,231681837
2010-07-16,109.09,109.21,106.45,106.66,80.674,-2.75%,282607148
2010-07-19,107.05,107.63,106.22,107.29,81.150,+0.59%,186394545
2010-07-20,105.87,108.56,105.82,108.48,82.050,+1.11%,257880059
2010-07-21,109.04,109.07,106.63,107.07,80.984,-1.30%,264349757
2010-07-22,108.34,109.94,108.33,109.46,82.791,+2.23%,274503131
2010-07-23,109.24,110.57,108.93,110.41,83.510,+0.87%,221913150
2010-07-26,110.60,111.67,110.29,111.56,84.380,+1.04%,181974164
2010-07-27,112.17,112.29,111.11,111.55,84.372,-0.01%,204764961
2010-07-28,111.32,111.66,110.46,110.83,83.828,-0.65%,162881260
2010-07-29,111.52,111.82,109.41,110.29,83.419,-0.49%,220040677
2010-07-30,109.17,110.86,108.98,110.27,83.404,-0.02%,219883424
2010-08-02,111.99,112.94,111.54,112.76,85.287,+2.26%,188055426
2010-08-03,112.48,112.77,111.85,112.22,84.879,-0.48%,146470014
2010-08-04,112.53,113.11,112.16,112.97,85.446,+0.67%,157998963
2010-08-05,112.25,112.91,112.08,112.85,85.355,-0.11%,140358072
2010-08-06,111.74,112.57,110.92,112.39,85.008,-0.41%,239618389
2010-08-09,112.92,113.18,112.32,112.99,85.461,+0.53%,120724863
2010-08-10,112.03,112.98,111.37,112.38,85.000,-0.54%,242692534
2010-08-11,110.65,110.69,109.12,109.30,82.670,-2.74%,272943363
2010-08-12,107.65,109.02,107.60,108.63,82.164,-0.61%,239364581
2010-08-13,108.29,108.96,108.18,108.31,81.922,-0.29%,158383281
2010-08-16,107.57,108.61,107.18,108.26,81.884,-0.05%,147556208
2010-08-17,109.19,110.39,108.88,109.59,82.890,+1.23%,172118257
2010-08-18,109.54,110.38,108.91,109.79,83.041,+0.18%,182533533
2010-08-19,109.22,109.49,107.43,107.88,81.596,-1.74%,265766788
2010-08-20,107.56,107.94,106.75,107.53,81.332,-0.32%,209556423
2010-08-23,108.04,108.57,107.07,107.12,81.022,-0.38%,163097648
2010-08-24,105.95,106.39,104.97,105.53,79.819,-1.48%,280534115
2010-08-25,104.95,106.34,104.29,105.94,80.129,+0.39%,272169169
2010-08-26,106.44,106.58,104.88,105.23,79.592,-0.67%,224219048
2010-08-27,105.89,106.97,104.31,106.86,80.825,+1.55%,272308220
2010-08-30,106.58,106.91,105.30,105.31,79.653,-1.45%,166871252
2010-08-31,104.92,105.98,104.49,105.31,79.653,0.00%,273616262
2010-09-01,106.73,108.61,106.66,108.46,82.035,+2.99%,267563260
2010-09-02,108.72,109.49,108.49,109.47,82.799,+0.93%,155921532
2010-09-03,110.54,110.99,109.95,110.89,83.873,+1.30%,212125752
2010-09-07,110.37,110.51,109.55,109.64,82.928,-1.13%,141821257
2010-09-08,109.86,110.85,109.81,110.41,83.510,+0.70%,149907549
2010-09-09,111.65,111.68,110.62,110.92,83.896,+0.46%,146442924
2010-09-10,111.12,111.61,110.87,111.48,84.319,+0.50%,127752166
2010-09-13,112.58,112.95,112.13,112.72,85.257,+1.11%,177874202
2010-09-14,112.50,113.29,112.08,112.65,85.204,-0.06%,209339106
2010-09-15,112.32,113.21,111.98,113.08,85.529,+0.38%,168413600
2010-09-16,112.73,113.12,112.35,113.05,85.507,-0.03%,199774257
2010-09-17,113.04,113.15,112.18,112.49,85.539,-0.50%,195746043
2010-09-20,112.88,114.46,112.52,114.21,86.847,+1.53%,214541807
2010-09-21,114.30,114.84,113.51,113.98,86.672,-0.20%,268363571
2010-09-22,113.80,114.44,113.10,113.42,86.246,-0.49%,191154384
2010-09-23,112.49,113.67,112.18,112.50,85.546,-0.81%,202119199
2010-09-24,113.75,114.90,113.65,114.82,87.310,+2.06%,209597808
2010-09-27,114.86,114.99,114.16,114.27,86.892,-0.48%,128567256
2010-09-28,114.42,115.04,113.18,114.67,87.196,+0.35%,209089087
2010-09-29,114.38,114.91,114.02,114.47,87.044,-0.17%,179576563
2010-09-30,115.05,115.79,113.59,114.13,86.786,-0.30%,286947461
2010-10-01,114.99,115.12,113.93,114.61,87.151,+0.42%,174556419
2010-10-04,114.37,114.85,113.18,113.75,86.497,-0.75%,165979593
2010-10-05,114.80,116.32,114.67,116.04,88.238,+2.01%,229309351
2010-10-06,116.02,116.33,115.56,116.03,88.230,-0.01%,148514950
2010-10-07,116.50,116.53,115.19,115.89,88.124,-0.12%,164724633
2010-10-08,116.05,116.86,115.61,116.54,88.618,+0.56%,177626639
2010-10-11,116.72,116.97,116.25,116.65,88.702,+0.09%,102920611
2010-10-12,116.27,117.35,115.65,117.01,88.976,+0.31%,181748883
2010-10-13,117.66,118.55,117.38,117.92,89.668,+0.78%,193888150
2010-10-14,117.81,118.01,116.72,117.46,89.318,-0.39%,217324777
2010-10-15,118.28,118.35,116.76,117.70,89.500,+0.20%,243526366
2010-10-18,117.74,118.67,117.31,118.28,89.941,+0.49%,141416390
2010-10-19,117.19,117.85,116.02,116.73,88.763,-1.31%,280331815
2010-10-20,116.94,118.44,116.87,117.87,89.630,+0.98%,199776327
2010-10-21,118.40,119.09,117.21,118.13,89.827,+0.22%,221423812
2010-10-22,118.31,118.53,118.00,118.35,89.995,+0.19%,108136870
2010-10-25,119.14,119.76,118.61,118.70,90.261,+0.30%,150911529
2010-10-26,118.10,118.84,117.87,118.72,90.276,+0.02%,158887883
2010-10-27,117.89,118.51,117.26,118.38,90.017,-0.29%,189872039
2010-10-28,119.06,119.11,117.83,118.40,90.033,+0.02%,168414804
2010-10-29,118.28,118.72,118.07,118.49,90.101,+0.08%,144175222
2010-11-01,119.07,119.75,117.85,118.53,90.132,+0.03%,173851149
2010-11-02,119.42,119.75,119.10,119.47,90.846,+0.79%,157916916
2010-11-03,119.68,120.02,118.45,119.95,91.211,+0.40%,226512548
2010-11-04,121.28,122.32,119.97,122.26,92.968,+1.93%,214571865
2010-11-05,122.34,122.92,122.18,122.72,93.318,+0.38%,180591242
2010-11-08,122.34,122.69,121.94,122.49,93.143,-0.19%,155551735
2010-11-09,122.82,122.95,121.12,121.61,92.474,-0.72%,186006607
2010-11-10,121.58,122.16,120.66,122.10,92.846,+0.40%,220587229
2010-11-11,121.05,121.82,120.68,121.64,92.496,-0.38%,157659616
2010-11-12,120.82,121.35,119.65,120.20,91.401,-1.18%,238930528
2010-11-15,120.58,121.05,119.98,120.03,91.272,-0.14%,163635229
2010-11-16,119.29,119.49,117.59,118.16,89.850,-1.56%,299705738
2010-11-17,118.21,118.71,117.86,118.22,89.896,+0.05%,172013797
2010-11-18,119.36,120.39,119.35,119.96,91.219,+1.47%,197429267
2010-11-19,119.90,120.34,119.25,120.29,91.470,+0.28%,156802316
2010-11-22,119.69,120.24,118.77,120.19,91.394,-0.08%,181349749
2010-11-23,118.77,119.02,117.99,118.45,90.071,-1.45%,221848973
2010-11-24,119.20,120.23,119.18,120.20,91.401,+1.48%,140040883
2010-11-26,119.16,119.81,118.80,118.80,90.337,-1.16%,76007704
2010-11-29,118.50,119.48,117.74,119.16,90.611,+0.30%,223441824
2010-11-30,117.98,119.17,117.81,118.49,90.101,-0.56%,233594243
2010-12-01,120.20,121.24,120.19,121.01,92.017,+2.13%,220813253
2010-12-02,121.20,122.65,121.13,122.56,93.196,+1.28%,191000993
2010-12-03,122.14,123.03,122.11,122.89,93.447,+0.27%,151218294
2010-12-06,122.63,123.04,122.50,122.76,93.348,-0.11%,102219003
2010-12-07,123.94,124.01,122.76,122.83,93.401,+0.06%,206338935
2010-12-08,122.98,123.38,122.41,123.28,93.743,+0.37%,137753048
2010-12-09,123.97,124.02,123.15,123.76,94.108,+0.39%,123129634
2010-12-10,124.14,124.60,123.73,124.48,94.656,+0.58%,117451490
2010-12-13,125.05,125.20,124.52,124.56,94.717,+0.06%,133626673
2010-12-14,124.75,125.23,124.29,124.67,94.800,+0.09%,147004202
2010-12-15,124.44,124.93,123.89,124.10,94.367,-0.46%,160353340
2010-12-16,124.18,124.91,123.75,124.82,94.915,+0.58%,185035200
2010-12-17,124.08,124.46,123.82,124.30,95.015,-0.42%,140935518
2010-12-20,124.64,124.90,123.98,124.60,95.245,+0.24%,118947468
2010-12-21,124.99,125.47,124.87,125.39,95.849,+0.63%,94848761
2010-12-22,125.48,125.82,125.41,125.78,96.147,+0.31%,78820816
2010-12-23,125.64,125.78,125.29,125.60,96.009,-0.14%,70052157
2010-12-27,125.13,125.77,125.04,125.65,96.047,+0.04%,58062305
2010-12-28,125.90,125.95,125.50,125.83,96.185,+0.14%,55258057
2010-12-29,125.98,126.20,125.90,125.92,96.254,+0.07%,57970747
2010-12-30,125.80,126.13,125.53,125.72,96.101,-0.16%,76592513
2010-12-31,125.53,125.87,125.33,125.75,96.124,+0.02%,91206861
2011-01-03,126.71,127.60,125.70,127.05,97.118,+1.03%,138503753
2011-01-04,127.33,127.37,126.19,126.98,97.064,-0.06%,137310521
2011-01-05,126.58,127.72,126.46,127.64,97.569,+0.52%,133860404
2011-01-06,127.69,127.83,127.01,127.39,97.377,-0.20%,122398841
2011-01-07,127.56,127.77,126.15,127.14,97.186,-0.20%,155960478
2011-01-10,126.58,127.16,126.20,126.98,97.064,-0.13%,122198298
2011-01-11,127.44,127.74,126.95,127.43,97.408,+0.35%,110183265
2011-01-12,128.21,128.72,127.46,128.58,98.287,+0.90%,107344690
2011-01-13,128.63,128.69,128.05,128.37,98.127,-0.16%,128975422
2011-01-14,128.19,129.33,128.10,129.30,98.837,+0.72%,117607384
2011-01-18,129.18,129.64,129.03,129.52,99.006,+0.17%,114227671
2011-01-19,129.41,129.54,127.91,128.25,98.035,-0.98%,151612850
2011-01-20,127.96,128.40,127.13,128.08,97.905,-0.13%,175498439
2011-01-21,128.88,129.17,128.23,128.37,98.127,+0.23%,151372443
2011-01-24,128.29,129.25,128.26,129.10,98.685,+0.57%,113638998
2011-01-25,128.76,129.28,128.11,129.17,98.738,+0.05%,167374610
2011-01-26,129.49,130.05,129.23,129.67,99.120,+0.39%,141125437
2011-01-27,129.70,130.21,129.47,129.99,99.365,+0.25%,123202443
2011-01-28,130.14,130.35,127.51,127.72,97.630,-1.75%,295509227
2011-01-31,128.07,128.78,127.75,128.68,98.364,+0.75%,149095725
2011-02-01,129.46,130.97,129.38,130.74,99.938,+1.60%,166897171
2011-02-02,130.40,130.84,130.33,130.49,99.747,-0.19%,117643828
2011-02-03,130.26,130.98,129.57,130.78,99.969,+0.22%,145711629
2011-02-04,130.83,131.20,130.23,131.15,100.252,+0.28%,134578637
2011-02-07,131.44,132.40,131.43,131.97,100.878,+0.63%,112329113
2011-02-08,132.09,132.64,131.73,132.57,101.337,+0.45%,98856742
2011-02-09,132.21,132.63,131.61,132.27,101.108,-0.23%,146290644
2011-02-10,131.60,132.47,131.30,132.32,101.146,+0.04%,162504516
2011-02-11,131.80,133.28,131.77,133.11,101.750,+0.60%,137665186
2011-02-14,133.03,133.54,132.88,133.43,101.994,+0.24%,101523079
2011-02-15,133.02,133.22,132.32,133.01,101.673,-0.31%,119454089
2011-02-16,133.46,134.01,133.19,133.85,102.316,+0.63%,130028894
2011-02-17,133.46,134.43,133.34,134.25,102.621,+0.30%,109756912
2011-02-18,134.37,134.69,134.06,134.53,102.835,+0.21%,129820539
2011-02-22,133.12,134.56,131.47,131.83,100.771,-2.01%,232802702
2011-02-23,131.75,132.07,130.21,131.02,100.152,-0.61%,227027906
2011-02-24,130.88,131.44,129.70,130.93,100.083,-0.07%,260113340
2011-02-25,131.48,132.41,131.40,132.33,101.154,+1.07%,141487875
2011-02-28,132.82,133.32,132.38,133.15,101.780,+0.62%,141371239
2011-03-01,133.57,133.69,130.89,130.93,100.083,-1.67%,257661260
2011-03-02,130.75,131.82,130.35,131.21,100.297,+0.21%,200065225
2011-03-03,132.40,133.62,132.39,133.47,102.025,+1.72%,175901528
2011-03-04,133.37,133.63,131.60,132.47,101.261,-0.75%,276985954
2011-03-07,132.86,133.16,130.74,131.43,100.466,-0.79%,216563517
2011-03-08,131.64,133.00,131.07,132.58,101.345,+0.87%,174429069
2011-03-09,132.32,132.80,131.60,132.39,101.199,-0.14%,153739992
2011-03-10,131.00,131.18,129.81,129.94,99.327,-1.85%,301173723
2011-03-11,129.52,131.31,129.49,130.84,100.015,+0.69%,225387232
2011-03-14,129.99,130.48,129.06,130.05,99.411,-0.60%,234935586
2011-03-15,126.59,129.33,126.50,128.56,98.272,-1.15%,357936092
2011-03-16,128.15,128.57,125.28,126.18,96.453,-1.85%,465885431
2011-03-17,128.00,128.39,127.10,127.85,97.729,+1.32%,253963153
2011-03-18,128.84,128.88,127.51,127.76,98.083,-0.07%,229674841
2011-03-21,129.35,130.01,129.20,129.74,99.603,+1.55%,153783793
2011-03-22,129.72,129.89,129.17,129.29,99.258,-0.35%,129568159
2011-03-23,128.93,130.00,128.32,129.66,99.542,+0.29%,148209381
2011-03-24,130.40,131.09,129.67,130.90,100.494,+0.96%,158313879
2011-03-25,131.24,131.87,130.89,131.30,100.801,+0.31%,155632745
2011-03-28,131.58,131.92,130.94,130.98,100.555,-0.24%,108870796
2011-03-29,130.87,131.90,130.44,131.86,101.231,+0.67%,129251966
2011-03-30,132.55,133.16,132.36,132.77,101.930,+0.69%,135649246
2011-03-31,132.60,132.96,132.45,132.59,101.791,-0.14%,132554158
2011-04-01,133.41,133.77,132.83,133.15,102.221,+0.42%,153904534
2011-04-04,133.43,133.67,132.88,133.26,102.306,+0.08%,100648849
2011-04-05,133.00,133.83,132.94,133.24,102.290,-0.02%,120779754
2011-04-06,133.88,134.00,133.12,133.66,102.613,+0.32%,120226603
2011-04-07,133.42,133.98,132.66,133.32,102.352,-0.25%,170837414
2011-04-08,133.91,133.99,132.31,132.86,101.999,-0.35%,147820026
2011-04-11,133.00,133.45,132.14,132.46,101.692,-0.30%,121335593
2011-04-12,131.72,131.98,130.99,131.47,100.931,-0.75%,161227043
2011-04-13,132.08,132.18,130.96,131.46,100.924,-0.01%,161934295
2011-04-14,130.70,131.76,130.27,131.56,101.001,+0.08%,161111305
2011-04-15,131.80,132.37,131.41,132.04,101.369,+0.36%,170005215
2011-04-18,130.59,132.03,129.51,130.56,100.233,-1.12%,210528629
2011-04-19,130.76,131.35,130.44,131.31,100.809,+0.57%,124172780
2011-04-20,132.88,133.39,132.79,133.10,102.183,+1.36%,155698544
2011-04-21,133.79,133.84,133.10,133.78,102.705,+0.51%,136137430
2011-04-25,133.68,133.86,133.20,133.64,102.597,-0.10%,65448313
2011-04-26,134.05,135.06,133.91,134.79,103.480,+0.86%,146642787
2011-04-27,135.05,135.87,134.50,135.67,104.156,+0.65%,143070032
2011-04-28,135.43,136.29,135.41,136.11,104.494,+0.32%,124737256
2011-04-29,136.16,136.57,135.98,136.43,104.739,+0.24%,114976790
2011-05-02,137.07,137.18,135.95,136.22,104.578,-0.15%,126171453
2011-05-03,135.96,136.19,135.04,135.73,104.202,-0.36%,138157240
2011-05-04,135.67,135.73,134.23,134.83,103.511,-0.66%,182561092
2011-05-05,134.08,134.95,133.02,133.61,102.574,-0.90%,226749811
2011-05-06,134.94,135.63,133.68,134.20,103.027,+0.44%,222802766
2011-05-09,134.19,135.11,133.98,134.72,103.427,+0.39%,113906571
2011-05-10,135.17,136.11,135.00,135.87,104.309,+0.85%,114747161
2011-05-11,135.67,135.69,133.82,134.44,103.212,-1.05%,193519181
2011-05-12,134.08,135.36,133.39,135.08,103.703,+0.48%,171028329
2011-05-13,135.15,135.34,133.56,134.04,102.905,-0.77%,157390444
2011-05-16,133.56,134.61,132.97,133.19,102.252,-0.63%,141591409
2011-05-17,132.69,133.35,132.12,133.17,102.237,-0.02%,192833580
2011-05-18,133.24,134.50,132.95,134.36,103.150,+0.89%,135025396
2011-05-19,134.80,135.03,133.94,134.68,103.396,+0.24%,118664220
2011-05-20,134.33,134.68,133.36,133.61,102.574,-0.79%,182444085
2011-05-23,131.98,132.72,131.59,132.06,101.384,-1.16%,168356335
2011-05-24,132.44,132.73,131.70,131.95,101.300,-0.08%,147060899
2011-05-25,131.42,132.94,131.38,132.39,101.638,+0.33%,150896607
2011-05-26,132.03,133.24,131.78,133.00,102.106,+0.46%,164894518
2011-05-27,133.37,133.87,132.96,133.51,102.498,+0.38%,120803429
2011-05-31,134.77,134.92,133.84,134.90,103.565,+1.04%,164348891
2011-06-01,134.51,134.92,131.76,131.87,101.239,-2.25%,232456164
2011-06-02,131.96,132.24,130.96,131.73,101.131,-0.11%,200320487
2011-06-03,130.15,131.42,130.08,130.42,100.125,-0.99%,234455975
2011-06-06,130.09,130.36,128.87,129.04,99.066,-1.06%,179258735
2011-06-07,129.70,130.07,128.85,128.96,99.005,-0.06%,161485789
2011-06-08,128.76,129.19,128.18,128.42,98.590,-0.42%,197987250
2011-06-09,128.77,129.93,128.46,129.40,99.342,+0.76%,160674400
2011-06-10,128.85,128.93,127.26,127.60,97.960,-1.39%,238411677
2011-06-13,127.89,128.24,127.05,127.70,98.037,+0.08%,184488103
2011-06-14,128.87,129.77,128.82,129.32,99.281,+1.27%,160125927
2011-06-15,128.24,129.30,126.68,127.02,97.515,-1.78%,300377189
2011-06-16,127.06,127.97,126.32,127.30,97.730,+0.22%,307721462
2011-06-17,127.93,127.94,126.62,127.05,98.020,-0.20%,233230974
2011-06-20,126.62,127.97,126.58,127.70,98.521,+0.51%,159305551
2011-06-21,128.36,129.70,127.75,129.45,99.872,+1.37%,191713605
2011-06-22,129.05,129.81,128.59,128.67,99.270,-0.60%,176121450
2011-06-23,127.16,128.64,126.19,128.30,98.984,-0.29%,333657698
2011-06-24,128.27,128.37,126.62,126.81,97.835,-1.16%,225810845
2011-06-27,126.89,128.43,126.64,127.94,98.707,+0.89%,166315651
2011-06-28,128.45,129.63,128.27,129.61,99.995,+1.31%,165190188
2011-06-29,130.20,130.93,129.63,130.72,100.851,+0.86%,243880784
2011-06-30,131.14,132.18,130.71,131.97,101.816,+0.96%,222967799
2011-07-01,132.09,134.10,131.78,133.92,103.320,+1.48%,201950626
2011-07-05,133.78,134.08,133.39,133.81,103.235,-0.08%,165927160
2011-07-06,133.49,134.14,133.11,133.97,103.359,+0.12%,143126404
2011-07-07,135.16,135.70,134.88,135.36,104.431,+1.04%,169953719
2011-07-08,133.83,135.36,133.39,134.40,103.691,-0.71%,193857426
2011-07-11,132.75,133.18,131.66,131.97,101.816,-1.81%,195046000
2011-07-12,131.69,132.78,131.36,131.40,101.376,-0.43%,213911524
2011-07-13,132.09,133.22,131.52,131.84,101.716,+0.33%,201984740
2011-07-14,132.17,132.78,130.68,130.93,101.013,-0.69%,225402428
2011-07-15,131.66,131.87,130.77,131.69,101.600,+0.58%,218322032
2011-07-18,131.08,131.28,129.63,130.61,100.767,-0.82%,196456431
2011-07-19,131.34,132.89,131.31,132.73,102.402,+1.62%,165885446
2011-07-20,133.07,133.15,132.42,132.65,102.340,-0.06%,135775669
2011-07-21,133.40,134.82,132.67,134.49,103.760,+1.39%,248433811
2011-07-22,134.52,134.72,133.76,134.58,103.829,+0.07%,125209573
2011-07-25,133.30,134.49,133.16,133.83,103.251,-0.56%,136138062
2011-07-26,133.74,133.96,133.03,133.33,102.865,-0.37%,130989724
2011-07-27,132.59,132.63,130.43,130.60,100.759,-2.05%,247869769
2011-07-28,130.60,131.77,130.01,130.22,100.466,-0.29%,207393093
2011-07-29,128.91,130.55,127.97,129.33,99.779,-0.68%,306535688
2011-08-01,130.84,130.96,127.53,128.78,99.355,-0.43%,324694811
2011-08-02,127.81,128.50,125.49,125.49,96.816,-2.55%,345325261
2011-08-03,125.66,126.31,123.53,126.17,97.341,+0.54%,370546778
2011-08-04,124.42,124.62,120.06,120.26,92.781,-4.68%,519400868
2011-08-05,121.76,122.07,116.86,120.08,92.643,-0.15%,654932879
2011-08-08,116.91,120.12,112.02,112.26,86.609,-6.51%,699984484
2011-08-09,114.07,117.64,110.27,117.48,90.637,+4.65%,709504454
2011-08-10,115.26,116.28,111.95,112.29,86.633,-4.42%,659583629
2011-08-11,113.26,118.92,112.32,117.33,90.521,+4.49%,487137245
2011-08-12,118.40,119.21,117.28,118.12,91.130,+0.67%,313614670
2011-08-15,119.19,120.74,119.00,120.62,93.059,+2.12%,258305402
2011-08-16,119.47,120.69,118.31,119.59,92.265,-0.85%,293453756
2011-08-17,120.25,121.20,118.72,119.67,92.326,+0.07%,237781164
2011-08-18,116.50,119.71,113.39,114.51,88.345,-4.31%,512113802
2011-08-19,112.96,115.88,112.50,112.64,86.903,-1.63%,430047209
2011-08-22,115.17,115.23,112.41,112.73,86.972,+0.08%,274705984
2011-08-23,113.15,116.57,112.58,116.44,89.834,+3.29%,328960993
2011-08-24,116.19,118.24,115.92,118.08,91.100,+1.41%,244763498
2011-08-25,118.73,119.40,115.87,116.28,89.711,-1.52%,311782517
2011-08-26,115.69,118.51,113.85,117.97,91.015,+1.45%,314269489
2011-08-29,119.56,121.43,118.06,121.36,93.630,+2.87%,190438148
2011-08-30,120.83,122.43,119.26,121.68,93.877,+0.26%,240892012
2011-08-31,122.46,123.51,121.30,122.22,94.294,+0.44%,301480767
2011-09-01,122.29,123.40,120.78,120.94,93.306,-1.05%,254226774
2011-09-02,118.42,120.87,117.43,117.85,90.922,-2.55%,255119283
2011-09-06,114.39,117.16,114.38,116.99,90.259,-0.73%,284897438
2011-09-07,118.76,120.34,118.36,120.29,92.805,+2.82%,209475736
2011-09-08,119.57,120.94,118.77,119.04,91.840,-1.04%,249532924
2011-09-09,117.68,119.06,115.28,115.92,89.433,-2.62%,379839727
2011-09-12,114.47,116.76,114.05,116.67,90.012,+0.65%,304103460
2011-09-13,117.05,118.18,116.22,117.74,90.837,+0.92%,272091085
2011-09-14,118.34,120.80,116.72,119.37,92.095,+1.38%,317698271
2011-09-15,120.65,121.47,119.40,121.43,93.684,+1.73%,326067873
2011-09-16,121.29,121.97,120.32,121.52,94.236,+0.07%,283874681
2011-09-19,119.53,120.93,118.72,120.31,93.297,-1.00%,239823961
2011-09-20,120.82,121.99,120.01,120.17,93.189,-0.12%,218316019
2011-09-21,120.23,120.60,116.44,116.63,90.444,-2.95%,315614847
2011-09-22,113.25,114.21,111.30,112.86,87.520,-3.23%,512946022
2011-09-23,112.11,114.16,112.02,113.54,88.047,+0.60%,306183274
2011-09-26,114.61,116.40,112.98,116.24,90.141,+2.38%,260314367
2011-09-27,118.53,119.56,116.84,117.54,91.149,+1.12%,311231680
2011-09-28,117.78,118.49,114.97,115.14,89.288,-2.04%,286147551
2011-09-29,117.05,117.63,113.93,116.05,89.994,+0.79%,297687450
2011-09-30,114.45,115.45,113.07,113.15,87.745,-2.50%,288287488
2011-10-03,112.49,113.95,109.81,109.93,85.248,-2.85%,364341597
2011-10-04,108.35,112.58,107.43,112.34,87.117,+2.19%,458235197
2011-10-05,112.62,114.72,111.58,114.42,88.730,+1.85%,283515241
2011-10-06,114.36,116.66,113.51,116.49,90.335,+1.81%,257354587
2011-10-07,117.17,117.25,115.06,115.71,89.730,-0.67%,312140434
2011-10-10,117.68,119.63,117.67,119.58,92.731,+3.34%,230112993
2011-10-11,118.87,120.04,118.75,119.70,92.824,+0.10%,208801747
2011-10-12,120.60,122.14,120.33,120.75,93.639,+0.88%,281302289
2011-10-13,120.04,120.87,119.12,120.51,93.453,-0.20%,211963751
2011-10-14,121.91,122.60,121.23,122.57,95.050,+1.71%,211138668
2011-10-17,121.99,122.55,119.93,120.23,93.235,-1.91%,201641246
2011-10-18,120.14,123.50,119.20,122.58,95.058,+1.95%,318129364
2011-10-19,122.38,123.08,120.71,121.13,93.933,-1.18%,226406028
2011-10-20,121.43,122.10,119.82,121.66,94.344,+0.44%,261835661
2011-10-21,123.09,124.12,122.72,123.97,96.136,+1.90%,278550463
2011-10-24,124.17,125.80,124.06,125.49,97.314,+1.23%,202222735
2011-10-25,124.89,124.95,122.78,123.05,95.422,-1.94%,263858308
2011-10-26,124.35,124.77,122.21,124.30,96.392,+1.02%,288582522
2011-10-27,127.63,129.42,126.61,128.63,99.749,+3.48%,393288897
2011-10-28,128.00,128.85,127.80,128.60,99.726,-0.02%,225439234
2011-10-31,127.16,128.62,125.32,125.50,97.322,-2.41%,227488415
2011-11-01,122.03,123.51,121.52,122.00,94.608,-2.79%,414920750
2011-11-02,123.83,124.40,122.79,123.99,96.151,+1.63%,244533108
2011-11-03,125.27,126.50,123.60,126.25,97.904,+1.82%,286049726
2011-11-04,125.23,125.70,124.01,125.48,97.307,-0.61%,248867478
2011-11-07,125.39,126.39,124.20,126.26,97.911,+0.62%,196176091
2011-11-08,126.92,128.02,125.71,127.88,99.168,+1.28%,224083163
2011-11-09,124.89,125.80,122.86,123.16,95.508,-3.69%,336963772
2011-11-10,124.79,124.94,123.02,124.32,96.407,+0.94%,231317470
2011-11-11,125.83,126.99,125.79,126.66,98.222,+1.88%,189673478
2011-11-14,126.19,127.45,124.92,125.46,97.291,-0.95%,158964273
2011-11-15,125.17,126.75,124.72,126.08,97.772,+0.49%,184179838
2011-11-16,124.81,126.34,123.90,124.08,96.221,-1.59%,234773689
2011-11-17,123.85,124.16,121.23,122.11,94.693,-1.59%,330058092
2011-11-18,122.50,122.75,121.47,121.98,94.592,-0.11%,215045815
2011-11-21,120.20,120.35,118.65,119.66,92.793,-1.90%,228483956
2011-11-22,119.40,120.10,118.52,119.19,92.429,-0.39%,215981643
2011-11-23,118.07,119.19,116.56,116.56,90.389,-2.21%,223964369
2011-11-25,116.38,117.70,116.20,116.34,90.219,-0.19%,99556980
2011-11-28,119.54,120.18,118.82,119.71,92.832,+2.90%,209775055
2011-11-29,120.05,121.00,119.61,120.05,93.096,+0.28%,198727310
2011-11-30,123.49,125.22,120.00,124.99,96.927,+4.11%,322365596
2011-12-01,124.85,125.64,124.43,124.97,96.911,-0.02%,176496621
2011-12-02,126.12,126.50,124.78,124.86,96.826,-0.09%,220768750
2011-12-05,126.84,127.18,125.44,126.22,97.880,+1.09%,224770475
2011-12-06,126.21,127.11,125.76,126.26,97.911,+0.03%,178219945
2011-12-07,125.84,127.26,124.97,126.73,98.276,+0.37%,236861816
2011-12-08,125.90,126.18,123.65,123.95,96.120,-2.19%,240131025
2011-12-09,124.51,126.37,124.40,126.05,97.749,+1.69%,208829481
2011-12-12,124.95,124.97,123.16,124.21,96.322,-1.46%,214953180
2011-12-13,124.86,125.57,122.45,123.05,95.422,-0.93%,244217330
2011-12-14,122.56,123.03,121.47,121.74,94.406,-1.06%,237725027
2011-12-15,123.03,123.20,121.99,122.18,94.748,+0.36%,198553939
2011-12-16,122.23,122.95,121.30,121.59,94.887,-0.48%,219592687
2011-12-19,122.06,122.32,120.03,120.29,93.873,-1.07%,182949189
2011-12-20,122.18,124.14,120.37,123.93,96.713,+3.03%,224583759
2011-12-21,123.93,124.36,122.75,124.17,96.901,+0.19%,193887149
2011-12-22,124.63,125.40,124.23,125.27,97.759,+0.89%,119059500
2011-12-23,125.67,126.43,125.41,126.39,98.633,+0.89%,91800080
2011-12-27,126.17,126.82,126.06,126.49,98.711,+0.08%,85494893
2011-12-28,126.51,126.53,124.73,124.83,97.416,-1.31%,118365897
2011-12-29,125.24,126.25,124.86,126.12,98.422,+1.03%,123033349
2011-12-30,126.02,126.33,125.50,125.50,97.939,-0.49%,95272998
2012-01-03,127.76,128.38,127.43,127.50,99.499,+1.59%,193309527
2012-01-04,127.20,127.81,126.71,127.70,99.655,+0.16%,126705865
2012-01-05,127.01,128.23,126.43,128.04,99.921,+0.27%,173388995
2012-01-06,128.20,128.22,127.29,127.71,99.663,-0.26%,147337290
2012-01-09,128.00,128.18,127.41,128.02,99.905,+0.24%,99225199
2012-01-10,129.39,129.65,128.95,129.13,100.771,+0.87%,114679719
2012-01-11,128.73,129.37,128.52,129.20,100.826,+0.05%,111221979
2012-01-12,129.57,129.70,128.54,129.51,101.068,+0.24%,119120347
2012-01-13,128.64,129.05,127.72,128.84,100.545,-0.52%,179613047
2012-01-17,130.08,130.32,128.90,129.34,100.935,+0.39%,131927181
2012-01-18,129.31,130.84,129.08,130.77,102.051,+1.11%,162901737
2012-01-19,131.22,131.57,130.80,131.46,102.590,+0.53%,125972329
2012-01-20,131.24,131.95,130.92,131.95,102.972,+0.37%,138079453
2012-01-23,131.51,132.25,130.98,131.61,102.707,-0.26%,129162435
2012-01-24,130.80,131.50,130.60,131.46,102.590,-0.11%,102701099
2012-01-25,131.26,132.87,130.75,132.56,103.448,+0.84%,198222535
2012-01-26,133.15,133.40,131.36,131.88,102.917,-0.51%,184542356
2012-01-27,131.24,132.05,131.15,131.82,102.871,-0.05%,135185159
2012-01-30,130.51,131.44,130.06,131.37,102.519,-0.34%,146747212
2012-01-31,132.02,132.18,130.68,131.32,102.480,-0.04%,157082268
2012-02-01,132.29,133.14,132.13,132.47,103.378,+0.88%,165757550
2012-02-02,132.73,133.02,132.21,132.68,103.542,+0.16%,112910085
2012-02-03,134.00,134.62,133.77,134.54,104.993,+1.40%,160517202
2012-02-06,133.98,134.51,133.83,134.45,104.923,-0.07%,107517511
2012-02-07,134.17,135.02,133.64,134.79,105.188,+0.25%,135265501
2012-02-08,134.86,135.22,134.31,135.19,105.500,+0.30%,138506870
2012-02-09,135.41,135.59,134.56,135.36,105.633,+0.13%,148313299
2012-02-10,134.16,134.47,133.84,134.36,104.853,-0.74%,167753903
2012-02-13,135.32,135.52,134.74,135.36,105.633,+0.74%,115201853
2012-02-14,135.00,135.27,134.25,135.19,105.500,-0.13%,165300175
2012-02-15,135.63,135.83,134.29,134.56,105.009,-0.47%,194497951
2012-02-16,134.57,136.17,134.33,136.05,106.172,+1.11%,186193854
2012-02-17,136.52,136.63,135.96,136.41,106.453,+0.26%,129075063
2012-02-21,136.73,137.05,136.05,136.47,106.499,+0.04%,133899477
2012-02-22,136.26,136.55,135.79,136.03,106.156,-0.32%,123997265
2012-02-23,135.96,136.73,135.50,136.63,106.624,+0.44%,137488236
2012-02-24,136.93,137.20,136.63,136.93,106.858,+0.22%,105474533
2012-02-27,136.02,137.53,135.80,137.16,107.038,+0.17%,145563368
2012-02-28,137.20,137.72,136.93,137.56,107.350,+0.29%,129145619
2012-02-29,137.76,138.19,136.54,137.02,106.929,-0.39%,185615627
2012-03-01,137.31,137.99,136.93,137.73,107.483,+0.52%,144742785
2012-03-02,137.64,137.82,137.00,137.31,107.155,-0.30%,120536666
2012-03-05,137.10,137.20,136.28,136.75,106.718,-0.41%,140544479
2012-03-06,135.35,135.43,134.36,134.75,105.157,-1.46%,201787583
2012-03-07,135.06,135.91,134.93,135.69,105.891,+0.70%,143600783
2012-03-08,136.52,137.32,136.24,137.04,106.944,+0.99%,116712098
2012-03-09,137.30,137.93,137.13,137.57,107.358,+0.39%,122808966
2012-03-12,137.55,137.76,137.09,137.58,107.366,+0.01%,103873080
2012-03-13,138.32,140.13,138.09,140.06,109.301,+1.80%,183032814
2012-03-14,140.10,140.45,139.48,139.91,109.184,-0.11%,145034209
2012-03-15,140.12,140.78,139.76,140.72,109.816,+0.58%,164882424
2012-03-16,140.36,140.48,140.00,140.30,109.967,-0.30%,151779966
2012-03-19,140.21,141.28,140.11,140.85,110.398,+0.39%,125211330
2012-03-20,140.05,140.61,139.64,140.44,110.077,-0.29%,121629293
2012-03-21,140.52,140.65,139.92,140.21,109.897,-0.16%,122251226
2012-03-22,139.18,139.55,138.74,139.20,109.105,-0.72%,135040700
2012-03-23,139.32,139.81,138.55,139.65,109.458,+0.32%,120400107
2012-03-26,140.65,141.61,140.60,141.61,110.994,+1.40%,119477129
2012-03-27,141.74,141.83,141.08,141.17,110.649,-0.31%,119584541
2012-03-28,141.10,141.32,139.64,140.47,110.101,-0.50%,148434044
2012-03-29,139.64,140.49,139.09,140.23,109.912,-0.17%,164884702
2012-03-30,140.92,141.05,140.05,140.81,110.367,+0.41%,135353643
2012-04-02,140.64,142.21,140.36,141.84,111.174,+0.73%,151598615
2012-04-03,141.64,141.88,140.43,141.26,110.720,-0.41%,155717384
2012-04-04,140.22,140.34,139.34,139.86,109.622,-0.99%,146781144
2012-04-05,139.38,140.20,139.26,139.79,109.568,-0.05%,137161910
2012-04-09,138.03,139.84,137.84,138.22,108.337,-1.12%,127440839
2012-04-10,137.95,138.34,135.76,135.90,106.519,-1.68%,235129361
2012-04-11,137.29,137.54,136.75,137.00,107.381,+0.81%,153297439
2012-04-12,137.13,138.90,137.03,138.79,108.784,+1.31%,153603844
2012-04-13,138.47,138.82,137.01,137.14,107.491,-1.19%,169047929
2012-04-16,137.84,138.04,136.58,137.05,107.420,-0.07%,147707377
2012-04-17,137.84,139.36,137.70,139.08,109.011,+1.48%,147627266
2012-04-18,138.46,139.08,138.38,138.61,108.643,-0.34%,122743959
2012-04-19,138.63,139.15,137.07,137.72,107.945,-0.64%,198512320
2012-04-20,138.33,138.83,137.87,137.95,108.125,+0.17%,142867082
2012-04-23,136.54,136.91,135.94,136.79,107.216,-0.84%,171710414
2012-04-24,136.91,137.66,136.80,137.31,107.624,+0.38%,137239318
2012-04-25,138.65,139.25,138.53,139.19,109.097,+1.37%,150143367
2012-04-26,138.89,140.32,138.81,140.16,109.858,+0.70%,135453146
2012-04-27,140.58,140.79,139.80,140.39,110.038,+0.16%,123902644
2012-04-30,140.11,140.21,139.49,139.87,109.630,-0.37%,115006285
2012-05-01,139.79,141.66,139.63,140.74,110.312,+0.62%,138747253
2012-05-02,139.92,140.46,139.46,140.32,109.983,-0.30%,120982449
2012-05-03,140.34,140.45,138.99,139.25,109.144,-0.76%,143518530
2012-05-04,138.52,139.30,136.92,137.00,107.381,-1.62%,193496350
2012-05-07,136.51,137.56,136.46,137.10,107.459,+0.07%,127664189
2012-05-08,136.28,136.77,134.92,136.55,107.028,-0.40%,213125597
2012-05-09,135.10,136.61,134.49,135.74,106.393,-0.59%,220525746
2012-05-10,136.68,136.85,135.71,136.02,106.613,+0.21%,150085682
2012-05-11,135.17,136.87,135.11,135.61,106.291,-0.30%,152988103
2012-05-14,134.31,135.61,133.91,134.11,105.116,-1.11%,163196962
2012-05-15,134.02,134.81,133.13,133.34,104.512,-0.57%,207288863
2012-05-16,133.94,134.55,132.80,132.83,104.112,-0.38%,206973192
2012-05-17,132.86,133.02,130.79,130.86,102.568,-1.48%,247684669
2012-05-18,131.37,131.60,129.55,129.74,101.690,-0.86%,319503709
2012-05-21,130.16,132.02,129.95,131.97,103.438,+1.72%,177733753
2012-05-22,132.31,133.23,131.34,132.20,103.619,+0.17%,197272169
2012-05-23,131.25,132.46,129.99,132.27,103.673,+0.05%,204667764
2012-05-24,132.63,132.84,131.42,132.53,103.877,+0.20%,167017765
2012-05-25,132.48,132.85,131.78,132.10,103.540,-0.32%,135393214
2012-05-29,133.16,133.93,131.17,133.70,104.794,+1.21%,152437330
2012-05-30,132.56,133.69,131.49,131.76,103.274,-1.45%,162154670
2012-05-31,131.71,132.45,130.34,131.47,103.046,-0.22%,195826754
2012-06-01,129.41,131.50,128.16,128.16,100.452,-2.52%,253063555
2012-06-04,128.39,128.74,127.14,128.10,100.405,-0.05%,202317540
2012-06-05,127.85,129.26,127.78,129.07,101.165,+0.76%,163687095
2012-06-06,129.97,132.03,129.93,131.97,103.438,+2.25%,183846801
2012-06-07,133.47,133.53,131.78,132.05,103.501,+0.06%,184597574
2012-06-08,131.71,133.13,131.29,133.10,104.324,+0.80%,143634224
2012-06-11,134.17,134.25,131.28,131.41,102.999,-1.27%,169457174
2012-06-12,131.79,133.01,131.16,132.92,104.183,+1.15%,181773014
2012-06-13,132.53,133.36,131.62,132.07,103.517,-0.64%,171953597
2012-06-14,132.34,134.00,131.98,133.47,104.614,+1.06%,230470410
2012-06-15,133.38,134.26,133.10,134.14,105.679,+0.50%,169104512
2012-06-18,133.58,134.73,133.28,134.40,105.883,+0.19%,131154924
2012-06-19,135.08,136.25,134.37,135.70,106.908,+0.97%,137213470
2012-06-20,135.71,136.10,134.27,135.48,106.734,-0.16%,206299494
2012-06-21,135.64,135.78,132.33,132.44,104.339,-2.24%,205129421
2012-06-22,133.13,133.71,132.62,133.46,105.143,+0.77%,129848438
2012-06-25,132.05,132.10,130.85,131.32,103.457,-1.60%,146248554
2012-06-26,131.70,132.38,130.93,131.98,103.977,+0.50%,141386194
2012-06-27,132.42,133.43,131.97,133.17,104.914,+0.90%,107982307
2012-06-28,132.29,132.99,131.28,132.79,104.615,-0.29%,168941315
2012-06-29,135.20,136.27,134.85,136.10,107.223,+2.49%,212056876
2012-07-02,136.48,136.65,135.52,136.51,107.546,+0.30%,129049181
2012-07-03,136.48,137.51,136.34,137.41,108.255,+0.66%,80450171
2012-07-05,136.90,137.80,136.29,136.79,107.766,-0.45%,126024304
2012-07-06,135.47,135.77,134.85,135.49,106.742,-0.95%,151120499
2012-07-09,135.38,135.57,134.70,135.32,106.608,-0.13%,103703827
2012-07-10,136.01,136.23,133.68,134.14,105.679,-0.87%,162748754
2012-07-11,134.21,134.60,133.38,134.16,105.694,+0.01%,142460464
2012-07-12,133.38,134.23,132.60,133.51,105.182,-0.48%,143428183
2012-07-13,133.86,135.89,133.84,135.75,106.947,+1.68%,129613009
2012-07-16,135.44,135.83,134.90,135.43,106.695,-0.24%,97413111
2012-07-17,135.97,136.64,134.55,136.36,107.428,+0.69%,138576451
2012-07-18,136.04,137.64,135.96,137.37,108.223,+0.74%,113247909
2012-07-19,137.65,138.18,137.21,137.73,108.507,+0.26%,129742249
2012-07-20,136.95,137.16,136.32,136.47,107.514,-0.91%,142813020
2012-07-23,134.47,136.38,133.84,135.09,106.427,-1.01%,144901109
2012-07-24,135.19,135.25,133.03,133.93,105.513,-0.86%,173030103
2012-07-25,134.21,134.56,133.25,133.96,105.537,+0.02%,129041882
2012-07-26,135.89,136.46,135.26,136.17,107.278,+1.65%,156221922
2012-07-27,136.89,139.07,136.14,138.68,109.255,+1.84%,236689679
2012-07-30,138.52,139.34,138.27,138.68,109.255,0.00%,106715402
2012-07-31,138.49,138.87,137.71,137.71,108.491,-0.70%,120507272
2012-08-01,138.70,138.73,137.40,137.59,108.397,-0.09%,138192791
2012-08-02,136.55,137.57,135.58,136.64,107.648,-0.69%,199418419
2012-08-03,138.56,139.64,136.68,139.35,109.783,+1.98%,157710313
2012-08-06,139.72,140.17,139.56,139.62,109.996,+0.19%,85244038
2012-08-07,140.18,140.92,140.03,140.32,110.547,+0.50%,109434310
2012-08-08,139.85,140.65,139.81,140.49,110.681,+0.12%,89648652
2012-08-09,140.29,140.89,140.15,140.61,110.776,+0.09%,90094828
2012-08-10,140.04,140.89,139.81,140.84,110.957,+0.16%,99737237
2012-08-13,140.60,140.84,140.04,140.77,110.902,-0.05%,79352310
2012-08-14,141.29,141.38,140.37,140.79,110.918,+0.01%,102210603
2012-08-15,140.64,141.19,140.55,140.95,111.044,+0.11%,71012147
2012-08-16,141.15,142.16,140.80,141.99,111.863,+0.74%,111977601
2012-08-17,142.23,142.30,141.86,142.18,112.013,+0.13%,90784837
2012-08-20,141.98,142.22,141.59,142.19,112.021,+0.01%,78199468
2012-08-21,142.54,143.09,141.45,141.76,111.682,-0.30%,105399601
2012-08-22,141.40,142.05,141.07,141.82,111.729,+0.04%,132950820
2012-08-23,141.47,141.48,140.44,140.66,110.815,-0.82%,111378827
2012-08-24,140.31,141.83,140.22,141.51,111.485,+0.60%,99416396
2012-08-27,141.89,142.08,141.34,141.54,111.508,+0.02%,68716759
2012-08-28,141.18,141.84,140.97,141.40,111.398,-0.10%,75623274
2012-08-29,141.52,141.89,141.12,141.51,111.485,+0.08%,65396086
2012-08-30,140.90,140.94,140.19,140.49,110.681,-0.72%,96477807
2012-08-31,141.29,141.82,140.36,141.16,111.209,+0.48%,151904556
2012-09-04,141.04,141.46,140.13,141.03,111.107,-0.09%,119620349
2012-09-05,141.09,141.47,140.63,140.91,111.012,-0.09%,100482344
2012-09-06,141.76,143.78,141.75,143.77,113.265,+2.03%,157982836
2012-09-07,144.01,144.39,143.88,144.33,113.706,+0.39%,107218047
2012-09-10,144.19,144.44,143.46,143.51,113.060,-0.57%,86274348
2012-09-11,143.60,144.37,143.56,143.91,113.376,+0.28%,88581396
2012-09-12,144.39,144.55,143.90,144.39,113.754,+0.33%,87596498
2012-09-13,144.37,147.04,143.99,146.59,115.487,+1.52%,225243763
2012-09-14,146.88,148.11,146.76,147.24,115.999,+0.44%,169672999
2012-09-17,146.94,147.19,146.37,146.74,115.605,-0.34%,119136952
2012-09-18,146.49,146.81,146.25,146.62,115.511,-0.08%,98293358
2012-09-19,146.79,147.17,146.41,146.70,115.574,+0.05%,128175304
2012-09-20,146.03,146.79,145.63,146.71,115.582,+0.01%,153893195
2012-09-21,146.64,146.67,145.81,145.87,115.534,-0.57%,108585503
2012-09-24,145.15,145.98,145.04,145.65,115.360,-0.15%,95622709
2012-09-25,145.96,146.24,144.06,144.10,114.132,-1.06%,133060270
2012-09-26,144.07,144.11,142.95,143.29,113.490,-0.56%,146283598
2012-09-27,143.89,144.97,143.51,144.64,114.560,+0.94%,111654225
2012-09-28,144.09,144.56,143.46,143.97,114.029,-0.46%,150664142
2012-10-01,144.52,145.69,144.01,144.35,114.330,+0.26%,135858200
2012-10-02,144.92,145.15,143.83,144.50,114.449,+0.10%,113346235
2012-10-03,144.89,145.43,144.13,145.09,114.916,+0.41%,121026475
2012-10-04,145.64,146.34,145.44,146.13,115.740,+0.72%,124255532
2012-10-05,146.91,147.16,145.70,146.14,115.748,+0.01%,124661611
2012-10-08,145.60,146.12,145.31,145.64,115.352,-0.34%,78257959
2012-10-09,145.53,145.65,144.15,144.20,114.211,-0.99%,148520522
2012-10-10,144.18,144.32,143.09,143.28,113.482,-0.64%,123906096
2012-10-11,144.28,144.49,143.33,143.36,113.546,+0.06%,123539819
2012-10-12,143.46,143.95,142.58,142.89,113.174,-0.33%,124063714
2012-10-15,143.23,144.23,142.77,144.08,114.116,+0.83%,107448207
2012-10-16,144.76,145.64,144.66,145.54,115.272,+1.01%,108612021
2012-10-17,145.64,146.32,145.42,146.20,115.795,+0.45%,128757819
2012-10-18,145.82,146.52,145.33,145.82,115.494,-0.26%,147982555
2012-10-19,145.55,145.56,143.05,143.39,113.570,-1.67%,185459471
2012-10-22,143.15,143.67,142.28,143.41,113.585,+0.01%,125401781
2012-10-23,141.86,142.06,140.83,141.42,112.009,-1.39%,191909488
2012-10-24,141.93,142.10,140.80,141.02,111.692,-0.28%,119929435
2012-10-25,142.02,142.28,140.57,141.43,112.017,+0.29%,134167644
2012-10-26,141.30,141.84,140.39,141.35,111.954,-0.06%,146001865
2012-10-31,141.85,142.03,140.68,141.35,111.954,0.00%,103253290
2012-11-01,141.65,143.01,141.52,142.83,113.126,+1.05%,100929973
2012-11-02,143.68,143.72,141.41,141.56,112.120,-0.89%,137651914
2012-11-05,141.35,142.17,140.93,141.85,112.350,+0.20%,98318459
2012-11-06,142.28,143.52,142.13,142.96,113.229,+0.78%,106563909
2012-11-07,141.66,141.68,139.06,139.72,110.663,-2.27%,263929703
2012-11-08,139.70,140.41,137.93,138.04,109.332,-1.20%,181351566
2012-11-09,137.62,139.44,137.55,138.16,109.427,+0.09%,200950904
2012-11-12,138.59,138.81,137.96,138.27,109.514,+0.08%,97301953
2012-11-13,137.54,139.25,137.36,137.79,109.134,-0.35%,122818991
2012-11-14,138.21,138.43,135.62,135.93,107.661,-1.35%,191349976
2012-11-15,135.98,136.49,135.18,135.70,107.479,-0.17%,177963481
2012-11-16,135.90,136.64,134.70,136.37,108.010,+0.49%,239316080
2012-11-19,137.90,139.15,136.41,139.13,110.196,+2.02%,151289828
2012-11-20,138.91,139.42,138.08,139.19,110.243,+0.04%,119410788
2012-11-21,139.31,139.57,139.03,139.45,110.449,+0.19%,81542659
2012-11-23,140.13,141.40,140.04,141.35,111.954,+1.36%,65409145
2012-11-26,140.65,141.36,140.19,141.05,111.716,-0.21%,99649879
2012-11-27,140.91,141.39,140.24,140.33,111.146,-0.51%,127850321
2012-11-28,139.76,141.54,139.00,141.46,112.041,+0.81%,176637479
2012-11-29,141.99,142.51,141.37,142.12,112.564,+0.47%,150798733
2012-11-30,142.14,142.42,141.66,142.15,112.587,+0.02%,136298627
2012-12-03,142.80,142.92,141.34,141.45,112.033,-0.49%,124385047
2012-12-04,141.44,141.87,140.87,141.25,111.875,-0.14%,126623508
2012-12-05,141.37,142.16,140.37,141.50,112.073,+0.18%,147129404
2012-12-06,141.37,142.04,141.16,141.98,112.453,+0.34%,103086256
2012-12-07,142.53,142.69,141.67,142.41,112.793,+0.30%,108661551
2012-12-10,142.21,142.81,142.15,142.47,112.841,+0.04%,98424357
2012-12-11,143.06,144.11,142.99,143.44,113.609,+0.68%,152344305
2012-12-12,144.00,144.55,143.31,143.51,113.665,+0.05%,146740002
2012-12-13,143.42,143.83,142.27,142.63,112.968,-0.61%,135280737
2012-12-14,142.32,142.58,141.88,142.10,112.548,-0.37%,137650387
2012-12-17,142.47,143.85,142.43,143.77,113.871,+1.18%,143176435
2012-12-18,144.00,145.50,143.79,145.37,115.138,+1.11%,177579280
2012-12-19,145.53,145.58,144.24,144.29,114.282,-0.74%,150656553
2012-12-20,144.38,145.14,143.98,145.12,114.940,+0.58%,167906484
2012-12-21,142.17,144.09,141.94,142.79,113.904,-1.61%,245707986
2012-12-24,142.48,142.56,142.19,142.35,113.553,-0.31%,53874548
2012-12-26,142.64,142.71,141.35,141.75,113.074,-0.42%,105880761
2012-12-27,141.79,142.08,139.92,141.56,112.923,-0.13%,167731111
2012-12-28,140.64,141.42,139.87,140.03,111.702,-1.08%,148156789
2012-12-31,139.66,142.56,139.54,142.41,113.601,+1.70%,243370696
2013-01-02,145.11,146.15,144.73,146.06,116.512,+2.56%,191699844
2013-01-03,145.99,146.37,145.34,145.73,116.249,-0.23%,144670984
2013-01-04,145.97,146.61,145.67,146.37,116.759,+0.44%,116753387
2013-01-07,145.85,146.11,145.43,145.97,116.440,-0.27%,109872420
2013-01-08,145.71,145.91,144.98,145.55,116.105,-0.29%,121133837
2013-01-09,145.87,146.32,145.64,145.92,116.400,+0.25%,90616572
2013-01-10,146.73,147.09,145.97,147.08,117.326,+0.79%,130545424
2013-01-11,147.04,147.15,146.61,147.07,117.318,-0.01%,113891272
2013-01-14,146.89,147.07,146.43,146.97,117.238,-0.07%,89495130
2013-01-15,146.29,147.21,146.20,147.07,117.318,+0.07%,93129495
2013-01-16,146.77,147.28,146.61,147.05,117.302,-0.01%,104747927
2013-01-17,147.70,148.42,147.15,148.00,118.060,+0.65%,133581775
2013-01-18,147.97,148.49,147.43,148.33,118.323,+0.22%,169850738
2013-01-22,148.33,149.13,147.98,149.13,118.961,+0.54%,111615740
2013-01-23,149.13,149.50,148.86,149.37,119.153,+0.16%,104286611
2013-01-24,149.15,150.14,149.01,149.41,119.184,+0.03%,146167943
2013-01-25,149.88,150.25,149.37,150.25,119.855,+0.56%,147142564
2013-01-28,150.29,150.33,149.51,150.07,119.711,-0.12%,113251578
2013-01-29,149.77,150.85,149.67,150.66,120.182,+0.39%,105606462
2013-01-30,150.64,150.94,149.93,150.07,119.711,-0.39%,137305441
2013-01-31,149.89,150.38,149.60,149.70,119.416,-0.25%,108490791
2013-02-01,150.65,151.42,150.39,151.24,120.644,+1.03%,131103910
2013-02-04,150.32,151.27,149.43,149.54,119.288,-1.12%,158901804
2013-02-05,150.35,151.48,150.29,151.05,120.493,+1.01%,113835751
2013-02-06,150.52,151.26,150.41,151.16,120.580,+0.07%,138641354
2013-02-07,151.21,151.35,149.86,150.96,120.421,-0.13%,162376010
2013-02-08,151.22,151.89,151.22,151.80,121.091,+0.56%,103104819
2013-02-11,151.74,151.90,151.39,151.77,121.067,-0.02%,73707733
2013-02-12,151.78,152.30,151.61,152.02,121.266,+0.16%,65311038
2013-02-13,152.33,152.61,151.72,152.15,121.370,+0.09%,82228386
2013-02-14,151.69,152.47,151.52,152.29,121.482,+0.09%,80765157
2013-02-15,152.43,152.59,151.55,152.11,121.338,-0.12%,215103754
2013-02-19,152.37,153.28,152.16,153.25,122.248,+0.75%,95043470
2013-02-20,153.14,153.19,151.26,151.34,120.724,-1.25%,160357559
2013-02-21,150.96,151.42,149.94,150.42,119.990,-0.61%,181438601
2013-02-22,151.15,151.89,150.49,151.89,121.163,+0.98%,106239444
2013-02-25,152.63,152.86,149.00,149.00,118.857,-1.90%,237325697
2013-02-26,149.72,150.20,148.73,150.02,119.671,+0.68%,186316695
2013-02-27,149.89,152.33,149.76,151.91,121.179,+1.26%,147089201
2013-02-28,151.90,152.87,151.41,151.61,120.939,-0.20%,126627248
2013-03-01,151.09,152.34,150.41,152.11,121.338,+0.33%,170605782
2013-03-04,151.76,152.92,151.52,152.92,121.984,+0.53%,97382957
2013-03-05,153.66,154.70,153.64,154.29,123.077,+0.90%,121384504
2013-03-06,154.84,154.92,154.16,154.50,123.245,+0.14%,94355975
2013-03-07,154.70,154.98,154.52,154.78,123.468,+0.18%,85702532
2013-03-08,155.46,155.65,154.66,155.44,123.995,+0.43%,123471509
2013-03-11,155.32,156.04,155.13,156.03,124.465,+0.38%,83315530
2013-03-12,155.92,156.10,155.21,155.68,124.186,-0.22%,105663831
2013-03-13,155.76,156.12,155.23,155.90,124.362,+0.14%,92399074
2013-03-14,156.31,156.80,155.91,156.73,125.024,+0.53%,127154879
2013-03-15,155.85,156.04,155.31,155.83,124.859,-0.57%,138507153
2013-03-18,154.34,155.64,154.20,154.97,124.170,-0.55%,126602593
2013-03-19,155.30,155.51,153.59,154.61,123.882,-0.23%,167206228
2013-03-20,155.52,155.95,155.26,155.69,124.747,+0.70%,113632993
2013-03-21,154.76,155.64,154.10,154.36,123.681,-0.85%,128441488
2013-03-22,154.85,155.60,154.73,155.60,124.675,+0.80%,111082225
2013-03-25,156.01,156.27,154.35,154.95,124.154,-0.42%,151141333
2013-03-26,155.59,156.23,155.42,156.19,125.148,+0.80%,86222901
2013-03-27,155.26,156.24,155.00,156.19,125.148,0.00%,99859772
2013-03-28,156.09,156.85,155.75,156.67,125.532,+0.31%,102819515
2013-04-01,156.59,156.91,155.67,156.05,125.035,-0.40%,99146793
2013-04-02,156.61,157.21,156.37,156.82,125.652,+0.49%,101379648
2013-04-03,156.91,157.03,154.82,155.23,124.378,-1.01%,153863537
2013-04-04,155.43,156.17,155.09,155.86,124.883,+0.41%,131800661
2013-04-05,153.95,155.35,153.77,155.16,124.322,-0.45%,159608146
2013-04-08,155.27,156.22,154.75,156.21,125.164,+0.68%,86406390
2013-04-09,156.50,157.32,155.98,156.75,125.596,+0.35%,100762236
2013-04-10,157.17,158.87,157.13,158.67,127.135,+1.22%,135064585
2013-04-11,158.70,159.71,158.54,159.19,127.551,+0.33%,110026835
2013-04-12,158.68,159.04,157.92,158.80,127.239,-0.24%,116234137
2013-04-15,158.00,158.13,155.10,155.12,124.290,-2.32%,216210295
2013-04-16,156.29,157.49,155.91,157.41,126.125,+1.48%,147215890
2013-04-17,156.29,156.32,154.28,155.11,124.282,-1.46%,226580070
2013-04-18,155.37,155.41,153.55,154.14,123.505,-0.63%,167415764
2013-04-19,154.50,155.55,154.12,155.48,124.579,+0.87%,149577337
2013-04-22,155.78,156.54,154.75,156.17,125.131,+0.44%,106460508
2013-04-23,156.95,157.93,156.17,157.78,126.422,+1.03%,165858583
2013-04-24,157.83,158.30,157.54,157.88,126.502,+0.06%,96580174
2013-04-25,158.34,159.27,158.10,158.52,127.014,+0.41%,130849307
2013-04-26,158.33,158.60,157.73,158.24,126.790,-0.18%,95891293
2013-04-29,158.67,159.65,158.42,159.30,127.639,+0.67%,88476104
2013-04-30,159.27,159.72,158.61,159.68,127.944,+0.24%,115868414
2013-05-01,159.33,159.41,158.10,158.28,126.822,-0.88%,138772621
2013-05-02,158.68,159.89,158.53,159.75,128.000,+0.93%,96336318
2013-05-03,161.14,161.88,159.78,161.37,129.298,+1.01%,143979238
2013-05-06,161.49,162.01,161.42,161.78,129.627,+0.25%,66750706
2013-05-07,162.13,162.65,161.67,162.60,130.284,+0.51%,89948203
2013-05-08,162.42,163.39,162.33,163.34,130.876,+0.46%,97023107
2013-05-09,163.27,163.70,162.47,162.88,130.508,-0.28%,106566417
2013-05-10,162.99,163.55,162.51,163.41,130.933,+0.33%,103075824
2013-05-13,163.20,163.81,162.82,163.54,131.037,+0.08%,81688029
2013-05-14,163.67,165.35,163.67,165.23,132.391,+1.03%,118798711
2013-05-15,164.96,166.45,164.91,166.12,133.104,+0.54%,120608462
2013-05-16,165.78,166.36,165.09,165.34,132.479,-0.47%,109779806
2013-05-17,165.95,167.04,165.73,166.94,133.761,+0.97%,129718215
2013-05-20,166.78,167.58,166.61,166.93,133.753,-0.01%,85006385
2013-05-21,167.08,167.80,166.50,167.17,133.945,+0.14%,95701008
2013-05-22,167.34,169.07,165.17,165.93,132.952,-0.74%,243639217
2013-05-23,164.16,165.91,163.94,165.45,132.567,-0.29%,210803037
2013-05-24,164.47,165.38,163.98,165.31,132.455,-0.08%,151527477
2013-05-28,167.04,167.78,165.81,166.30,133.248,+0.60%,143410276
2013-05-29,165.42,165.80,164.34,165.22,132.383,-0.65%,160214092
2013-05-30,165.35,166.59,165.22,165.83,132.872,+0.37%,106551037
2013-05-31,165.37,166.31,163.13,163.45,130.965,-1.44%,176380148
2013-06-03,163.83,164.46,162.66,164.35,131.686,+0.55%,167962719
2013-06-04,164.44,165.10,162.73,163.56,131.053,-0.48%,157537197
2013-06-05,163.09,163.42,161.13,161.27,129.218,-1.40%,211235847
2013-06-06,161.20,162.74,160.25,162.73,130.388,+0.91%,200064681
2013-06-07,163.85,164.95,163.14,164.80,132.046,+1.27%,185761019
2013-06-10,165.31,165.40,164.37,164.80,132.046,0.00%,102542965
2013-06-11,163.30,164.54,162.74,163.10,130.684,-1.03%,159379607
2013-06-12,164.22,164.39,161.60,161.75,129.602,-0.83%,176962186
2013-06-13,161.66,164.50,161.30,164.21,131.574,+1.52%,163201480
2013-06-14,164.03,164.67,162.91,163.18,130.748,-0.63%,141018099
2013-06-17,164.29,165.22,163.22,164.44,131.758,+0.77%,136114269
2013-06-18,164.53,165.99,164.52,165.74,132.799,+0.79%,114592356
2013-06-19,165.60,165.89,163.38,163.45,130.965,-1.38%,205916944
2013-06-20,161.86,163.47,158.98,159.40,127.720,-2.48%,320785551
2013-06-21,159.64,159.76,157.47,159.07,128.127,-0.21%,271424782
2013-06-24,157.41,158.43,155.73,157.06,126.508,-1.26%,221849792
2013-06-25,158.48,160.10,157.42,158.57,127.725,+0.96%,161987972
2013-06-26,159.87,160.50,159.25,160.14,128.989,+0.99%,134713304
2013-06-27,161.10,161.82,160.95,161.08,129.746,+0.59%,129359801
2013-06-28,160.63,161.40,159.86,160.42,129.215,-0.41%,160158020
2013-07-01,161.26,162.48,161.08,161.36,129.972,+0.59%,131657906
2013-07-02,161.12,162.30,160.50,161.21,129.851,-0.09%,144734577
2013-07-03,160.48,161.77,160.22,161.28,129.908,+0.04%,75216341
2013-07-05,162.47,163.08,161.30,163.02,131.309,+1.08%,122350267
2013-07-08,163.86,164.39,163.08,163.95,132.058,+0.57%,106842928
2013-07-09,164.98,165.33,164.27,165.13,133.009,+0.72%,119211370
2013-07-10,164.97,165.75,164.63,165.19,133.057,+0.04%,120332699
2013-07-11,167.11,167.61,165.18,167.44,134.869,+1.36%,135466463
2013-07-12,167.39,167.93,167.13,167.51,134.926,+0.04%,102638074
2013-07-15,167.97,168.39,167.68,168.15,135.441,+0.38%,69387788
2013-07-16,168.26,168.36,167.07,167.52,134.934,-0.37%,88590595
2013-07-17,168.16,168.48,167.73,167.95,135.280,+0.26%,91766311
2013-07-18,168.31,169.27,168.20,168.87,136.021,+0.55%,103461245
2013-07-19,168.52,169.23,168.31,169.17,136.263,+0.18%,103709128
2013-07-22,169.41,169.74,169.01,169.50,136.529,+0.20%,79307249
2013-07-23,169.80,169.83,169.05,169.14,136.239,-0.21%,80765520
2013-07-24,169.79,169.86,168.18,168.52,135.739,-0.37%,112811714
2013-07-25,168.22,169.08,167.94,168.93,136.069,+0.24%,111066858
2013-07-26,168.22,169.16,167.52,169.11,136.214,+0.11%,107750433
2013-07-29,168.68,169.06,168.11,168.59,135.796,-0.31%,79712464
2013-07-30,169.10,169.28,168.19,168.59,135.796,0.00%,85124833
2013-07-31,168.94,169.85,168.49,168.71,135.892,+0.07%,142329200
2013-08-01,169.99,170.81,169.90,170.66,137.463,+1.16%,110213653
2013-08-02,170.28,170.97,170.05,170.95,137.697,+0.17%,91009697
2013-08-05,170.57,170.96,170.35,170.70,137.495,-0.15%,53868607
2013-08-06,170.37,170.74,169.35,169.73,136.714,-0.57%,87403388
2013-08-07,169.19,169.43,168.55,169.18,136.271,-0.32%,84663314
2013-08-08,169.98,170.18,168.93,169.80,136.770,+0.37%,101940958
2013-08-09,169.58,170.10,168.72,169.31,136.376,-0.29%,91824151
2013-08-12,168.46,169.31,168.38,169.11,136.214,-0.12%,68477641
2013-08-13,169.41,169.90,168.41,169.61,136.617,+0.30%,80689816
2013-08-14,169.53,169.80,168.70,168.74,135.916,-0.51%,79609123
2013-08-15,167.41,167.43,166.09,166.38,134.016,-1.40%,152647543
2013-08-16,166.06,166.63,165.50,165.83,133.573,-0.33%,130636116
2013-08-19,165.64,166.21,164.76,164.77,132.719,-0.64%,96330805
2013-08-20,165.04,166.20,164.86,165.58,133.371,+0.49%,89235551
2013-08-21,165.12,166.03,164.19,164.56,132.550,-0.62%,159343176
2013-08-22,164.90,166.30,164.89,166.06,133.758,+0.91%,101381277
2013-08-23,166.55,166.83,165.77,166.62,134.209,+0.34%,90872824
2013-08-26,166.79,167.30,165.89,166.00,133.709,-0.37%,89492894
2013-08-27,164.36,166.00,163.21,163.33,131.559,-1.61%,158359408
2013-08-28,163.26,164.49,163.05,163.91,132.026,+0.36%,107750295
2013-08-29,163.55,165.04,163.40,164.17,132.235,+0.16%,119032950
2013-08-30,164.51,164.53,163.17,163.65,131.817,-0.32%,134740736
2013-09-03,165.23,165.58,163.70,164.39,132.413,+0.45%,142331733
2013-09-04,164.43,166.03,164.13,165.75,133.508,+0.83%,97219175
2013-09-05,165.85,166.40,165.73,165.96,133.677,+0.13%,63023864
2013-09-06,166.51,166.98,164.48,166.04,133.742,+0.05%,159700226
2013-09-09,166.45,167.73,166.45,167.63,135.022,+0.96%,87408601
2013-09-10,168.64,168.90,168.26,168.87,136.021,+0.74%,105300853
2013-09-11,168.64,169.40,168.35,169.40,136.448,+0.31%,94296092
2013-09-12,169.34,169.56,168.72,168.95,136.086,-0.27%,83134871
2013-09-13,169.13,169.46,168.74,169.33,136.392,+0.22%,72700859
2013-09-16,171.16,171.24,170.04,170.31,137.181,+0.58%,126115232
2013-09-17,170.46,171.11,170.46,171.07,137.793,+0.45%,82269719
2013-09-18,171.01,173.52,170.58,173.05,139.388,+1.16%,203079713
2013-09-19,173.52,173.60,172.59,172.76,139.154,-0.17%,146510429
2013-09-20,172.33,172.33,170.58,170.72,138.186,-1.18%,132555427
2013-09-23,170.49,170.65,169.39,169.93,137.547,-0.46%,104534720
2013-09-24,169.90,170.53,169.21,169.53,137.223,-0.24%,101097962
2013-09-25,169.64,169.98,168.89,169.04,136.826,-0.29%,117195118
2013-09-26,169.32,170.17,169.05,169.69,137.353,+0.38%,77036992
2013-09-27,168.84,169.14,168.47,168.91,136.721,-0.46%,98644882
2013-09-30,167.48,168.54,167.15,168.01,135.993,-0.53%,143620138
2013-10-01,168.14,169.50,167.97,169.34,137.069,+0.79%,126997489
2013-10-02,168.35,169.34,167.83,169.18,136.940,-0.09%,112859880
2013-10-03,168.79,168.94,166.84,167.62,135.677,-0.92%,176563533
2013-10-04,167.75,169.06,167.53,168.89,136.705,+0.76%,96853649
2013-10-07,167.42,168.45,167.25,167.43,135.523,-0.86%,96070316
2013-10-08,167.40,167.62,165.36,165.48,133.945,-1.16%,178558678
2013-10-09,165.80,166.20,164.53,165.60,134.042,+0.07%,168271554
2013-10-10,167.29,169.26,167.23,169.17,136.932,+2.16%,194021164
2013-10-11,168.91,170.32,168.77,170.26,137.814,+0.64%,104967037
2013-10-14,169.21,171.08,169.08,170.94,138.364,+0.40%,111901876
2013-10-15,170.51,171.15,169.47,169.70,137.361,-0.73%,153958055
2013-10-16,170.72,172.16,170.64,172.07,139.279,+1.40%,161058684
2013-10-17,171.37,173.32,171.34,173.22,140.210,+0.67%,129004482
2013-10-18,173.86,174.51,173.51,174.39,141.157,+0.68%,138269996
2013-10-21,174.45,174.75,174.01,174.40,141.165,+0.01%,104054017
2013-10-22,174.91,175.93,174.43,175.41,141.982,+0.58%,126536379
2013-10-23,174.81,174.89,173.96,174.57,141.303,-0.48%,105370556
2013-10-24,174.92,175.37,174.51,175.15,141.772,+0.33%,70144619
2013-10-25,175.51,176.00,175.17,175.95,142.420,+0.46%,93571048
2013-10-28,175.89,176.47,175.70,176.23,142.646,+0.16%,84672528
2013-10-29,176.63,177.24,176.38,177.17,143.407,+0.53%,87248072
2013-10-30,177.38,177.51,175.66,176.29,142.695,-0.50%,139662588
2013-10-31,176.15,176.89,175.53,175.79,142.290,-0.28%,133367094
2013-11-01,176.02,176.61,175.22,176.21,142.630,+0.24%,142775416
2013-11-04,176.69,176.90,175.98,176.83,143.132,+0.35%,85486867
2013-11-05,176.14,176.75,175.57,176.27,142.679,-0.32%,85601525
2013-11-06,177.03,177.50,176.54,177.17,143.407,+0.51%,87129195
2013-11-07,177.50,177.64,174.76,174.93,141.594,-1.26%,156202030
2013-11-08,174.87,177.31,174.85,177.29,143.504,+1.35%,136681130
2013-11-11,177.12,177.53,176.91,177.32,143.529,+0.02%,66300304
2013-11-12,176.94,177.36,176.37,176.96,143.237,-0.20%,83808745
2013-11-13,176.09,178.43,176.09,178.38,144.387,+0.80%,103057956
2013-11-14,178.54,179.42,178.25,179.27,145.107,+0.50%,103190954
2013-11-15,179.56,180.12,179.33,180.05,145.738,+0.44%,102818190
2013-11-18,180.35,180.50,179.02,179.42,145.228,-0.35%,104796009
2013-11-19,179.33,179.87,178.72,179.03,144.913,-0.22%,93891416
2013-11-20,179.39,179.93,177.98,178.47,144.459,-0.31%,124908601
2013-11-21,178.97,180.05,178.86,179.91,145.625,+0.81%,92841271
2013-11-22,179.98,180.83,179.77,180.81,146.353,+0.50%,81295887
2013-11-25,181.13,181.17,180.37,180.63,146.208,-0.10%,79485709
2013-11-26,180.72,181.22,180.41,180.68,146.248,+0.03%,86993560
2013-11-27,180.87,181.24,180.65,181.12,146.604,+0.24%,58800056
2013-11-29,181.32,181.75,180.80,181.00,146.507,-0.07%,55870903
2013-12-02,181.09,181.43,180.25,180.53,146.127,-0.26%,99725781
2013-12-03,179.94,180.39,179.17,179.75,145.495,-0.43%,116563302
2013-12-04,179.10,180.48,178.35,179.73,145.479,-0.01%,123032637
2013-12-05,179.41,179.74,178.77,178.94,144.840,-0.44%,106934067
2013-12-06,180.67,181.11,180.15,180.94,146.459,+1.12%,127727518
2013-12-09,181.47,181.67,181.16,181.40,146.831,+0.25%,70123608
2013-12-10,180.98,181.36,180.64,180.75,146.305,-0.36%,80976207
2013-12-11,180.82,180.85,178.50,178.72,144.662,-1.12%,130590810
2013-12-12,178.64,178.86,177.76,178.13,144.184,-0.33%,115564840
2013-12-13,178.50,178.66,177.77,178.11,144.168,-0.01%,107807610
2013-12-16,178.95,179.81,178.90,179.22,145.066,+0.62%,96194790
2013-12-17,179.38,179.41,178.25,178.65,144.605,-0.32%,89886224
2013-12-18,178.92,181.73,177.32,181.70,147.074,+1.71%,234906482
2013-12-19,181.18,181.70,180.71,181.49,146.904,-0.12%,136298872
2013-12-20,180.69,181.99,180.57,181.56,147.754,+0.04%,197086908
2013-12-23,182.45,182.64,182.07,182.53,148.543,+0.53%,85597541
2013-12-24,182.54,183.01,182.53,182.93,148.869,+0.22%,45368841
2013-12-26,183.34,183.96,183.32,183.86,149.626,+0.51%,63365227
2013-12-27,184.10,184.18,183.66,183.85,149.618,-0.01%,61813841
2013-12-30,183.87,184.02,183.58,183.82,149.593,-0.02%,56857458
2013-12-31,184.07,184.69,183.93,184.69,150.301,+0.47%,86247638
2014-01-02,183.98,184.07,182.48,182.92,148.861,-0.96%,119636836
2014-01-03,183.23,183.60,182.63,182.89,148.836,-0.02%,81390502
2014-01-06,183.49,183.56,182.08,182.36,148.405,-0.29%,108028139
2014-01-07,183.09,183.79,182.95,183.48,149.316,+0.61%,86144169
2014-01-08,183.45,183.83,182.89,183.52,149.349,+0.02%,96582234
2014-01-09,184.11,184.13,182.80,183.64,149.447,+0.07%,90683302
2014-01-10,183.95,184.22,183.01,184.14,149.854,+0.27%,102026318
2014-01-13,183.67,184.18,181.34,181.69,147.860,-1.33%,149891938
2014-01-14,182.29,183.77,181.95,183.67,149.471,+1.09%,105016055
2014-01-15,184.10,184.94,183.71,184.66,150.277,+0.54%,98525721
2014-01-16,184.28,184.66,183.83,184.42,150.081,-0.13%,72290520
2014-01-17,184.10,184.45,183.32,183.64,149.447,-0.42%,107848616
2014-01-21,184.70,184.77,183.05,184.18,149.886,+0.29%,88621138
2014-01-22,184.49,184.57,183.91,184.30,149.984,+0.07%,61270816
2014-01-23,183.37,183.40,181.82,182.79,148.755,-0.82%,132496880
2014-01-24,181.60,181.66,178.83,178.89,145.581,-2.13%,208677093
2014-01-27,179.06,179.52,177.12,178.01,144.865,-0.49%,180843004
2014-01-28,178.14,179.30,178.12,179.07,145.728,+0.60%,110463152
2014-01-29,177.58,178.55,176.88,177.35,144.328,-0.96%,216597269
2014-01-30,178.83,179.81,178.26,179.23,145.858,+1.06%,118938051
2014-01-31,177.01,179.29,176.92,178.18,145.003,-0.59%,194677861
2014-02-03,177.97,178.37,173.83,174.17,141.740,-2.25%,254837004
2014-02-04,174.95,175.84,174.11,175.39,142.733,+0.70%,165012351
2014-02-05,174.78,175.56,173.71,175.17,142.554,-0.13%,164230470
2014-02-06,175.58,177.48,175.22,177.48,144.434,+1.32%,132877526
2014-02-07,178.31,179.87,177.73,179.68,146.224,+1.24%,170787197
2014-02-10,179.70,180.07,179.21,180.01,146.493,+0.18%,92218729
2014-02-11,180.16,182.44,180.04,181.98,148.096,+1.09%,117814009
2014-02-12,182.25,182.83,181.71,182.07,148.169,+0.05%,94717638
2014-02-13,180.84,183.20,180.83,183.01,148.934,+0.52%,100542155
2014-02-14,182.84,184.36,182.67,184.02,149.756,+0.55%,96498305
2014-02-18,184.18,184.49,183.65,184.24,149.935,+0.12%,80460878
2014-02-19,183.76,184.95,182.87,183.02,148.942,-0.66%,126524261
2014-02-20,183.27,184.52,182.60,184.10,149.821,+0.59%,104998099
2014-02-21,184.45,184.89,183.80,183.89,149.650,-0.11%,118116359
2014-02-24,184.28,186.15,184.20,184.91,150.480,+0.55%,114063868
2014-02-25,185.06,185.59,184.23,184.84,150.423,-0.04%,117084901
2014-02-26,185.11,185.60,184.33,184.85,150.431,+0.01%,98677144
2014-02-27,184.58,185.87,184.37,185.82,151.221,+0.52%,93880780
2014-02-28,185.79,187.15,185.05,186.29,151.603,+0.25%,150842000
2014-03-03,184.65,185.45,183.75,184.98,150.537,-0.70%,167448668
2014-03-04,186.79,187.98,186.75,187.58,152.653,+1.41%,167545852
2014-03-05,187.74,188.07,187.45,187.75,152.791,+0.09%,88376859
2014-03-06,188.21,188.61,187.78,188.18,153.141,+0.23%,82516500
2014-03-07,188.96,188.96,187.43,188.26,153.206,+0.04%,114513432
2014-03-10,187.97,188.23,187.08,188.16,153.125,-0.05%,74939176
2014-03-11,188.44,188.71,186.80,187.23,152.368,-0.49%,99009013
2014-03-12,186.32,187.35,185.90,187.28,152.409,+0.03%,104824323
2014-03-13,187.84,187.99,184.66,185.18,150.700,-1.12%,155014237
2014-03-14,184.85,185.80,184.44,184.66,150.277,-0.28%,153919598
2014-03-17,185.59,186.77,185.51,186.33,151.636,+0.90%,98359454
2014-03-18,186.71,187.91,186.51,187.66,152.718,+0.71%,101804519
2014-03-19,187.68,187.94,185.47,186.66,151.904,-0.53%,176267253
2014-03-20,186.25,187.89,185.92,187.75,152.791,+0.58%,117240972
2014-03-21,187.71,189.02,186.03,186.20,152.201,-0.83%,163127905
2014-03-24,186.84,187.07,184.62,185.43,151.572,-0.41%,121411145
2014-03-25,186.37,186.94,185.27,186.31,152.291,+0.47%,103851737
2014-03-26,187.04,187.34,184.92,184.97,151.196,-0.72%,119842897
2014-03-27,184.75,185.34,183.90,184.58,150.877,-0.21%,142382757
2014-03-28,185.11,186.42,185.00,185.49,151.621,+0.49%,101641547
2014-03-31,186.67,187.30,185.52,187.01,152.863,+0.82%,99744911
2014-04-01,187.62,188.36,187.00,188.25,153.877,+0.66%,89193125
2014-04-02,188.49,189.13,188.14,188.88,154.392,+0.33%,78680761
2014-04-03,189.17,189.22,188.05,188.63,154.187,-0.13%,77435320
2014-04-04,189.66,189.70,186.10,186.40,152.365,-1.18%,169380705
2014-04-07,185.95,186.26,183.96,184.34,150.681,-1.11%,140802699
2014-04-08,184.26,185.40,183.59,185.10,151.302,+0.41%,112659755
2014-04-09,185.60,187.15,185.06,187.09,152.929,+1.08%,100253612
2014-04-10,187.08,187.17,182.93,183.16,149.716,-2.10%,172959331
2014-04-11,182.14,183.42,181.31,181.51,148.367,-0.90%,167250792
2014-04-14,182.93,183.37,181.44,182.94,149.536,+0.79%,132381601
2014-04-15,183.32,184.33,181.51,184.20,150.566,+0.69%,157092533
2014-04-16,185.47,186.14,184.65,186.13,152.144,+1.05%,105196633
2014-04-17,185.88,186.91,185.56,186.39,152.356,+0.14%,105254649
2014-04-21,186.44,187.10,186.21,187.04,152.888,+0.35%,68329343
2014-04-22,187.23,188.40,187.13,187.89,153.582,+0.45%,85790307
2014-04-23,187.82,187.92,187.30,187.45,153.223,-0.23%,73869384
2014-04-24,188.37,188.39,186.93,187.83,153.533,+0.20%,88169916
2014-04-25,187.22,187.33,185.87,186.29,152.275,-0.82%,100380205
2014-04-28,187.05,187.69,184.96,186.88,152.757,+0.32%,135121094
2014-04-29,187.48,188.04,187.08,187.75,153.468,+0.47%,84097551
2014-04-30,187.44,188.50,187.18,188.31,153.926,+0.30%,101507717
2014-05-01,188.22,188.84,187.73,188.33,153.942,+0.01%,93019095
2014-05-02,188.31,189.14,187.78,188.06,153.721,-0.14%,98121662
2014-05-05,187.14,188.55,186.62,188.42,154.016,+0.19%,75882739
2014-05-06,188.00,188.13,186.74,186.78,152.675,-0.87%,85454226
2014-05-07,187.41,187.97,186.01,187.88,153.574,+0.59%,106500480
2014-05-08,187.71,189.05,187.08,187.68,153.411,-0.11%,93617513
2014-05-09,187.71,188.04,186.83,187.96,153.640,+0.15%,83678568
2014-05-12,188.80,189.88,188.00,189.79,155.136,+0.97%,86940045
2014-05-13,190.04,190.42,189.77,189.96,155.275,+0.09%,66453965
2014-05-14,189.79,189.88,188.79,189.06,154.539,-0.47%,72366848
2014-05-15,188.68,188.72,186.48,187.40,153.182,-0.88%,154956399
2014-05-16,187.51,188.13,186.72,188.05,153.713,+0.35%,97457678
2014-05-19,187.69,188.89,187.52,188.74,154.277,+0.37%,63839398
2014-05-20,188.65,188.67,187.07,187.55,153.305,-0.63%,111644478
2014-05-21,188.09,189.22,188.06,189.13,154.596,+0.84%,89093285
2014-05-22,189.18,189.98,188.86,189.59,154.972,+0.24%,61549345
2014-05-23,189.76,190.48,189.59,190.35,155.593,+0.40%,60156088
2014-05-27,191.06,191.58,190.95,191.52,156.550,+0.61%,72010355
2014-05-28,191.52,191.82,191.06,191.38,156.435,-0.07%,66722865
2014-05-29,191.82,192.40,191.33,192.37,157.244,+0.52%,64376573
2014-05-30,192.19,192.80,192.03,192.68,157.498,+0.16%,76315640
2014-06-02,192.95,192.99,191.97,192.90,157.678,+0.11%,64655648
2014-06-03,192.43,192.90,192.25,192.80,157.596,-0.05%,65047193
2014-06-04,192.47,193.30,192.27,193.19,157.915,+0.20%,55529372
2014-06-05,193.41,194.65,192.70,194.45,158.945,+0.65%,92102592
2014-06-06,194.87,195.43,194.78,195.38,159.705,+0.48%,78696219
2014-06-09,195.35,196.05,195.17,195.58,159.868,+0.10%,65118828
2014-06-10,195.34,195.64,194.92,195.60,159.885,+0.01%,57129440
2014-06-11,194.90,195.12,194.48,194.92,159.329,-0.35%,68772479
2014-06-12,194.69,194.80,193.11,193.54,158.201,-0.71%,106350200
2014-06-13,193.92,194.32,193.30,194.13,158.683,+0.30%,82017278
2014-06-16,193.89,194.70,193.66,194.29,158.814,+0.08%,87424332
2014-06-17,194.02,194.97,193.81,194.83,159.255,+0.28%,84833876
2014-06-18,194.83,196.37,194.40,196.26,160.424,+0.73%,105266767
2014-06-19,196.43,196.60,195.80,196.48,160.604,+0.11%,85928920
2014-06-20,196.03,196.10,195.70,195.94,160.928,-0.27%,100587108
2014-06-23,195.99,196.05,195.52,195.88,160.879,-0.03%,70611486
2014-06-24,195.53,196.50,194.48,194.70,159.910,-0.60%,96236917
2014-06-25,194.29,195.78,194.25,195.58,160.633,+0.45%,82781912
2014-06-26,195.61,195.63,194.13,195.44,160.518,-0.07%,84311822
2014-06-27,194.98,195.88,194.89,195.82,160.830,+0.19%,71453616
2014-06-30,195.70,196.17,195.53,195.72,160.748,-0.05%,70504228
2014-07-01,196.20,197.63,196.13,197.03,161.823,+0.67%,90470121
2014-07-02,197.05,197.48,196.96,197.23,161.988,+0.10%,52474832
2014-07-03,197.79,198.29,197.64,198.20,162.784,+0.49%,52938832
2014-07-07,197.82,197.98,197.22,197.51,162.218,-0.35%,61696447
2014-07-08,197.15,197.22,195.76,196.24,161.175,-0.64%,108142552
2014-07-09,196.73,197.30,196.31,197.12,161.897,+0.45%,72992322
2014-07-10,195.22,196.86,195.06,196.34,161.257,-0.40%,99040407
2014-07-11,196.22,196.75,195.78,196.61,161.479,+0.14%,64243410
2014-07-14,197.61,197.86,197.44,197.60,162.292,+0.50%,58657919
2014-07-15,197.72,198.10,196.36,197.23,161.988,-0.19%,111346230
2014-07-16,198.11,198.26,197.42,197.96,162.587,+0.37%,80073242
2014-07-17,197.35,198.10,195.43,195.71,160.739,-1.14%,145398459
2014-07-18,196.35,197.91,196.24,197.71,162.382,+1.02%,124330419
2014-07-21,197.09,197.50,196.43,197.34,162.078,-0.19%,67591618
2014-07-22,198.01,198.56,197.87,198.20,162.784,+0.44%,67677602
2014-07-23,198.50,198.85,198.10,198.64,163.146,+0.22%,65611830
2014-07-24,198.83,199.06,198.45,198.65,163.154,+0.01%,56888093
2014-07-25,198.09,198.26,197.33,197.72,162.390,-0.47%,76837257
2014-07-28,197.76,198.09,196.62,197.80,162.456,+0.04%,69258785
2014-07-29,198.17,198.45,196.92,196.95,161.758,-0.43%,80466351
2014-07-30,197.65,197.91,196.16,196.98,161.782,+0.02%,104222452
2014-07-31,195.61,195.78,192.97,193.09,158.588,-1.97%,183479441
2014-08-01,192.56,193.76,191.57,192.50,158.103,-0.31%,189260864
2014-08-04,192.87,194.30,192.05,193.89,159.245,+0.72%,91340487
2014-08-05,193.10,193.60,191.31,192.01,157.700,-0.97%,152690379
2014-08-06,191.11,192.89,191.08,192.07,157.750,+0.03%,94818317
2014-08-07,192.94,193.13,190.55,191.03,156.896,-0.54%,135733421
2014-08-08,191.46,193.37,190.95,193.24,158.711,+1.16%,117014384
2014-08-11,193.97,194.66,193.71,193.80,159.171,+0.29%,74543691
2014-08-12,193.61,194.15,192.94,193.53,158.949,-0.14%,73631640
2014-08-13,194.29,195.06,193.96,194.84,160.025,+0.68%,68926041
2014-08-14,195.16,195.76,194.98,195.76,160.780,+0.47%,57370793
2014-08-15,196.47,196.65,194.31,195.72,160.748,-0.02%,139950669
2014-08-18,196.80,197.45,196.69,197.36,162.095,+0.84%,75424360
2014-08-19,197.84,198.54,197.44,198.39,162.940,+0.52%,59134709
2014-08-20,198.12,199.16,198.08,198.92,163.376,+0.27%,72762541
2014-08-21,199.09,199.76,198.93,199.50,163.852,+0.29%,67790690
2014-08-22,199.34,199.69,198.74,199.19,163.598,-0.16%,76107359
2014-08-25,200.14,200.59,199.15,200.20,164.427,+0.51%,63855022
2014-08-26,200.33,200.82,200.28,200.33,164.534,+0.06%,47298324
2014-08-27,200.43,200.57,199.94,200.25,164.468,-0.04%,47873708
2014-08-28,199.59,200.27,199.39,200.14,164.378,-0.05%,58330373
2014-08-29,200.45,200.73,199.82,200.71,164.846,+0.28%,65906598
2014-09-02,200.97,201.00,199.86,200.61,164.764,-0.05%,72425793
2014-09-03,201.38,201.41,200.22,200.50,164.673,-0.05%,57461742
2014-09-04,200.84,201.58,199.66,200.21,164.435,-0.14%,85236442
2014-09-05,200.17,201.19,199.41,201.11,165.174,+0.45%,102176784
2014-09-08,200.92,201.21,200.00,200.59,164.747,-0.26%,64145745
2014-09-09,200.41,200.55,198.91,199.32,163.704,-0.63%,88590876
2014-09-10,199.43,200.20,198.77,200.07,164.320,+0.38%,67251103
2014-09-11,199.27,200.33,199.12,200.30,164.509,+0.11%,66823558
2014-09-12,200.10,200.12,198.56,199.13,163.548,-0.58%,117478516
2014-09-15,199.16,199.32,198.38,198.98,163.425,-0.08%,76401421
2014-09-16,198.61,200.84,198.50,200.48,164.657,+0.75%,116200722
2014-09-17,200.77,201.68,199.75,200.75,164.879,+0.13%,151265896
2014-09-18,201.36,201.85,201.10,201.82,165.758,+0.53%,94990300
2014-09-19,201.52,201.90,200.29,200.70,165.609,-0.55%,121649147
2014-09-22,200.35,200.38,198.73,199.15,164.330,-0.77%,125552758
2014-09-23,198.43,199.26,197.95,198.01,163.389,-0.57%,111393319
2014-09-24,198.04,199.69,197.52,199.56,164.668,+0.78%,107275635
2014-09-25,199.04,199.05,196.27,196.34,162.011,-1.61%,150300028
2014-09-26,196.70,198.39,196.42,197.90,163.299,+0.79%,103546740
2014-09-29,196.20,197.89,196.05,197.54,163.002,-0.18%,95111605
2014-09-30,197.69,198.30,196.61,197.02,162.572,-0.26%,131302082
2014-10-01,196.70,196.77,193.91,194.35,160.369,-1.36%,177797862
2014-10-02,194.18,195.06,192.35,194.38,160.394,+0.02%,157285182
2014-10-03,195.68,196.94,195.08,196.52,162.160,+1.10%,121568769
2014-10-06,197.34,197.60,195.58,196.29,161.970,-0.12%,104778335
2014-10-07,195.28,195.72,193.22,193.26,159.470,-1.54%,147913498
2014-10-08,193.37,196.92,192.36,196.64,162.259,+1.75%,186461453
2014-10-09,196.33,196.60,192.58,192.74,159.041,-1.98%,210704601
2014-10-10,192.69,193.65,190.49,190.54,157.225,-1.14%,221908954
2014-10-13,190.46,191.15,187.30,187.41,154.643,-1.64%,230938833
2014-10-14,188.42,189.82,187.04,187.70,154.882,+0.15%,215846527
2014-10-15,185.16,187.69,181.92,186.43,153.834,-0.68%,380714598
2014-10-16,183.06,187.58,182.89,186.27,153.702,-0.09%,270391488
2014-10-17,188.42,189.75,187.62,188.47,155.517,+1.18%,214624921
2014-10-20,188.13,190.45,188.07,190.30,157.027,+0.97%,130010813
2014-10-21,191.68,194.20,191.48,194.07,160.138,+1.98%,154948579
2014-10-22,194.41,194.91,192.61,192.69,159.000,-0.71%,151822409
2014-10-23,194.62,196.20,194.26,194.93,160.848,+1.16%,154944169
2014-10-24,195.25,196.49,194.49,196.43,162.086,+0.77%,117927286
2014-10-27,195.73,196.45,195.03,196.16,161.863,-0.14%,82953689
2014-10-28,196.82,198.42,196.73,198.41,163.719,+1.15%,106735936
2014-10-29,198.55,199.12,196.80,198.11,163.472,-0.15%,142557417
2014-10-30,197.58,199.95,197.40,199.38,164.520,+0.64%,113329976
2014-10-31,201.78,201.82,200.77,201.66,166.401,+1.14%,146902554
2014-11-03,201.92,202.45,201.31,201.77,166.492,+0.05%,93734143
2014-11-04,201.23,201.60,200.06,201.07,165.914,-0.35%,93342777
2014-11-05,202.54,202.59,201.45,202.34,166.962,+0.63%,91708574
2014-11-06,202.39,203.26,201.64,203.15,167.631,+0.40%,107089076
2014-11-07,203.17,203.60,202.61,203.34,167.787,+0.09%,89539712
2014-11-10,203.38,204.04,203.13,203.98,168.316,+0.31%,66318964
2014-11-11,204.06,204.31,203.65,204.18,168.481,+0.10%,54499375
2014-11-12,203.35,204.24,203.31,203.96,168.299,-0.11%,90120295
2014-11-13,204.16,204.83,203.21,204.19,168.489,+0.11%,85357918
2014-11-14,204.10,204.49,203.72,204.24,168.530,+0.02%,80417514
2014-11-17,203.85,204.58,203.65,204.37,168.637,+0.06%,80440954
2014-11-18,204.44,205.92,204.44,205.55,169.611,+0.58%,76068107
2014-11-19,205.31,205.55,204.30,205.22,169.339,-0.16%,82373009
2014-11-20,204.26,205.71,204.18,205.58,169.636,+0.18%,72840326
2014-11-21,207.64,207.84,205.98,206.68,170.544,+0.54%,142327285
2014-11-24,207.17,207.39,206.91,207.26,171.022,+0.28%,65880759
2014-11-25,207.54,207.79,206.80,207.11,170.898,-0.07%,79108301
2014-11-26,207.29,207.76,207.03,207.64,171.336,+0.26%,62167832
2014-11-28,207.49,207.87,206.91,207.20,170.973,-0.21%,57890088
2014-12-01,206.40,206.54,205.38,205.76,169.784,-0.69%,103968354
2014-12-02,205.81,207.34,205.78,207.09,170.882,+0.65%,74507192
2014-12-03,207.30,208.15,207.10,207.89,171.542,+0.39%,68951968
2014-12-04,207.54,208.27,206.70,207.66,171.352,-0.11%,91316591
2014-12-05,207.87,208.47,207.55,208.00,171.633,+0.16%,91025470
2014-12-08,207.52,208.12,205.93,206.61,170.486,-0.67%,108588152
2014-12-09,204.37,206.60,203.91,206.47,170.370,-0.07%,125180054
2014-12-10,205.91,205.98,202.93,203.16,167.639,-1.60%,159856394
2014-12-11,203.88,206.19,203.71,204.19,168.489,+0.51%,159012805
2014-12-12,202.64,203.82,200.85,200.89,165.766,-1.62%,202330191
2014-12-15,201.98,202.53,198.78,199.51,164.627,-0.69%,189965750
2014-12-16,198.58,202.40,197.86,197.91,163.307,-0.80%,259543848
2014-12-17,198.44,202.34,198.29,201.79,166.508,+1.96%,253910092
2014-12-18,204.74,212.97,203.92,206.78,170.626,+2.47%,257633900
2014-12-19,206.43,207.33,205.61,206.52,171.348,-0.13%,245084590
2014-12-22,206.75,207.47,206.46,207.47,172.136,+0.46%,148318934
2014-12-23,208.17,208.23,207.40,207.75,172.368,+0.13%,122167931
2014-12-24,208.02,208.34,207.72,207.77,172.385,+0.01%,42963399
2014-12-26,208.31,208.85,208.25,208.44,172.941,+0.32%,57326703
2014-12-29,208.22,208.97,208.14,208.72,173.173,+0.13%,79643948
2014-12-30,208.21,208.37,207.51,207.60,172.244,-0.54%,73540761
2014-12-31,207.99,208.19,205.39,205.54,170.535,-0.99%,130333829
2015-01-02,206.38,206.88,204.18,205.43,170.444,-0.05%,121465865
2015-01-05,204.17,204.37,201.35,201.72,167.365,-1.81%,169632646
2015-01-06,202.09,202.72,198.86,199.82,165.789,-0.94%,209151408
2015-01-07,201.42,202.72,200.88,202.31,167.855,+1.25%,125346709
2015-01-08,204.01,206.16,203.99,205.90,170.834,+1.77%,147217784
2015-01-09,206.40,206.42,203.51,204.25,169.465,-0.80%,158567288
2015-01-12,204.41,204.60,201.92,202.65,168.137,-0.78%,144396067
2015-01-13,204.12,205.48,200.51,202.08,167.664,-0.28%,214553306
2015-01-14,199.65,201.10,198.57,200.86,166.652,-0.60%,192991092
2015-01-15,201.63,202.01,198.88,199.02,165.125,-0.92%,176613906
2015-01-16,198.77,201.82,198.55,201.63,167.291,+1.31%,211879605
2015-01-20,202.40,202.72,200.17,202.06,167.648,+0.21%,130991069
2015-01-21,201.50,203.66,200.94,203.08,168.494,+0.50%,122942707
2015-01-22,203.99,206.26,202.33,206.10,171.000,+1.49%,174356029
2015-01-23,205.79,206.10,204.81,204.97,170.062,-0.55%,117516753
2015-01-26,204.71,205.56,203.85,205.45,170.460,+0.23%,92009711
2015-01-27,202.97,204.12,201.74,202.74,168.212,-1.32%,134044598
2015-01-28,204.17,204.29,199.91,200.14,166.055,-1.28%,168514312
2015-01-29,200.38,202.30,198.68,201.99,167.589,+0.92%,173585424
2015-01-30,200.57,202.17,199.13,199.45,165.482,-1.26%,197729724
2015-02-02,200.05,202.03,197.86,201.92,167.531,+1.24%,163106969
2015-02-03,203.00,204.85,202.55,204.84,169.954,+1.45%,124212881
2015-02-04,203.92,205.38,203.51,204.06,169.307,-0.38%,134306728
2015-02-05,204.86,206.30,204.77,206.12,171.016,+1.01%,97953181
2015-02-06,206.56,207.24,204.92,205.55,170.543,-0.28%,125672026
2015-02-09,204.77,205.64,204.14,204.63,169.780,-0.45%,87219016
2015-02-10,205.88,207.12,204.68,206.81,171.589,+1.07%,96164183
2015-02-11,206.61,207.45,205.83,206.93,171.688,+0.06%,91087785
2015-02-12,207.89,208.99,206.97,208.92,173.339,+0.96%,97545949
2015-02-13,209.07,209.84,208.76,209.78,174.053,+0.41%,93670430
2015-02-17,209.40,210.32,209.10,210.11,174.327,+0.16%,76968199
2015-02-18,209.66,210.22,209.34,210.13,174.343,+0.01%,80652941
2015-02-19,209.41,210.42,209.24,209.98,174.219,-0.07%,91462491
2015-02-20,209.48,211.33,208.73,211.24,175.264,+0.60%,140896392
2015-02-23,210.94,211.21,210.48,211.21,175.239,-0.01%,74411054
2015-02-24,211.12,212.05,210.76,211.81,175.737,+0.28%,72472263
2015-02-25,211.66,212.24,211.22,211.63,175.588,-0.08%,73061687
2015-02-26,211.52,211.71,210.65,211.38,175.380,-0.12%,72697868
2015-02-27,211.26,211.58,210.60,210.66,174.783,-0.34%,108075972
2015-03-02,210.78,212.06,210.72,211.99,175.886,+0.63%,87491428
2015-03-03,211.47,212.05,210.08,211.12,175.165,-0.41%,110325809
2015-03-04,210.40,210.49,209.06,210.23,174.426,-0.42%,114497192
2015-03-05,210.62,210.80,209.85,210.46,174.617,+0.11%,76873000
2015-03-06,210.46,210.46,207.10,207.50,172.161,-1.41%,188127982
2015-03-09,207.74,208.79,207.55,208.36,172.875,+0.41%,89818893
2015-03-10,206.71,206.81,204.93,204.98,170.070,-1.62%,157121263
2015-03-11,205.29,205.50,204.40,204.50,169.672,-0.23%,110145718
2015-03-12,205.26,207.18,205.20,207.10,171.829,+1.27%,93993523
2015-03-13,206.77,207.93,204.58,205.83,170.775,-0.61%,162410893
2015-03-16,206.71,208.69,205.86,208.58,173.057,+1.34%,136099192
2015-03-17,207.69,208.42,206.98,207.96,172.543,-0.30%,94510422
2015-03-18,207.39,211.27,206.62,210.46,174.617,+1.20%,228808524
2015-03-19,209.96,210.47,209.03,209.50,173.820,-0.46%,117917302
2015-03-20,209.71,211.02,209.49,210.41,175.348,+0.43%,177715081
2015-03-23,210.42,211.11,210.00,210.00,175.006,-0.19%,71784536
2015-03-24,209.85,210.40,208.74,208.82,174.023,-0.56%,77805321
2015-03-25,209.07,209.35,205.71,205.76,171.473,-1.47%,159521708
2015-03-26,204.96,206.37,204.12,205.27,171.064,-0.24%,153067241
2015-03-27,205.13,205.95,204.90,205.74,171.456,+0.23%,118938966
2015-03-30,206.98,208.61,206.96,208.25,173.548,+1.22%,96180400
2015-03-31,207.26,208.10,206.36,206.43,172.031,-0.87%,126768703
2015-04-01,206.43,206.43,204.51,205.70,171.423,-0.35%,137303584
2015-04-02,205.62,206.98,205.40,206.44,172.039,+0.36%,86900906
2015-04-06,206.44,208.45,205.21,207.83,173.198,+0.67%,114368155
2015-04-07,207.86,208.76,207.24,207.28,172.739,-0.26%,81236337
2015-04-08,207.55,208.51,207.08,207.98,173.323,+0.34%,89351939
2015-04-09,207.78,209.18,207.19,208.90,174.089,+0.44%,85548854
2015-04-10,209.20,210.09,208.96,210.04,175.039,+0.55%,72722915
2015-04-13,209.87,210.63,209.03,209.09,174.248,-0.45%,74436594
2015-04-14,208.85,209.71,208.10,209.49,174.581,+0.19%,75099866
2015-04-15,210.05,211.04,209.95,210.43,175.364,+0.45%,99529320
2015-04-16,210.03,210.98,209.79,210.37,175.314,-0.03%,68934864
2015-04-17,208.94,209.23,207.01,207.95,173.298,-1.15%,191113230
2015-04-20,209.06,210.25,208.96,209.85,174.881,+0.91%,92189481
2015-04-21,210.67,210.86,209.24,209.60,174.673,-0.12%,72559831
2015-04-22,210.01,210.85,208.90,210.63,175.531,+0.49%,78264616
2015-04-23,210.15,211.94,210.01,211.16,175.973,+0.25%,102585942
2015-04-24,211.66,211.97,211.11,211.65,176.381,+0.23%,61327387
2015-04-27,212.33,212.48,210.54,210.77,175.648,-0.42%,79358126
2015-04-28,210.74,211.50,209.33,211.44,176.206,+0.32%,86863531
2015-04-29,211.44,211.44,209.60,210.57,175.481,-0.41%,125684903
2015-04-30,209.88,210.35,207.62,208.46,173.723,-1.00%,161304890
2015-05-01,209.40,210.77,209.28,210.72,175.606,+1.08%,103399711
2015-05-04,211.23,212.02,211.10,211.32,176.106,+0.28%,70927235
2015-05-05,211.03,211.46,208.73,208.90,174.089,-1.15%,113326156
2015-05-06,209.56,209.93,206.76,208.04,173.373,-0.41%,135060151
2015-05-07,207.92,209.38,207.52,208.87,174.064,+0.40%,88244940
2015-05-08,210.88,211.86,210.78,211.62,176.356,+1.32%,155877260
2015-05-11,211.57,211.89,210.52,210.61,175.514,-0.48%,75708065
2015-05-12,209.61,210.63,208.62,209.98,174.989,-0.30%,119727592
2015-05-13,210.47,211.22,209.74,210.02,175.023,+0.02%,94667943
2015-05-14,211.24,212.32,210.91,212.21,176.848,+1.04%,95934006
2015-05-15,212.44,212.61,211.86,212.44,177.039,+0.11%,76510099
2015-05-18,212.24,213.40,212.16,213.10,177.590,+0.31%,74549685
2015-05-19,213.24,213.57,212.69,213.03,177.531,-0.03%,72114610
2015-05-20,213.15,213.78,212.50,212.88,177.406,-0.07%,76857530
2015-05-21,212.71,213.75,212.51,213.50,177.923,+0.29%,64764585
2015-05-22,213.04,213.54,212.91,212.99,177.498,-0.24%,57433495
2015-05-26,212.40,212.91,210.20,210.70,175.589,-1.08%,124308584
2015-05-27,211.25,212.98,210.76,212.70,177.256,+0.95%,93213981
2015-05-28,212.33,212.59,211.63,212.46,177.056,-0.11%,74974560
2015-05-29,212.38,212.43,210.82,211.14,175.956,-0.62%,124919611
2015-06-01,211.94,212.34,210.62,211.57,176.314,+0.20%,93338750
2015-06-02,211.02,212.19,210.27,211.36,176.139,-0.10%,91531012
2015-06-03,212.00,212.67,211.33,211.92,176.606,+0.26%,87820909
2015-06-04,211.07,211.86,209.75,210.13,175.114,-0.84%,151882820
2015-06-05,209.95,210.58,208.98,209.77,174.814,-0.17%,121704676
2015-06-08,209.64,209.82,208.39,208.42,173.689,-0.64%,89063330
2015-06-09,208.45,209.10,207.69,208.45,173.714,+0.01%,105034690
2015-06-10,209.37,211.41,209.30,210.96,175.806,+1.20%,134551285
2015-06-11,211.48,212.09,211.20,211.65,176.381,+0.33%,73876447
2015-06-12,210.64,211.48,209.68,209.93,174.948,-0.81%,135382369
2015-06-15,208.64,209.45,207.79,209.10,174.256,-0.40%,124384184
2015-06-16,208.93,210.35,208.72,210.25,175.214,+0.55%,85308227
2015-06-17,210.59,211.32,209.36,210.59,175.498,+0.16%,126708635
2015-06-18,211.31,213.34,210.63,212.71,177.264,+1.01%,165867949
2015-06-19,211.46,211.55,210.36,210.81,176.540,-0.89%,130478689
2015-06-22,211.91,212.59,211.64,211.89,177.444,+0.51%,70696027
2015-06-23,212.14,212.44,211.57,212.05,177.578,+0.08%,68476797
2015-06-24,211.72,212.17,210.47,210.51,176.288,-0.73%,92307318
2015-06-25,211.10,211.25,209.77,209.83,175.719,-0.32%,97107361
2015-06-26,210.29,210.58,209.16,209.90,175.777,+0.03%,104174840
2015-06-29,208.05,209.83,205.33,205.47,172.068,-2.11%,202621332
2015-06-30,207.26,207.32,205.28,205.89,172.419,+0.20%,182925106
2015-07-01,207.73,208.03,206.56,207.57,173.826,+0.82%,135979873
2015-07-02,208.07,208.27,206.81,207.32,173.617,-0.12%,104373652
2015-07-06,205.77,207.65,205.53,206.67,173.073,-0.31%,117975369
2015-07-07,206.96,208.17,204.11,208.01,174.195,+0.65%,173820249
2015-07-08,206.42,206.76,204.25,204.53,171.280,-1.67%,164020059
2015-07-09,207.04,207.35,204.77,204.80,171.507,+0.13%,144113107
2015-07-10,207.29,207.98,204.95,207.48,173.751,+1.31%,129456890
2015-07-13,208.99,209.90,208.94,209.76,175.660,+1.10%,106069400
2015-07-14,209.72,211.05,209.65,210.72,176.464,+0.46%,81709575
2015-07-15,210.73,211.28,210.04,210.63,176.389,-0.04%,97914141
2015-07-16,211.87,212.30,211.58,212.27,177.762,+0.78%,106683266
2015-07-17,212.29,212.55,211.80,212.47,177.930,+0.09%,89029973
2015-07-20,212.75,213.18,212.21,212.62,178.055,+0.07%,70446821
2015-07-21,212.43,212.74,211.39,211.76,177.335,-0.40%,77965048
2015-07-22,210.93,211.77,210.89,211.29,176.941,-0.22%,88667920
2015-07-23,211.53,211.65,209.75,210.14,175.978,-0.54%,90509128
2015-07-24,210.30,210.37,207.60,207.94,174.136,-1.05%,117754979
2015-07-27,208.00,208.00,206.26,206.74,173.131,-0.58%,132361082
2015-07-28,207.79,209.50,206.80,209.31,175.283,+1.24%,123544845
2015-07-29,209.48,211.04,209.31,210.77,176.506,+0.70%,105791255
2015-07-30,210.16,211.02,209.42,210.82,176.548,+0.02%,91304374
2015-07-31,211.42,211.45,210.16,210.45,176.238,-0.18%,103266857
2015-08-03,210.46,210.53,208.65,209.73,175.635,-0.34%,113965728
2015-08-04,209.70,210.25,208.80,209.32,175.292,-0.20%,81820823
2015-08-05,210.45,211.31,209.73,210.10,175.945,+0.37%,85786817
2015-08-06,210.29,210.42,207.65,208.35,174.479,-0.83%,116030803
2015-08-07,208.16,208.34,206.87,207.92,174.119,-0.21%,117857956
2015-08-10,209.28,210.67,209.28,210.63,176.389,+1.30%,80270676
2015-08-11,208.97,209.47,207.76,208.66,174.739,-0.94%,126081377
2015-08-12,207.11,209.14,205.36,208.92,174.957,+0.12%,172123672
2015-08-13,208.73,209.55,208.01,208.70,174.773,-0.11%,89383253
2015-08-14,208.43,209.51,208.26,209.36,175.325,+0.32%,72786528
2015-08-17,208.71,210.59,208.16,210.56,176.330,+0.57%,79072643
2015-08-18,210.26,210.68,209.70,209.93,175.803,-0.30%,71692678
2015-08-19,209.09,210.01,207.35,208.28,174.421,-0.79%,172864412
2015-08-20,206.51,208.29,203.90,204.01,170.845,-2.05%,194327884
2015-08-21,201.73,203.94,197.52,197.63,165.502,-3.13%,346588469
2015-08-24,187.49,197.48,182.40,189.50,158.694,-4.11%,507244300
2015-08-25,195.43,195.45,186.92,187.23,156.793,-1.20%,369833071
2015-08-26,192.08,194.79,188.37,194.68,163.032,+3.98%,339256986
2015-08-27,197.02,199.42,195.21,199.16,166.783,+2.30%,274143906
2015-08-28,198.50,199.84,197.92,199.24,166.850,+0.04%,160414352
2015-08-31,198.11,199.13,197.01,197.54,165.427,-0.85%,163298816
2015-09-01,193.12,194.77,190.73,191.77,160.595,-2.92%,256000392
2015-09-02,194.62,195.46,192.42,195.41,163.643,+1.90%,160269331
2015-09-03,196.26,198.05,194.96,195.65,163.844,+0.12%,152087836
2015-09-04,192.85,193.86,191.61,192.59,161.281,-1.56%,207080961
2015-09-08,195.94,197.61,195.17,197.46,165.360,+2.53%,116025739
2015-09-09,199.32,199.47,194.35,194.76,163.099,-1.37%,149347735
2015-09-10,194.56,197.22,194.25,195.85,164.012,+0.56%,158611063
2015-09-11,195.38,196.82,194.53,196.74,164.757,+0.45%,119691212
2015-09-14,196.95,197.01,195.43,195.98,164.120,-0.39%,79451983
2015-09-15,196.61,198.99,195.96,198.45,166.189,+1.26%,113806176
2015-09-16,198.82,200.41,198.41,200.14,167.604,+0.85%,99581557
2015-09-17,200.02,202.89,199.28,199.70,167.236,-0.22%,276046618
2015-09-18,195.71,198.68,194.96,195.36,164.467,-2.17%,223657456
2015-09-21,196.44,197.68,195.21,196.44,165.376,+0.55%,105726209
2015-09-22,193.88,194.46,192.56,193.90,163.237,-1.29%,153890876
2015-09-23,194.11,194.67,192.91,193.60,162.985,-0.15%,92790620
2015-09-24,192.15,193.45,190.56,192.93,162.421,-0.35%,159378840
2015-09-25,194.64,195.00,191.81,192.87,162.370,-0.03%,155054777
2015-09-28,191.78,191.91,187.64,187.91,158.195,-2.57%,178515871
2015-09-29,188.27,189.74,186.93,188.08,158.338,+0.09%,159045572
2015-09-30,190.37,191.83,189.44,191.59,161.293,+1.87%,163452044
2015-10-01,192.08,192.49,189.82,192.13,161.747,+0.28%,131078964
2015-10-02,189.77,195.03,189.12,195.00,164.164,+1.49%,211003342
2015-10-05,196.46,198.74,196.33,198.47,167.085,+1.78%,126320842
2015-10-06,198.31,198.98,197.00,197.79,166.512,-0.34%,110274530
2015-10-07,198.90,199.83,197.48,199.41,167.876,+0.82%,124307295
2015-10-08,198.95,201.55,198.59,201.21,169.392,+0.90%,153055231
2015-10-09,201.38,201.90,200.58,201.33,169.493,+0.06%,107069240
2015-10-12,201.42,201.76,200.91,201.52,169.652,+0.09%,56395585
2015-10-13,200.65,202.16,200.05,200.25,168.583,-0.63%,88038718
2015-10-14,200.18,200.87,198.94,199.29,167.775,-0.48%,99106161
2015-10-15,200.08,202.36,199.64,202.35,170.351,+1.54%,134142195
2015-10-16,202.83,203.29,201.92,203.27,171.126,+0.45%,114580052
2015-10-19,202.50,203.37,202.13,203.37,171.210,+0.05%,76523897
2015-10-20,202.85,203.84,202.55,203.11,170.991,-0.13%,78448484
2015-10-21,203.61,203.79,201.65,201.85,169.930,-0.62%,102038033
2015-10-22,202.98,205.51,201.85,205.21,172.759,+1.66%,174911723
2015-10-23,207.25,207.95,206.30,207.52,174.704,+1.13%,144442340
2015-10-26,207.30,207.37,206.56,206.99,174.257,-0.26%,69032965
2015-10-27,206.20,207.00,205.79,206.57,173.904,-0.20%,77905770
2015-10-28,207.00,208.98,206.21,208.94,175.899,+1.15%,135906725
2015-10-29,208.35,209.27,208.21,208.89,175.857,-0.02%,90525498
2015-10-30,209.06,209.44,207.74,207.93,175.049,-0.46%,131076942
2015-11-02,208.32,210.62,208.17,210.39,177.120,+1.18%,86270811
2015-11-03,209.97,211.66,209.70,211.00,177.633,+0.29%,95246052
2015-11-04,211.35,211.50,209.72,210.38,177.111,-0.29%,96224477
2015-11-05,210.43,210.98,209.09,210.15,176.918,-0.11%,78408744
2015-11-06,209.74,210.32,208.46,210.04,176.825,-0.05%,110471473
2015-11-09,209.31,209.49,206.95,208.08,175.175,-0.93%,131008660
2015-11-10,207.51,208.60,207.19,208.56,175.579,+0.23%,75874602
2015-11-11,208.88,208.94,207.66,207.74,174.889,-0.39%,67845971
2015-11-12,206.50,207.06,204.82,204.84,172.447,-1.40%,121315200
2015-11-13,204.35,204.67,202.44,202.54,170.511,-1.12%,153577050
2015-11-16,202.32,205.69,202.18,205.62,173.104,+1.52%,117645231
2015-11-17,205.99,207.04,204.88,205.47,172.978,-0.07%,121123744
2015-11-18,206.04,208.90,205.99,208.73,175.722,+1.59%,121342544
2015-11-19,208.59,209.05,208.20,208.55,175.571,-0.09%,88220465
2015-11-20,209.45,210.12,208.86,209.31,176.211,+0.36%,94011519
2015-11-23,209.38,209.98,208.52,209.07,176.009,-0.11%,64931172
2015-11-24,207.87,209.83,207.41,209.35,176.244,+0.13%,98874365
2015-11-25,209.50,209.74,209.01,209.32,176.219,-0.01%,51980062
2015-11-27,209.43,209.80,208.86,209.56,176.421,+0.11%,37317779
2015-11-30,209.75,209.89,208.56,208.69,175.689,-0.42%,112822700
2015-12-01,209.44,210.82,209.11,210.68,177.364,+0.95%,97858418
2015-12-02,210.62,211.00,208.23,208.53,175.554,-1.02%,108441259
2015-12-03,208.83,209.15,204.75,205.61,173.096,-1.40%,166224154
2015-12-04,205.61,209.97,205.61,209.62,176.472,+1.95%,192913879
2015-12-07,209.23,209.73,207.20,208.35,175.402,-0.61%,102027111
2015-12-08,206.49,208.29,205.78,206.95,174.224,-0.67%,103372367
2015-12-09,206.19,208.68,204.18,205.34,172.868,-0.78%,162401537
2015-12-10,205.42,207.43,205.14,205.87,173.315,+0.26%,116128884
2015-12-11,203.35,204.14,201.51,201.88,169.956,-1.94%,211125329
2015-12-14,202.07,203.05,199.95,202.90,170.814,+0.51%,182385177
2015-12-15,204.70,206.11,202.87,205.03,172.607,+1.05%,154069569
2015-12-16,206.37,208.39,204.80,208.03,175.133,+1.46%,197017008
2015-12-17,208.40,208.48,204.84,204.86,172.464,-1.52%,173092476
2015-12-18,202.77,202.93,199.83,200.02,169.410,-2.36%,251393535
2015-12-21,201.41,201.88,200.09,201.67,170.807,+0.82%,99094290
2015-12-22,202.72,203.85,201.55,203.50,172.357,+0.91%,111026246
2015-12-23,204.69,206.07,204.58,206.02,174.491,+1.24%,110987228
2015-12-24,205.72,206.33,205.42,205.68,174.203,-0.17%,48542150
2015-12-28,204.86,205.26,203.94,205.21,173.805,-0.23%,65899939
2015-12-29,206.51,207.79,206.47,207.40,175.660,+1.07%,92640672
2015-12-30,207.11,207.21,205.76,205.93,174.415,-0.71%,63317679
2015-12-31,205.13,205.89,203.87,203.87,172.670,-1.00%,114877859
2016-01-04,200.49,201.03,198.59,201.02,170.257,-1.40%,222353500
2016-01-05,201.40,201.90,200.05,201.36,170.545,+0.17%,110845800
2016-01-06,198.34,200.06,197.60,198.82,168.393,-1.26%,152112600
2016-01-07,195.33,197.44,193.59,194.05,164.353,-2.40%,213436100
2016-01-08,195.19,195.85,191.58,191.92,162.549,-1.10%,209817200
2016-01-11,193.01,193.41,189.82,192.11,162.710,+0.10%,187941300
2016-01-12,193.82,194.55,191.14,193.66,164.023,+0.81%,172330500
2016-01-13,194.45,194.86,188.38,188.83,159.932,-2.49%,221168900
2016-01-14,189.55,193.26,187.66,191.93,162.558,+1.64%,240795600
2016-01-15,186.77,188.76,185.52,187.81,159.068,-2.15%,314240200
2016-01-19,189.96,190.11,186.20,188.06,159.280,+0.13%,195244400
2016-01-20,185.03,187.50,181.02,185.65,157.239,-1.28%,286547800
2016-01-21,186.21,188.87,184.64,186.69,158.120,+0.56%,195772900
2016-01-22,189.78,190.76,188.88,190.52,161.363,+2.05%,168319600
2016-01-25,189.92,190.15,187.41,187.64,158.924,-1.51%,130371700
2016-01-26,188.42,190.53,188.02,190.20,161.092,+1.36%,141036800
2016-01-27,189.58,191.56,187.06,188.13,159.339,-1.09%,185681700
2016-01-28,189.96,190.20,187.16,189.11,160.169,+0.52%,143798800
2016-01-29,190.02,193.88,189.88,193.72,164.074,+2.44%,210529300
2016-02-01,192.53,194.58,191.84,193.65,164.014,-0.04%,136061600
2016-02-02,191.96,191.97,189.54,190.16,161.059,-1.80%,182564900
2016-02-03,191.41,191.78,187.10,191.30,162.024,+0.60%,205054900
2016-02-04,190.71,192.75,189.96,191.60,162.278,+0.16%,139531800
2016-02-05,190.99,191.67,187.20,187.95,159.187,-1.91%,180788300
2016-02-08,185.77,186.12,182.80,185.42,157.044,-1.35%,191526700
2016-02-09,183.36,186.94,183.20,185.43,157.052,+0.01%,184513100
2016-02-10,186.41,188.34,185.12,185.27,156.917,-0.09%,148214100
2016-02-11,182.34,184.10,181.09,182.86,154.876,-1.30%,219058900
2016-02-12,184.96,186.65,183.96,186.63,158.069,+2.06%,127632400
2016-02-16,188.77,189.81,187.63,189.78,160.737,+1.69%,120250700
2016-02-17,191.16,193.32,191.01,192.88,163.362,+1.63%,136009500
2016-02-18,193.20,193.27,191.72,192.09,162.693,-0.41%,102343000
2016-02-19,191.17,192.18,190.45,192.00,162.617,-0.05%,114793000
2016-02-22,193.87,194.95,193.79,194.78,164.972,+1.45%,103640300
2016-02-23,194.00,194.32,192.18,192.32,162.888,-1.26%,111455300
2016-02-24,190.63,193.53,189.32,193.20,163.633,+0.46%,150812200
2016-02-25,193.73,195.55,192.83,195.54,165.615,+1.21%,110728300
2016-02-26,196.57,196.68,194.90,195.09,165.234,-0.23%,129833700
2016-02-29,195.11,196.23,193.33,193.56,163.938,-0.78%,125918100
2016-03-01,195.01,198.21,194.45,198.11,167.792,+2.35%,141799700
2016-03-02,197.74,199.06,197.25,199.00,168.546,+0.45%,102415000
2016-03-03,198.79,199.80,198.11,199.78,169.206,+0.39%,95172200
2016-03-04,200.01,201.35,199.03,200.43,169.757,+0.33%,129293600
2016-03-07,199.34,201.07,199.25,200.59,169.892,+0.08%,100219000
2016-03-08,199.32,199.92,198.21,198.40,168.038,-1.09%,123974900
2016-03-09,199.36,199.79,198.43,199.38,168.868,+0.49%,94801200
2016-03-10,199.96,201.07,197.38,199.54,169.003,+0.08%,156838700
2016-03-11,201.26,202.81,199.52,202.76,171.730,+1.61%,137964500
2016-03-14,202.16,203.04,201.77,202.50,171.510,-0.13%,73612000
2016-03-15,201.36,202.53,201.05,202.17,171.231,-0.16%,93169100
2016-03-16,201.60,203.82,201.55,203.34,172.222,+0.58%,129303200
2016-03-17,203.24,205.23,202.77,204.63,173.314,+0.63%,134278500
2016-03-18,204.17,204.78,203.80,204.38,173.991,-0.12%,138372400
2016-03-21,204.07,204.94,203.80,204.67,174.238,+0.14%,72926700
2016-03-22,203.76,205.23,203.57,204.56,174.145,-0.05%,97471900
2016-03-23,204.11,204.33,203.01,203.21,172.995,-0.66%,81052500
2016-03-24,202.00,203.16,201.74,203.12,172.919,-0.04%,84360900
2016-03-28,203.61,203.86,202.71,203.24,173.021,+0.06%,62408200
2016-03-29,202.76,205.25,202.40,205.12,174.621,+0.93%,92922900
2016-03-30,206.30,206.87,205.59,206.02,175.388,+0.44%,86365300
2016-03-31,205.91,206.41,205.33,205.52,174.962,-0.24%,94584100
2016-04-01,204.35,207.14,203.98,206.92,176.154,+0.68%,114423500
2016-04-04,206.83,207.07,205.89,206.25,175.583,-0.32%,63497000
2016-04-05,204.67,206.26,203.89,204.19,173.830,-1.00%,99662200
2016-04-06,204.19,206.49,203.98,206.42,175.728,+1.09%,91839800
2016-04-07,205.14,205.56,203.09,203.95,173.625,-1.20%,113859000
2016-04-08,205.34,205.85,203.87,204.50,174.094,+0.27%,95040600
2016-04-11,205.25,206.07,203.91,204.02,173.685,-0.23%,83757500
2016-04-12,204.22,206.25,203.70,205.92,175.302,+0.93%,115350600
2016-04-13,207.00,208.10,206.84,208.00,177.073,+1.01%,96336400
2016-04-14,208.07,208.60,207.60,208.01,177.082,+0.00%,65212900
2016-04-15,208.01,208.17,207.40,207.78,176.886,-0.11%,75761600
2016-04-18,207.78,209.28,207.00,209.24,178.129,+0.70%,75277700
2016-04-19,209.74,210.20,208.94,209.90,178.691,+0.32%,88316100
2016-04-20,209.95,210.92,209.39,210.10,178.861,+0.10%,81100300
2016-04-21,210.12,210.25,208.65,208.97,177.899,-0.54%,85695000
2016-04-22,208.55,209.29,207.91,208.97,177.899,0.00%,99251700
2016-04-25,208.26,208.66,207.54,208.61,177.592,-0.17%,66166500
2016-04-26,209.04,209.52,208.36,208.92,177.856,+0.15%,75864200
2016-04-27,208.47,209.81,208.05,209.35,178.222,+0.21%,77329400
2016-04-28,208.46,209.76,206.96,207.45,176.605,-0.91%,97216200
2016-04-29,206.72,207.13,205.03,206.33,175.651,-0.54%,142424100
2016-05-02,206.92,208.18,206.41,207.97,177.048,+0.79%,62188000
2016-05-03,206.52,206.80,205.28,206.16,175.507,-0.87%,101267500
2016-05-04,204.99,205.85,204.42,205.01,174.528,-0.56%,92243800
2016-05-05,205.56,205.98,204.47,204.97,174.494,-0.02%,67619200
2016-05-06,204.06,205.77,203.88,205.72,175.132,+0.37%,83784900
2016-05-09,205.57,206.40,205.36,205.89,175.277,+0.08%,74374900
2016-05-10,206.72,208.47,206.64,208.45,177.456,+1.24%,77472200
2016-05-11,207.91,208.54,206.50,206.50,175.796,-0.94%,81727000
2016-05-12,207.29,207.49,205.37,206.56,175.847,+0.03%,89586300
2016-05-13,206.21,206.86,204.38,204.76,174.315,-0.87%,96474600
2016-05-16,204.96,207.34,204.89,206.78,176.035,+0.99%,77486800
2016-05-17,206.46,206.80,204.23,204.85,174.392,-0.93%,114924900
2016-05-18,204.44,206.30,203.63,204.91,174.443,+0.03%,120062100
2016-05-19,204.06,204.54,202.78,204.20,173.838,-0.35%,115430500
2016-05-20,204.92,206.10,204.86,205.49,174.936,+0.63%,104990400
2016-05-23,205.51,205.84,204.99,205.21,174.698,-0.14%,58682600
2016-05-24,206.17,208.24,206.14,207.87,176.962,+1.30%,93537800
2016-05-25,208.67,209.77,207.87,209.28,178.163,+0.68%,76621400
2016-05-26,209.44,209.71,208.97,209.34,178.214,+0.03%,55280700
2016-05-27,209.53,210.25,209.47,210.24,178.980,+0.43%,59329000
2016-05-31,210.56,210.69,209.18,209.84,178.640,-0.19%,109879400
2016-06-01,209.12,210.48,208.89,210.27,179.006,+0.20%,69936200
2016-06-02,209.80,210.93,209.24,210.91,179.550,+0.30%,63044700
2016-06-03,210.25,210.69,208.86,210.28,179.014,-0.30%,101757100
2016-06-06,210.70,211.77,210.51,211.35,179.925,+0.51%,64887000
2016-06-07,211.53,212.34,211.50,211.68,180.206,+0.16%,60974800
2016-06-08,211.84,212.52,211.69,212.37,180.793,+0.33%,66170900
2016-06-09,211.51,212.22,211.19,212.08,180.546,-0.14%,73786900
2016-06-10,210.46,210.86,209.43,210.07,178.835,-0.95%,113829200
2016-06-13,209.36,210.37,208.35,208.45,177.456,-0.77%,117751200
2016-06-14,208.00,208.74,206.92,208.04,177.107,-0.20%,125059300
2016-06-15,208.04,209.36,207.53,207.75,176.860,-0.14%,109124500
2016-06-16,207.75,208.57,205.59,208.37,177.388,+0.30%,149533100
2016-06-17,207.17,207.20,205.75,206.52,176.731,-0.89%,117055700
2016-06-20,208.82,209.61,207.75,207.85,177.869,+0.64%,82789600
2016-06-21,208.30,208.92,207.78,208.44,178.374,+0.28%,72461700
2016-06-22,208.65,209.50,207.93,208.10,178.083,-0.16%,95560500
2016-06-23,209.81,210.87,209.27,210.81,180.402,+1.30%,102731400
2016-06-24,203.63,210.85,202.72,203.24,173.924,-3.59%,333444400
2016-06-27,201.59,201.60,198.65,199.60,170.809,-1.79%,230775800
2016-06-28,201.48,203.23,201.12,203.20,173.890,+1.80%,159382400
2016-06-29,204.84,206.93,204.72,206.66,176.851,+1.70%,137328600
2016-06-30,207.21,209.54,206.56,209.48,179.264,+1.36%,165021900
2016-07-01,209.48,210.49,209.29,209.92,179.641,+0.21%,106055300
2016-07-05,208.95,209.08,207.71,208.41,178.349,-0.72%,109803700
2016-07-06,207.83,209.80,207.06,209.66,179.418,+0.60%,96021500
2016-07-07,209.87,210.65,208.63,209.53,179.307,-0.06%,85593800
2016-07-08,211.05,212.94,210.78,212.65,181.977,+1.49%,133971000
2016-07-11,213.19,214.07,212.95,213.40,182.619,+0.35%,73633900
2016-07-12,214.53,215.30,213.43,214.95,183.945,+0.73%,101275600
2016-07-13,215.44,215.45,214.35,214.92,183.920,-0.01%,87324100
2016-07-14,216.40,216.67,215.66,216.12,184.947,+0.56%,91230900
2016-07-15,216.78,217.01,215.31,215.83,184.698,-0.13%,107155400
2016-07-18,215.97,216.60,215.67,216.41,185.195,+0.27%,58725900
2016-07-19,215.92,216.23,215.63,216.19,185.006,-0.10%,54345700
2016-07-20,216.19,217.37,216.19,217.09,185.777,+0.42%,58159500
2016-07-21,216.96,217.22,215.75,216.27,185.075,-0.38%,67777300
2016-07-22,216.41,217.30,216.10,217.24,185.905,+0.45%,62787500
2016-07-25,217.00,217.06,215.97,216.65,185.400,-0.27%,55873100
2016-07-26,216.53,217.17,215.76,216.75,185.486,+0.05%,70080500
2016-07-27,217.19,217.27,215.62,216.52,185.289,-0.11%,84083900
2016-07-28,216.29,217.11,215.75,216.77,185.503,+0.12%,65035700
2016-07-29,216.46,217.54,216.13,217.12,185.802,+0.16%,79519400
2016-08-01,217.19,217.65,216.41,216.94,185.648,-0.08%,73311400
2016-08-02,216.65,216.83,214.57,215.55,184.459,-0.64%,92295500
2016-08-03,215.48,216.25,215.13,216.18,184.998,+0.29%,53993600
2016-08-04,216.31,216.78,214.25,216.41,185.195,+0.11%,46585500
2016-08-05,216.41,218.23,216.41,218.18,186.709,+0.82%,71892200
2016-08-08,218.40,218.52,217.74,218.05,186.598,-0.06%,39906500
2016-08-09,218.13,218.76,217.80,218.18,186.709,+0.06%,51251700
2016-08-10,218.31,218.40,217.23,217.64,186.247,-0.25%,57941100
2016-08-11,218.26,218.94,217.95,218.65,187.112,+0.46%,72504300
2016-08-12,218.29,218.71,217.99,218.46,186.949,-0.09%,61313500
2016-08-15,218.89,219.50,218.88,219.09,187.488,+0.29%,49813500
2016-08-16,218.60,218.68,217.96,217.96,186.521,-0.52%,53213600
2016-08-17,218.00,218.53,217.02,218.37,186.872,+0.19%,75134300
2016-08-18,218.34,218.90,218.21,218.86,187.291,+0.22%,52989300
2016-08-19,218.31,218.75,217.74,218.54,187.017,-0.15%,75443000
2016-08-22,218.26,218.80,217.83,218.53,187.009,-0.00%,61368800
2016-08-23,219.25,219.60,218.90,218.97,187.385,+0.20%,53399200
2016-08-24,218.80,218.91,217.36,217.85,186.427,-0.51%,71728900
2016-08-25,217.40,218.19,217.22,217.70,186.299,-0.07%,69224800
2016-08-26,217.92,219.12,216.25,217.29,185.948,-0.19%,122506300
2016-08-29,217.44,218.67,217.40,218.36,186.863,+0.49%,70502200
2016-08-30,218.26,218.59,217.35,218.00,186.555,-0.16%,58114500
2016-08-31,217.61,217.75,216.47,217.38,186.025,-0.28%,85269500
2016-09-01,217.37,217.73,216.03,217.39,186.033,+0.00%,97844200
2016-09-02,218.39,218.87,217.70,218.37,186.872,+0.45%,79293900
2016-09-06,218.70,219.12,217.86,219.03,187.437,+0.30%,56702100
2016-09-07,218.84,219.22,218.30,219.01,187.420,-0.01%,76554900
2016-09-08,218.62,218.94,218.15,218.51,186.992,-0.23%,74102900
2016-09-09,216.97,217.03,213.25,213.28,182.516,-2.39%,221589100
2016-09-12,212.39,216.81,212.31,216.34,185.135,+1.43%,168110900
2016-09-13,214.84,215.15,212.50,213.23,182.473,-1.44%,182828800
2016-09-14,213.29,214.70,212.50,213.15,182.405,-0.04%,134185500
2016-09-15,212.96,215.73,212.75,215.28,184.228,+1.00%,134427900
2016-09-16,213.48,213.69,212.57,213.37,183.519,-0.89%,155236400
2016-09-19,214.13,214.88,213.03,213.41,183.554,+0.02%,80250500
2016-09-20,214.41,214.59,213.38,213.42,183.562,+0.00%,69665300
2016-09-21,214.24,216.03,213.44,215.82,185.626,+1.12%,110284400
2016-09-22,217.00,217.53,216.71,217.18,186.796,+0.63%,76678700
2016-09-23,216.72,216.88,215.88,215.99,185.773,-0.55%,73630900
2016-09-26,215.02,215.23,214.01,214.24,184.268,-0.81%,89827300
2016-09-27,214.05,215.68,213.62,215.57,185.411,+0.62%,78494800
2016-09-28,215.83,216.82,214.71,216.64,186.332,+0.50%,87411000
2016-09-29,216.40,216.87,214.04,214.68,184.646,-0.90%,128070600
2016-09-30,215.65,217.12,215.36,216.30,186.039,+0.75%,117202900
2016-10-03,215.82,216.04,215.04,215.78,185.592,-0.24%,83512100
2016-10-04,215.91,216.17,213.99,214.68,184.646,-0.51%,119948100
2016-10-05,215.41,216.13,215.33,215.63,185.463,+0.44%,72816000
2016-10-06,215.37,216.04,214.74,215.78,185.592,+0.07%,62927400
2016-10-07,216.10,216.30,214.19,215.04,184.956,-0.34%,89788300
2016-10-10,216.16,216.70,215.99,216.16,185.919,+0.52%,51855000
2016-10-11,215.66,215.74,212.58,213.43,183.571,-1.26%,130367400
2016-10-12,213.59,214.32,213.01,213.71,183.812,+0.13%,73866100
2016-10-13,212.16,213.59,211.21,213.01,183.210,-0.33%,101357000
2016-10-14,214.15,214.69,213.03,213.12,183.304,+0.05%,93346200
2016-10-17,213.09,213.39,212.17,212.38,182.668,-0.35%,58275700
2016-10-18,214.24,214.31,213.27,213.71,183.812,+0.63%,76869700
2016-10-19,214.02,214.64,213.60,214.28,184.302,+0.27%,66519200
2016-10-20,213.87,214.53,213.11,213.88,183.958,-0.19%,73639800
2016-10-21,213.88,214.08,212.76,213.98,184.044,+0.05%,89089100
2016-10-24,215.00,215.32,214.48,214.89,184.827,+0.43%,60146600
2016-10-25,214.68,214.98,213.98,214.17,184.207,-0.34%,66542300
2016-10-26,213.21,214.42,212.93,213.74,183.837,-0.20%,75705500
2016-10-27,214.58,214.62,213.08,213.17,183.347,-0.27%,77220200
2016-10-28,213.14,213.93,211.71,212.54,182.805,-0.30%,140623200
2016-10-31,212.93,213.19,212.36,212.55,182.814,+0.00%,61272500
2016-11-01,212.93,212.99,209.60,211.01,181.489,-0.72%,122781800
2016-11-02,210.65,211.10,209.23,209.74,180.397,-0.60%,103330800
2016-11-03,209.99,210.24,208.46,208.78,179.571,-0.46%,88939300
2016-11-04,208.91,209.89,208.38,208.55,179.374,-0.11%,109122100
2016-11-07,208.55,213.19,208.55,213.15,183.330,+2.21%,109794900
2016-11-08,212.69,214.77,212.38,214.11,184.156,+0.45%,102268300
2016-11-09,212.37,217.10,212.34,216.38,186.108,+1.06%,258429000
2016-11-10,217.30,218.31,215.22,216.92,186.573,+0.25%,172113300
2016-11-11,216.08,216.70,215.32,216.42,186.143,-0.23%,93847200
2016-11-14,217.03,217.27,215.72,216.59,186.289,+0.08%,94580000
2016-11-15,217.04,218.28,216.80,218.28,187.742,+0.78%,91652600
2016-11-16,217.56,218.14,217.42,217.87,187.390,-0.19%,65617700
2016-11-17,218.05,219.06,217.92,218.99,188.353,+0.51%,69797200
2016-11-18,219.07,219.27,218.29,218.50,187.932,-0.22%,86265800
2016-11-21,219.17,220.18,219.00,220.15,189.351,+0.76%,72402600
2016-11-22,220.51,220.79,219.73,220.58,189.721,+0.20%,67429000
2016-11-23,219.98,220.76,219.75,220.70,189.824,+0.05%,56620200
2016-11-25,221.10,221.56,221.01,221.52,190.529,+0.37%,37872300
2016-11-28,221.16,221.48,220.36,220.48,189.635,-0.47%,76572500
2016-11-29,220.52,221.44,220.17,220.91,190.004,+0.20%,69886700
2016-11-30,221.63,221.82,220.31,220.38,189.549,-0.24%,113291800
2016-12-01,220.73,220.73,219.15,219.57,188.852,-0.37%,79040500
2016-12-02,219.67,220.25,219.26,219.68,188.946,+0.05%,74840300
2016-12-05,220.65,221.40,220.42,221.00,190.082,+0.60%,67837800
2016-12-06,221.22,221.74,220.66,221.70,190.684,+0.32%,59877400
2016-12-07,221.52,224.67,221.38,224.60,193.178,+1.31%,110738100
2016-12-08,224.57,225.70,224.26,225.15,193.651,+0.24%,99714400
2016-12-09,225.41,226.53,225.37,226.51,194.821,+0.60%,88005800
2016-12-12,226.40,226.96,225.76,226.25,194.597,-0.11%,102016100
2016-12-13,227.02,228.34,227.00,227.76,195.896,+0.67%,110477500
2016-12-14,227.41,228.23,225.37,225.88,194.279,-0.83%,142501800
2016-12-15,226.16,227.81,225.89,226.81,195.079,+0.41%,124972600
2016-12-16,226.01,226.08,224.67,225.04,194.700,-0.78%,156420200
2016-12-19,225.25,226.02,225.08,225.53,195.124,+0.22%,90341100
2016-12-20,226.15,226.57,225.88,226.40,195.876,+0.39%,89838800
2016-12-21,226.25,226.45,225.77,225.77,195.331,-0.28%,67909000
2016-12-22,225.60,225.74,224.92,225.38,194.994,-0.17%,56219100
2016-12-23,225.43,225.72,225.21,225.71,195.279,+0.15%,36251400
2016-12-27,226.02,226.73,226.00,226.27,195.764,+0.25%,42672500
2016-12-28,226.57,226.59,224.27,224.40,194.146,-0.83%,64095000
2016-12-29,224.48,224.89,223.84,224.35,194.103,-0.02%,48696100
2016-12-30,224.73,224.83,222.73,223.53,193.393,-0.37%,108998300
2017-01-03,225.04,225.83,223.88,225.24,194.873,+0.76%,91366500
2017-01-04,225.62,226.75,225.61,226.58,196.032,+0.59%,78744400
2017-01-05,226.27,226.58,225.48,226.40,195.876,-0.08%,78379000
2017-01-06,226.53,227.75,225.90,227.21,196.577,+0.36%,71559900
2017-01-09,226.91,227.07,226.42,226.46,195.928,-0.33%,46939700
2017-01-10,226.48,227.45,226.01,226.46,195.928,0.00%,63771900
2017-01-11,226.36,227.10,225.59,227.10,196.482,+0.28%,74650000
2017-01-12,226.50,226.75,224.96,226.53,195.989,-0.25%,72113200
2017-01-13,226.73,227.40,226.69,227.05,196.439,+0.23%,62717900
2017-01-17,226.31,226.78,225.80,226.25,195.746,-0.35%,61240800
2017-01-18,226.54,226.80,225.90,226.75,196.179,+0.22%,54793300
2017-01-19,226.84,227.00,225.41,225.91,195.452,-0.37%,66608800
2017-01-20,226.70,227.31,225.97,226.74,196.170,+0.37%,129168600
2017-01-23,226.74,226.81,225.27,226.15,195.660,-0.26%,75061600
2017-01-24,226.40,228.08,226.27,227.60,196.914,+0.64%,95555300
2017-01-25,228.70,229.57,228.51,229.57,198.619,+0.87%,84437700
2017-01-26,229.40,229.71,229.01,229.33,198.411,-0.10%,59970700
2017-01-27,229.42,229.59,228.76,228.97,198.100,-0.16%,59711100
2017-01-30,228.17,228.20,226.41,227.55,196.871,-0.62%,79737300
2017-01-31,226.98,227.60,226.32,227.53,196.854,-0.01%,75880800
2017-02-01,227.53,228.59,226.94,227.62,196.932,+0.04%,79117700
2017-02-02,227.62,228.10,226.82,227.77,197.062,+0.07%,69657600
2017-02-03,228.82,229.55,228.46,229.34,198.420,+0.69%,80563200
2017-02-06,228.87,229.33,228.54,228.93,198.065,-0.18%,57790100
2017-02-07,229.38,229.66,228.72,228.94,198.074,+0.00%,57931200
2017-02-08,228.94,229.39,228.31,229.24,198.333,+0.13%,51566200
2017-02-09,229.24,230.95,229.24,230.60,199.510,+0.59%,65955200
2017-02-10,231.00,231.77,230.62,231.51,200.297,+0.39%,66015900
2017-02-13,232.08,233.07,232.05,232.77,201.387,+0.54%,55182100
2017-02-14,232.56,233.71,232.16,233.70,202.192,+0.40%,71109000
2017-02-15,233.45,235.14,233.39,234.92,203.248,+0.52%,86785800
2017-02-16,234.95,235.16,233.85,234.72,203.075,-0.09%,84722400
2017-02-17,233.95,235.09,233.93,235.09,203.395,+0.16%,77204100
2017-02-21,235.52,236.69,235.51,236.49,204.606,+0.60%,88946100
2017-02-22,236.02,236.54,235.83,236.28,204.424,-0.09%,62115200
2017-02-23,236.88,236.90,235.56,236.44,204.563,+0.07%,74615900
2017-02-24,235.46,236.79,235.41,236.74,204.822,+0.13%,82381600
2017-02-27,236.64,237.31,236.35,237.11,205.142,+0.16%,56515400
2017-02-28,236.67,236.95,236.02,236.47,204.589,-0.27%,96961900
2017-03-01,238.39,240.32,238.37,239.78,207.452,+1.40%,149158200
2017-03-02,239.56,239.57,238.21,238.27,206.146,-0.63%,70246000
2017-03-03,238.17,238.61,237.73,238.42,206.276,+0.06%,81974300
2017-03-06,237.50,238.12,237.01,237.71,205.661,-0.30%,55391500
2017-03-07,237.36,237.77,236.76,237.00,205.047,-0.30%,65103700
2017-03-08,237.34,237.64,236.40,236.56,204.666,-0.19%,78168800
2017-03-09,236.70,237.24,235.74,236.86,204.926,+0.13%,90683900
2017-03-10,237.97,238.02,236.59,237.69,205.644,+0.35%,81991700
2017-03-13,237.62,237.86,237.24,237.81,205.748,+0.05%,57256800
2017-03-14,237.18,237.24,236.19,236.90,204.961,-0.38%,59880800
2017-03-15,237.56,239.44,237.29,238.95,206.734,+0.87%,96081800
2017-03-16,239.11,239.20,238.10,238.48,206.328,-0.20%,78344000
2017-03-17,237.75,237.97,237.03,237.03,205.967,-0.61%,89002100
2017-03-20,237.03,237.36,236.32,236.77,205.741,-0.11%,52537000
2017-03-21,237.47,237.61,233.58,233.73,203.099,-1.28%,131809300
2017-03-22,233.77,234.61,233.05,234.28,203.577,+0.24%,97569200
2017-03-23,234.28,235.34,233.60,234.03,203.360,-0.11%,100410300
2017-03-24,234.38,235.04,232.96,233.86,203.212,-0.07%,112504900
2017-03-27,231.93,233.92,231.61,233.62,203.004,-0.10%,87454500
2017-03-28,233.27,235.81,233.14,235.32,204.481,+0.73%,93483900
2017-03-29,234.99,235.81,234.73,235.54,204.672,+0.09%,61950400
2017-03-30,235.47,236.52,235.27,236.29,205.324,+0.32%,56737900
2017-03-31,235.90,236.51,235.68,235.74,204.846,-0.23%,73733100
2017-04-03,235.80,236.03,233.91,235.33,204.490,-0.17%,85546500
2017-04-04,235.00,235.58,234.56,235.48,204.620,+0.06%,56466200
2017-04-05,236.26,237.39,234.54,234.78,204.012,-0.30%,108800600
2017-04-06,234.94,236.04,234.43,235.44,204.585,+0.28%,69135800
2017-04-07,235.15,236.00,234.64,235.20,204.377,-0.10%,74412300
2017-04-10,235.36,236.26,234.73,235.34,204.498,+0.06%,67615300
2017-04-11,234.90,235.18,233.34,235.06,204.255,-0.12%,88045300
2017-04-12,234.74,234.96,233.77,234.03,203.360,-0.44%,81864400
2017-04-13,233.64,234.49,232.51,232.51,202.039,-0.65%,92880400
2017-04-17,233.11,234.57,232.88,234.57,203.829,+0.89%,68405400
2017-04-18,233.72,234.49,233.08,233.87,203.221,-0.30%,83225800
2017-04-19,234.52,234.95,233.18,233.44,202.847,-0.18%,68699900
2017-04-20,234.15,235.85,233.78,235.34,204.498,+0.81%,92572200
2017-04-21,235.25,235.31,234.13,234.59,203.847,-0.32%,110389800
2017-04-24,237.18,237.41,234.56,237.17,206.089,+1.10%,119209900
2017-04-25,237.91,238.95,237.81,238.55,207.288,+0.58%,76698300
2017-04-26,238.51,239.53,238.35,238.40,207.157,-0.06%,84702500
2017-04-27,238.77,238.95,237.98,238.60,207.331,+0.08%,57410300
2017-04-28,238.90,238.93,237.93,238.08,206.879,-0.22%,63532800
2017-05-01,238.68,239.17,238.20,238.68,207.401,+0.25%,66882500
2017-05-02,238.84,238.98,238.30,238.77,207.479,+0.04%,57375700
2017-05-03,238.77,238.88,237.70,238.48,207.227,-0.12%,73137700
2017-05-04,238.83,238.92,237.78,238.76,207.470,+0.12%,61462700
2017-05-05,239.19,239.72,238.68,239.70,208.287,+0.39%,62001300
2017-05-08,239.75,239.92,239.17,239.66,208.252,-0.02%,48385700
2017-05-09,239.96,240.19,239.04,239.44,208.061,-0.09%,51363200
2017-05-10,239.39,239.87,239.15,239.87,208.435,+0.18%,54293800
2017-05-11,239.35,239.57,238.13,239.38,208.009,-0.20%,62358300
2017-05-12,239.09,239.43,238.67,238.98,207.661,-0.17%,53912700
2017-05-15,239.47,240.44,239.45,240.30,208.808,+0.55%,61918900
2017-05-16,240.64,240.67,239.63,240.08,208.617,-0.09%,51241800
2017-05-17,240.08,240.08,235.75,235.82,204.915,-1.77%,172174100
2017-05-18,235.73,237.75,235.43,236.77,205.741,+0.40%,107047700
2017-05-19,237.33,239.08,237.27,238.31,207.079,+0.65%,115011400
2017-05-22,238.90,239.71,238.82,239.52,208.131,+0.51%,61010600
2017-05-23,239.95,240.24,239.51,240.05,208.591,+0.22%,48341700
2017-05-24,240.32,240.73,239.93,240.61,209.078,+0.23%,46927700
2017-05-25,241.20,242.08,240.96,241.76,210.077,+0.48%,64071700
2017-05-26,241.54,241.90,241.45,241.71,210.034,-0.02%,43404500
2017-05-30,241.34,241.79,241.16,241.50,209.851,-0.09%,35201900
2017-05-31,241.84,241.88,240.64,241.44,209.799,-0.02%,91796000
2017-06-01,241.97,243.38,241.64,243.36,211.467,+0.80%,68962000
2017-06-02,243.42,244.35,243.08,244.17,212.171,+0.33%,88666100
2017-06-05,243.97,244.30,243.76,243.99,212.015,-0.07%,44698800
2017-06-06,243.34,243.98,243.12,243.21,211.337,-0.32%,50375400
2017-06-07,243.60,243.92,242.83,243.66,211.728,+0.19%,54144300
2017-06-08,243.77,244.33,243.17,243.78,211.832,+0.05%,65950700
2017-06-09,244.09,245.01,241.95,243.41,211.511,-0.15%,132256400
2017-06-12,243.13,243.42,242.38,243.36,211.467,-0.02%,86108100
2017-06-13,243.98,244.61,243.58,244.55,212.501,+0.49%,60067000
2017-06-14,244.86,244.87,243.29,244.24,212.232,-0.13%,78602300
2017-06-15,242.68,243.91,242.36,243.77,211.824,-0.19%,66464900
2017-06-16,242.77,242.83,241.63,242.64,211.870,-0.46%,84553100
2017-06-19,243.59,244.73,243.48,244.66,213.634,+0.83%,65123800
2017-06-20,244.25,244.26,242.99,243.01,212.193,-0.67%,56906400
2017-06-21,243.46,243.59,242.41,242.95,212.140,-0.02%,55977600
2017-06-22,242.96,243.53,242.64,242.84,212.044,-0.05%,44148100
2017-06-23,242.91,243.51,242.47,243.13,212.298,+0.12%,66986800
2017-06-26,243.90,244.38,243.05,243.29,212.437,+0.07%,56700500
2017-06-27,243.04,243.38,241.31,241.33,210.726,-0.81%,82247700
2017-06-28,242.50,243.72,242.23,243.49,212.612,+0.90%,70042600
2017-06-29,243.66,243.72,239.96,241.35,210.743,-0.88%,106949700
2017-06-30,242.28,242.71,241.58,241.80,211.136,+0.19%,69340100
2017-07-03,242.88,243.38,242.21,242.21,211.494,+0.17%,39153800
2017-07-05,242.63,243.01,241.70,242.77,211.983,+0.23%,54427600
2017-07-06,241.89,242.03,240.34,240.55,210.045,-0.91%,65400800
2017-07-07,241.21,242.28,240.56,242.11,211.407,+0.65%,56062000
2017-07-10,241.95,242.80,241.76,242.37,211.634,+0.11%,36663274
2017-07-11,242.16,242.55,240.85,242.19,211.477,-0.07%,50290920
2017-07-12,243.30,244.20,243.30,244.01,213.066,+0.75%,59610405
2017-07-13,244.02,244.55,243.76,244.42,213.424,+0.17%,39471637
2017-07-14,244.43,245.97,244.31,245.56,214.419,+0.47%,60234284
2017-07-17,245.47,245.91,245.33,245.53,214.393,-0.01%,33502556
2017-07-18,245.06,245.72,244.67,245.66,214.507,+0.05%,42742498
2017-07-19,246.02,247.00,246.01,246.99,215.668,+0.54%,51034260
2017-07-20,247.28,247.42,246.47,247.10,215.764,+0.04%,47095050
2017-07-21,246.44,246.91,246.18,246.88,215.572,-0.09%,88711019
2017-07-24,246.79,246.98,246.28,246.82,215.520,-0.02%,46607836
2017-07-25,247.68,247.80,247.16,247.42,216.044,+0.24%,54915591
2017-07-26,247.75,247.79,247.13,247.43,216.052,+0.00%,47575422
2017-07-27,247.96,248.00,245.68,247.20,215.851,-0.09%,70766568
2017-07-28,246.65,247.06,246.13,246.91,215.598,-0.12%,50088359
2017-07-31,247.37,247.48,246.53,246.77,215.476,-0.06%,65838659
2017-08-01,247.46,247.50,246.72,247.32,215.956,+0.22%,55050401
2017-08-02,247.47,247.60,246.37,247.44,216.061,+0.05%,47211216
2017-08-03,247.31,247.34,246.64,246.96,215.642,-0.19%,40785699
2017-08-04,247.52,247.79,246.97,247.41,216.035,+0.18%,60191838
2017-08-07,247.49,247.87,247.37,247.87,216.437,+0.19%,31995021
2017-08-08,247.51,248.91,246.83,247.26,215.904,-0.25%,61719353
2017-08-09,246.47,247.31,246.06,247.25,215.895,-0.00%,62523195
2017-08-10,246.29,246.44,243.70,243.76,212.848,-1.41%,120361520
2017-08-11,244.02,244.80,243.75,244.12,213.162,+0.15%,74869947
2017-08-14,245.59,246.79,245.55,246.54,215.275,+0.99%,73291919
2017-08-15,246.98,247.00,246.16,246.51,215.249,-0.01%,55242746
2017-08-16,247.11,247.57,246.45,246.94,215.624,+0.17%,56573941
2017-08-17,246.24,246.60,243.09,243.09,212.263,-1.56%,128490396
2017-08-18,242.90,244.19,242.20,242.71,211.931,-0.16%,136747986
2017-08-21,242.64,243.20,241.83,242.90,212.097,+0.08%,65469736
2017-08-22,243.57,245.62,243.55,245.44,214.315,+1.05%,63140101
2017-08-23,244.33,245.05,244.16,244.56,213.546,-0.36%,50203837
2017-08-24,245.00,245.18,243.75,243.99,213.049,-0.23%,50741671
2017-08-25,244.90,245.61,244.39,244.56,213.546,+0.23%,64445912
2017-08-28,245.17,245.20,244.09,244.57,213.555,+0.00%,40565606
2017-08-29,243.06,245.15,242.93,244.85,213.799,+0.11%,51135715
2017-08-30,244.83,246.32,244.62,246.01,214.812,+0.47%,62030805
2017-08-31,246.72,247.77,246.05,247.49,216.105,+0.60%,103803880
2017-09-01,247.92,248.33,247.67,247.84,216.410,+0.14%,62006989
2017-09-05,247.26,247.52,244.95,246.06,214.856,-0.72%,91398777
2017-09-06,246.84,247.28,246.23,246.90,215.590,+0.34%,57916867
2017-09-07,247.25,247.27,246.40,246.87,215.563,-0.01%,58034730
2017-09-08,246.54,247.11,246.30,246.58,215.310,-0.12%,63832825
2017-09-11,248.04,249.30,248.02,249.21,217.607,+1.07%,71364848
2017-09-12,249.63,250.09,249.42,250.05,218.340,+0.34%,56896027
2017-09-13,249.72,250.21,249.59,250.17,218.445,+0.05%,59228002
2017-09-14,249.80,250.32,249.60,250.09,218.375,-0.03%,95446349
2017-09-15,248.69,249.29,248.57,249.19,218.667,-0.36%,95432382
2017-09-18,249.61,250.12,249.28,249.72,219.132,+0.21%,46235238
2017-09-19,250.00,250.07,249.60,249.97,219.352,+0.10%,47108148
2017-09-20,250.07,250.19,248.92,250.06,219.431,+0.04%,59574083
2017-09-21,249.88,249.98,249.19,249.39,218.843,-0.27%,48211398
2017-09-22,249.05,249.63,249.02,249.44,218.887,+0.02%,51214032
2017-09-25,249.15,249.55,248.08,248.93,218.439,-0.20%,57064357
2017-09-26,249.42,249.70,248.81,249.08,218.571,+0.06%,54081959
2017-09-27,249.88,250.49,248.87,250.05,219.422,+0.39%,81001426
2017-09-28,249.73,250.44,249.63,250.35,219.685,+0.12%,44778841
2017-09-29,250.34,251.32,250.13,251.23,220.457,+0.35%,85578002
2017-10-02,251.49,252.32,251.29,252.32,221.414,+0.43%,59022985
2017-10-03,252.32,252.89,252.23,252.86,221.888,+0.21%,66810169
2017-10-04,252.69,253.44,252.56,253.16,222.151,+0.12%,55953619
2017-10-05,253.54,254.68,253.20,254.66,223.467,+0.59%,63522757
2017-10-06,254.15,254.70,253.85,254.37,223.213,-0.11%,80645998
2017-10-09,254.63,254.70,253.65,253.95,222.844,-0.17%,35803138
2017-10-10,254.60,255.05,253.98,254.62,223.432,+0.26%,43057363
2017-10-11,254.51,255.02,254.32,255.02,223.783,+0.16%,47674325
2017-10-12,254.66,255.06,254.37,254.64,223.450,-0.15%,47065144
2017-10-13,255.14,255.27,254.64,254.95,223.722,+0.12%,54800435
2017-10-16,255.21,255.51,254.82,255.29,224.020,+0.13%,38221675
2017-10-17,255.23,255.52,254.98,255.47,224.178,+0.07%,31560964
2017-10-18,255.90,255.95,255.50,255.72,224.397,+0.10%,40888330
2017-10-19,254.83,255.83,254.35,255.79,224.459,+0.03%,61903788
2017-10-20,256.70,257.14,255.77,257.11,225.617,+0.52%,89176377
2017-10-23,257.48,257.51,256.02,256.11,224.740,-0.39%,63915306
2017-10-24,256.60,256.83,256.15,256.56,225.134,+0.18%,66935910
2017-10-25,256.18,256.31,254.00,255.29,224.020,-0.50%,103715291
2017-10-26,255.99,256.30,255.48,255.62,224.310,+0.13%,69797972
2017-10-27,256.47,257.89,255.63,257.71,226.144,+0.82%,85562544
2017-10-30,256.47,257.60,256.41,256.75,225.301,-0.37%,54285687
2017-10-31,257.18,257.44,256.81,257.15,225.652,+0.16%,60304781
2017-11-01,258.04,258.43,257.07,257.49,225.950,+0.13%,54202736
2017-11-02,257.41,257.75,256.19,257.59,226.038,+0.04%,56449535
2017-11-03,257.77,258.50,257.30,258.45,226.793,+0.33%,59589730
2017-11-06,258.30,259.00,258.22,258.85,227.144,+0.15%,49652598
2017-11-07,258.97,259.35,258.09,258.67,226.986,-0.07%,57502161
2017-11-08,258.47,259.22,258.15,259.11,227.372,+0.17%,50469579
2017-11-09,257.73,258.39,256.36,258.17,226.547,-0.36%,93981044
2017-11-10,257.73,258.29,257.37,258.09,226.477,-0.03%,59984662
2017-11-13,257.31,258.59,257.27,258.33,226.688,+0.09%,50228648
2017-11-14,257.41,257.85,256.52,257.73,226.161,-0.23%,61315152
2017-11-15,256.62,257.22,255.63,256.44,225.029,-0.50%,80811525
2017-11-16,257.52,259.04,257.47,258.62,226.942,+0.85%,67777027
2017-11-17,258.22,258.59,257.77,257.86,226.275,-0.29%,75756833
2017-11-20,258.14,258.52,257.86,258.30,226.661,+0.17%,48075514
2017-11-21,259.18,260.20,258.26,259.99,228.144,+0.65%,69176799
2017-11-22,260.00,260.15,259.57,259.76,227.942,-0.09%,45033392
2017-11-24,260.32,260.48,260.16,260.36,228.469,+0.23%,27856514
2017-11-27,260.41,260.75,260.00,260.23,228.355,-0.05%,52274922
2017-11-28,260.76,262.90,260.65,262.87,230.671,+1.01%,98971719
2017-11-29,263.02,263.63,262.20,262.71,230.531,-0.06%,77512102
2017-11-30,263.76,266.05,263.67,265.01,232.549,+0.88%,127894389
2017-12-01,264.76,265.31,260.76,264.46,232.067,-0.21%,164390902
2017-12-04,266.31,266.80,264.08,264.14,231.786,-0.12%,94040560
2017-12-05,263.19,265.15,263.04,263.19,230.952,-0.36%,77994544
2017-12-06,263.30,263.73,262.71,263.24,230.996,+0.02%,75898566
2017-12-07,264.07,264.43,262.94,264.07,231.725,+0.32%,77218569
2017-12-08,265.16,265.52,264.03,265.51,232.988,+0.55%,76563873
2017-12-11,266.31,266.38,265.48,266.31,233.690,+0.30%,83077533
2017-12-12,267.21,267.32,266.35,266.78,234.103,+0.18%,85195750
2017-12-13,267.06,267.56,266.65,266.75,234.076,-0.01%,102905409
2017-12-14,267.09,267.22,265.60,265.66,233.120,-0.41%,100666692
2017-12-15,265.45,267.04,265.39,266.51,235.051,+0.32%,144610290
2017-12-18,268.10,268.60,267.98,268.20,236.542,+0.63%,83653572
2017-12-19,268.48,268.53,267.09,267.17,235.634,-0.38%,82382876
2017-12-20,268.27,268.33,266.69,267.03,235.510,-0.05%,76751500
2017-12-21,267.74,268.39,267.30,267.58,235.995,+0.21%,67032339
2017-12-22,267.60,267.64,266.90,267.51,235.933,-0.03%,78720873
2017-12-26,267.05,267.44,266.89,267.19,235.651,-0.12%,45244433
2017-12-27,267.38,267.73,267.01,267.32,235.766,+0.05%,57750986
2017-12-28,267.89,267.92,267.45,267.87,236.251,+0.21%,45116139
2017-12-29,268.53,268.55,266.64,266.86,235.360,-0.38%,96007424
2018-01-02,267.84,268.81,267.40,268.77,237.045,+0.72%,86655749
2018-01-03,268.96,270.64,268.96,270.47,238.544,+0.63%,90070416
2018-01-04,271.20,272.16,270.54,271.61,239.549,+0.42%,80636408
2018-01-05,272.51,273.56,271.95,273.42,241.146,+0.67%,83523995
2018-01-08,273.31,274.10,272.98,273.92,241.587,+0.18%,57319192
2018-01-09,274.40,275.25,274.08,274.54,242.134,+0.23%,57253957
2018-01-10,273.68,274.42,272.92,274.12,241.763,-0.15%,69574318
2018-01-11,274.75,276.12,274.56,276.12,243.527,+0.73%,62361455
2018-01-12,276.42,278.11,276.08,277.92,245.115,+0.65%,90816076
2018-01-16,279.35,280.09,276.18,276.97,244.277,-0.34%,106555142
2018-01-17,278.03,280.05,276.97,279.61,246.605,+0.95%,113258799
2018-01-18,279.48,279.96,278.58,279.14,246.191,-0.17%,100728006
2018-01-19,279.80,280.41,279.14,280.41,247.311,+0.45%,140920098
2018-01-22,280.17,282.69,280.11,282.69,249.322,+0.81%,91322408
2018-01-23,282.74,283.62,282.37,283.29,249.851,+0.21%,97084700
2018-01-24,284.02,284.70,281.84,283.18,249.754,-0.04%,134816117
2018-01-25,284.16,284.27,282.40,283.30,249.860,+0.04%,84587313
2018-01-26,284.25,286.63,283.96,286.58,252.752,+1.16%,107743119
2018-01-29,285.93,286.43,284.50,284.68,251.077,-0.66%,90118337
2018-01-30,282.60,284.74,281.22,281.76,248.501,-1.03%,131796419
2018-01-31,282.73,283.30,280.68,281.90,248.625,+0.05%,118948131
2018-02-01,281.07,283.06,280.68,281.58,248.343,-0.11%,90102470
2018-02-02,280.08,280.23,275.41,275.45,242.936,-2.18%,173174790
2018-02-05,273.45,275.85,263.31,263.93,232.776,-4.18%,294681816
2018-02-06,259.94,269.70,258.70,269.13,237.362,+1.97%,355026782
2018-02-07,268.50,272.36,267.58,267.67,236.075,-0.54%,167376100
2018-02-08,268.01,268.17,257.59,257.63,227.220,-3.75%,246449505
2018-02-09,260.80,263.61,252.92,261.50,230.633,+1.50%,283565315
2018-02-12,263.83,267.01,261.66,265.34,234.020,+1.47%,143735976
2018-02-13,263.97,266.62,263.31,266.00,234.602,+0.25%,81223640
2018-02-14,264.31,270.00,264.30,269.59,237.768,+1.35%,120735685
2018-02-15,271.57,273.04,268.77,273.03,240.802,+1.28%,111200286
2018-02-16,272.32,275.32,272.27,273.11,240.872,+0.03%,160420135
2018-02-20,272.03,273.67,270.50,271.40,239.364,-0.63%,86369662
2018-02-21,271.90,274.72,269.94,270.05,238.174,-0.50%,98883740
2018-02-22,271.10,273.05,269.64,270.40,238.482,+0.13%,110511290
2018-02-23,271.79,274.71,271.25,274.71,242.284,+1.59%,92766428
2018-02-26,275.93,278.01,275.26,277.90,245.097,+1.16%,86491406
2018-02-27,278.11,278.92,274.36,274.43,242.037,-1.25%,99099165
2018-02-28,275.68,276.19,271.29,271.65,239.585,-1.01%,121907767
2018-03-01,271.41,273.17,266.00,267.70,236.101,-1.45%,176855077
2018-03-02,265.80,269.72,264.82,269.08,237.318,+0.52%,139083217
2018-03-05,267.73,272.89,267.61,272.19,240.061,+1.16%,97307387
2018-03-06,273.30,273.39,271.18,272.88,240.670,+0.25%,79213163
2018-03-07,270.42,273.18,270.20,272.78,240.581,-0.04%,87063502
2018-03-08,273.55,274.24,272.42,274.10,241.746,+0.48%,66901150
2018-03-09,275.70,278.87,275.34,278.87,245.952,+1.74%,113625335
2018-03-12,279.20,279.91,278.08,278.52,245.644,-0.13%,71924793
2018-03-13,279.84,280.41,276.03,276.72,244.056,-0.65%,91968937
2018-03-14,277.81,278.02,274.67,275.30,242.804,-0.51%,105895079
2018-03-15,275.88,276.61,274.43,275.00,242.539,-0.11%,83433038
2018-03-16,274.50,275.39,274.14,274.20,242.801,-0.29%,100343673
2018-03-19,273.35,274.40,268.62,270.49,239.516,-1.35%,109208442
2018-03-20,270.94,271.67,270.18,270.95,239.923,+0.17%,59757271
2018-03-21,270.90,273.27,270.19,270.43,239.463,-0.19%,78709578
2018-03-22,267.91,268.87,263.36,263.67,233.477,-2.50%,148785916
2018-03-23,264.17,264.54,257.83,258.05,228.500,-2.13%,183534751
2018-03-26,262.13,265.43,259.41,265.11,234.752,+2.74%,141956102
2018-03-27,266.17,266.77,258.84,260.60,230.758,-1.70%,129941445
2018-03-28,260.75,262.64,258.58,259.83,230.077,-0.30%,146452306
2018-03-29,261.12,265.26,259.84,263.15,233.016,+1.28%,124244790
2018-04-02,262.55,263.13,254.67,257.47,227.987,-2.16%,186286343
2018-04-03,258.87,261.31,256.84,260.77,230.909,+1.28%,119956861
2018-04-04,256.75,264.36,256.60,263.56,233.379,+1.07%,123715339
2018-04-05,265.55,266.64,264.32,265.64,235.221,+0.79%,82652618
2018-04-06,263.42,265.11,258.00,259.72,229.979,-2.23%,179521209
2018-04-09,261.37,264.84,259.94,261.00,231.113,+0.49%,105442932
2018-04-10,264.27,266.04,262.98,265.15,234.787,+1.59%,105573736
2018-04-11,263.47,265.64,263.39,263.76,233.557,-0.52%,91140243
2018-04-12,265.26,267.00,265.06,265.93,235.478,+0.82%,68890480
2018-04-13,267.41,267.54,264.01,265.15,234.787,-0.29%,85079176
2018-04-16,267.00,268.20,266.07,267.33,236.718,+0.82%,63405287
2018-04-17,269.33,270.87,268.75,270.19,239.250,+1.07%,64682036
2018-04-18,270.69,271.30,269.87,270.39,239.427,+0.07%,57303857
2018-04-19,269.65,269.88,267.72,268.89,238.099,-0.55%,77655909
2018-04-20,268.81,269.06,265.61,266.61,236.080,-0.85%,99953133
2018-04-23,267.26,267.89,265.35,266.57,236.045,-0.02%,65557954
2018-04-24,267.73,267.98,261.28,262.98,232.866,-1.35%,112885452
2018-04-25,262.91,264.13,260.85,263.63,233.441,+0.25%,103756753
2018-04-26,264.79,267.25,264.29,266.31,235.815,+1.02%,67731942
2018-04-27,267.00,267.34,265.50,266.56,236.036,+0.09%,57053647
2018-04-30,267.26,267.89,264.43,264.51,234.221,-0.77%,82182324
2018-05-01,263.87,265.10,262.11,264.98,234.637,+0.18%,74203365
2018-05-02,264.76,265.68,262.76,263.20,233.061,-0.67%,86368943
2018-05-03,262.26,263.36,259.05,262.62,232.547,-0.22%,136311479
2018-05-04,261.52,266.79,261.15,266.02,235.558,+1.29%,91222075
2018-05-07,266.89,268.02,266.11,266.92,236.355,+0.34%,55304907
2018-05-08,266.50,267.33,265.15,266.92,236.355,0.00%,67499247
2018-05-09,267.68,269.87,267.09,269.50,238.639,+0.97%,59666143
2018-05-10,270.34,272.39,270.22,272.02,240.871,+0.94%,72063931
2018-05-11,272.16,273.15,271.58,272.85,241.606,+0.31%,59871511
2018-05-14,273.34,274.08,272.36,272.98,241.721,+0.05%,54790606
2018-05-15,271.59,271.61,270.03,271.10,240.056,-0.69%,87036136
2018-05-16,271.14,272.76,271.11,272.24,241.065,+0.42%,53942631
2018-05-17,271.94,273.23,271.13,272.01,240.862,-0.08%,56536400
2018-05-18,271.62,272.03,270.93,271.33,240.260,-0.25%,64367959
2018-05-21,273.01,273.98,272.57,273.37,242.066,+0.75%,58025875
2018-05-22,273.96,274.25,272.24,272.61,241.393,-0.28%,52966358
2018-05-23,271.17,273.39,270.99,273.36,242.057,+0.28%,64694184
2018-05-24,272.91,273.22,270.78,272.80,241.561,-0.20%,76043827
2018-05-25,272.15,272.86,271.58,272.15,240.986,-0.24%,56374755
2018-05-29,270.31,271.17,267.76,269.02,238.214,-1.15%,115908607
2018-05-30,270.50,273.11,270.42,272.61,241.393,+1.33%,69678449
2018-05-31,272.15,272.49,270.26,270.94,239.914,-0.61%,93519941
2018-06-01,272.41,273.94,272.33,273.60,242.270,+0.98%,71258411
2018-06-04,274.53,275.19,274.26,274.90,243.421,+0.48%,45385166
2018-06-05,275.05,275.53,274.18,275.10,243.598,+0.07%,51135038
2018-06-06,275.79,277.52,275.09,277.40,245.635,+0.84%,62732215
2018-06-07,277.95,278.28,276.34,277.37,245.608,-0.01%,72969402
2018-06-08,276.85,278.25,276.66,278.19,246.334,+0.30%,72139719
2018-06-11,278.44,279.37,278.31,278.56,246.662,+0.13%,58892515
2018-06-12,279.03,279.33,278.19,278.92,246.981,+0.13%,72329028
2018-06-13,279.19,279.48,277.80,278.03,246.192,-0.32%,79070610
2018-06-14,279.01,279.33,278.06,278.73,246.812,+0.25%,77097620
2018-06-15,276.60,277.51,275.35,277.13,246.498,-0.57%,120041562
2018-06-18,275.49,276.70,274.95,276.56,245.991,-0.21%,52917581
2018-06-19,274.00,275.75,273.53,275.50,245.049,-0.38%,97531510
2018-06-20,276.27,276.72,275.59,275.97,245.467,+0.17%,53785486
2018-06-21,275.96,275.98,273.68,274.24,243.928,-0.63%,71061404
2018-06-22,275.66,275.79,274.49,274.74,244.373,+0.18%,56612003
2018-06-25,273.44,273.62,269.10,271.00,241.046,-1.36%,137854162
2018-06-26,271.64,272.56,270.79,271.60,241.580,+0.22%,68683211
2018-06-27,272.26,273.87,269.18,269.35,239.578,-0.83%,104960655
2018-06-28,269.29,271.75,268.49,270.89,240.948,+0.57%,76650517
2018-06-29,272.12,273.66,271.15,271.28,241.295,+0.14%,97592499
2018-07-02,269.51,272.04,269.24,271.86,241.811,+0.21%,63554774
2018-07-03,272.87,272.98,270.42,270.90,240.957,-0.35%,42187071
2018-07-05,272.17,273.18,270.96,273.11,242.923,+0.82%,56925919
2018-07-06,273.14,275.84,272.71,275.42,244.977,+0.85%,66493696
2018-07-09,276.55,277.96,276.50,277.90,247.183,+0.90%,50550399
2018-07-10,278.41,279.01,278.08,278.90,248.073,+0.36%,51966829
2018-07-11,277.15,278.04,276.52,276.86,246.258,-0.73%,77054739
2018-07-12,278.28,279.43,277.60,279.37,248.491,+0.91%,60124687
2018-07-13,279.17,279.93,278.66,279.59,248.687,+0.08%,48234964
2018-07-16,279.64,279.80,278.84,279.34,248.464,-0.09%,48201038
2018-07-17,278.47,280.91,278.41,280.47,249.469,+0.40%,52315500
2018-07-18,280.56,281.18,280.06,281.06,249.994,+0.21%,44593465
2018-07-19,280.31,280.74,279.46,280.00,249.051,-0.38%,61412117
2018-07-20,279.77,280.48,279.50,279.68,248.767,-0.11%,82372729
2018-07-23,279.45,280.43,279.06,280.20,249.229,+0.19%,47047565
2018-07-24,281.79,282.56,280.63,281.61,250.483,+0.50%,68026935
2018-07-25,281.33,284.37,281.28,284.01,252.618,+0.85%,78882927
2018-07-26,283.20,284.11,283.09,283.34,252.022,-0.24%,57919495
2018-07-27,283.71,283.82,280.38,281.42,250.314,-0.68%,76783177
2018-07-30,281.51,281.69,279.36,279.95,249.007,-0.52%,63742508
2018-07-31,280.81,282.02,280.38,281.33,250.234,+0.49%,68570493
2018-08-01,281.56,282.13,280.13,280.86,249.816,-0.17%,53853326
2018-08-02,279.39,282.58,279.16,282.39,251.177,+0.54%,63426363
2018-08-03,282.53,283.66,282.33,283.60,252.253,+0.43%,53935386
2018-08-06,283.64,284.99,283.20,284.64,253.178,+0.37%,39400887
2018-08-07,285.39,286.01,285.24,285.58,254.015,+0.33%,43196646
2018-08-08,285.39,285.91,284.94,285.46,253.908,-0.04%,42114551
2018-08-09,285.53,285.97,284.92,285.07,253.561,-0.14%,35716976
2018-08-10,283.45,284.06,282.36,283.16,251.862,-0.67%,77076044
2018-08-13,283.47,284.16,281.77,282.10,250.919,-0.37%,65732909
2018-08-14,282.92,284.17,282.48,283.90,252.520,+0.64%,43842031
2018-08-15,282.38,282.54,280.16,281.78,250.635,-0.75%,102925355
2018-08-16,283.40,285.04,283.36,284.06,252.663,+0.81%,69967919
2018-08-17,283.83,285.56,283.37,285.06,253.552,+0.35%,65618481
2018-08-20,285.57,285.97,285.06,285.67,254.095,+0.21%,39807490
2018-08-21,286.25,287.31,285.71,286.34,254.690,+0.23%,67271983
2018-08-22,285.88,286.76,285.58,286.17,254.539,-0.06%,44993333
2018-08-23,285.97,286.94,285.43,285.79,254.201,-0.13%,49204851
2018-08-24,286.44,287.67,286.38,287.51,255.731,+0.60%,57487399
2018-08-27,288.86,289.90,288.68,289.78,257.750,+0.79%,57072377
2018-08-28,290.30,290.42,289.40,289.92,257.875,+0.05%,46943472
2018-08-29,290.16,291.74,289.89,291.48,259.262,+0.54%,61485514
2018-08-30,290.94,291.36,289.63,290.30,258.213,-0.40%,61229501
2018-08-31,289.84,290.81,289.29,290.31,258.222,+0.00%,66140838
2018-09-04,289.84,290.21,288.68,289.81,257.777,-0.17%,57594367
2018-09-05,289.41,289.64,287.89,289.03,257.083,-0.27%,72452437
2018-09-06,289.15,289.49,287.00,288.16,256.309,-0.30%,65909863
2018-09-07,286.98,288.70,286.71,287.60,255.811,-0.19%,73524824
2018-09-10,288.74,289.04,287.88,288.10,256.256,+0.17%,50191113
2018-09-11,287.37,289.55,286.98,289.05,257.101,+0.33%,50530492
2018-09-12,289.06,289.80,288.23,289.12,257.163,+0.02%,59810758
2018-09-13,290.32,291.04,290.00,290.83,258.684,+0.59%,51034222
2018-09-14,291.06,291.27,290.00,290.88,258.729,+0.02%,55079875
2018-09-17,290.82,290.86,289.03,289.34,257.359,-0.53%,68244043
2018-09-18,289.58,291.58,289.55,290.91,258.755,+0.54%,61930407
2018-09-19,290.97,291.69,290.83,291.22,259.031,+0.11%,49080562
2018-09-20,292.64,293.94,291.24,293.58,261.130,+0.81%,100360646
2018-09-21,293.09,293.22,291.81,291.99,260.892,-0.54%,105479656
2018-09-24,291.34,291.50,290.37,291.02,260.026,-0.33%,53409645
2018-09-25,291.53,291.65,290.48,290.75,259.784,-0.09%,44370037
2018-09-26,290.91,292.24,289.41,289.88,259.007,-0.30%,79739674
2018-09-27,290.41,291.91,290.10,290.69,259.731,+0.28%,59249455
2018-09-28,289.99,291.28,289.95,290.72,259.758,+0.01%,70091385
2018-10-01,292.11,292.93,290.98,291.73,260.660,+0.35%,62078937
2018-10-02,291.56,292.36,291.14,291.56,260.508,-0.06%,47258227
2018-10-03,292.74,293.21,291.32,291.72,260.651,+0.05%,64694594
2018-10-04,291.18,291.24,287.66,289.44,258.614,-0.78%,111545910
2018-10-05,289.69,290.27,286.22,287.82,257.167,-0.56%,105951698
2018-10-08,287.05,288.22,285.50,287.82,257.167,0.00%,87742172
2018-10-09,287.39,288.86,286.77,287.40,256.791,-0.15%,74338982
2018-10-10,286.83,286.91,277.88,278.30,248.660,-3.17%,214731042
2018-10-11,277.08,278.90,270.36,272.17,243.183,-2.20%,274840491
2018-10-12,276.77,277.09,272.37,275.95,246.561,+1.39%,183186492
2018-10-15,275.55,277.04,274.30,274.40,245.176,-0.56%,102263717
2018-10-16,276.60,280.82,276.07,280.40,250.537,+2.19%,118255834
2018-10-17,280.44,281.15,277.56,280.45,250.581,+0.02%,110625987
2018-10-18,279.40,280.07,274.97,276.40,246.963,-1.44%,134557525
2018-10-19,277.13,279.30,275.47,276.25,246.829,-0.05%,139901634
2018-10-22,277.00,277.36,274.41,275.01,245.721,-0.45%,82415812
2018-10-23,270.95,274.87,268.61,273.61,244.470,-0.51%,146352719
2018-10-24,273.33,273.76,264.70,265.32,237.063,-3.03%,177806697
2018-10-25,267.38,271.81,266.23,270.08,241.316,+1.79%,138061545
2018-10-26,265.92,271.00,262.29,265.33,237.072,-1.76%,201574596
2018-10-29,268.80,270.25,259.85,263.86,235.758,-0.55%,160749101
2018-10-30,263.67,268.12,263.12,267.77,239.252,+1.48%,157115995
2018-10-31,270.65,273.23,270.12,270.63,241.807,+1.07%,128296325
2018-11-01,271.60,273.73,270.38,273.51,244.381,+1.06%,99495037
2018-11-02,274.75,275.23,269.59,271.89,242.933,-0.59%,122634107
2018-11-05,272.44,274.01,271.35,273.39,244.273,+0.55%,65622482
2018-11-06,273.32,275.30,273.25,275.12,245.819,+0.63%,60085894
2018-11-07,277.56,281.10,277.08,281.01,251.082,+2.14%,102752099
2018-11-08,280.11,281.22,279.22,280.50,250.626,-0.18%,65584886
2018-11-09,279.03,279.24,276.18,277.76,248.178,-0.98%,98812561
2018-11-12,277.19,277.46,271.99,272.57,243.541,-1.87%,99673574
2018-11-13,273.09,275.33,271.25,272.06,243.085,-0.19%,98176610
2018-11-14,274.16,274.61,268.45,270.20,241.423,-0.68%,125335931
2018-11-15,268.78,273.54,267.01,273.02,243.943,+1.04%,135101437
2018-11-16,271.79,274.75,271.21,273.73,244.577,+0.26%,126668040
2018-11-19,273.05,273.38,268.07,269.10,240.440,-1.69%,103061706
2018-11-20,265.36,267.00,263.15,264.12,235.991,-1.85%,136021311
2018-11-21,265.86,267.15,265.01,265.02,236.795,+0.34%,75563743
2018-11-23,263.18,264.82,263.07,263.25,235.213,-0.67%,42807878
2018-11-26,265.78,267.75,265.34,267.50,239.011,+1.61%,79981362
2018-11-27,266.34,268.40,265.66,268.40,239.815,+0.34%,75502441
2018-11-28,269.60,274.58,268.33,274.58,245.337,+2.30%,127629633
2018-11-29,273.71,275.55,272.43,273.98,244.801,-0.22%,82346420
2018-11-30,273.81,276.28,273.45,275.65,246.293,+0.61%,98204190
2018-12-03,280.28,280.40,277.51,279.30,249.554,+1.32%,103017719
2018-12-04,278.37,278.85,269.90,270.25,241.468,-3.24%,177986013
2018-12-06,265.92,269.97,262.44,269.84,241.101,-0.15%,204185411
2018-12-07,269.46,271.22,262.63,263.57,235.499,-2.32%,161018923
2018-12-10,263.37,265.16,258.62,264.07,235.946,+0.19%,151445885
2018-12-11,267.66,267.87,262.48,264.13,236.000,+0.02%,121504431
2018-12-12,267.47,269.00,265.37,265.46,237.188,+0.50%,97976706
2018-12-13,266.52,267.49,264.12,265.37,237.107,-0.03%,96662717
2018-12-14,262.96,264.03,259.85,260.47,232.729,-1.85%,116961071
2018-12-17,259.40,260.65,253.53,255.36,228.164,-1.96%,165492257
2018-12-18,257.20,257.95,253.28,255.08,227.913,-0.11%,134515094
2018-12-19,255.17,259.40,249.35,251.26,224.500,-1.50%,214992763
2018-12-20,249.86,251.62,244.65,247.17,220.846,-1.63%,252053377
2018-12-21,246.74,249.71,239.98,240.70,216.347,-2.62%,255345633
2018-12-24,239.04,240.84,234.27,234.34,210.631,-2.64%,147311588
2018-12-26,235.97,246.18,233.76,246.18,221.273,+5.05%,218485360
2018-12-27,242.57,248.29,238.96,248.07,222.972,+0.77%,186267342
2018-12-28,249.58,251.40,246.45,247.75,222.684,-0.13%,153100189
2018-12-31,249.56,250.19,247.47,249.92,224.635,+0.88%,144299370
2019-01-02,245.98,251.21,245.95,250.18,224.868,+0.10%,126925199
2019-01-03,248.23,248.57,243.67,244.21,219.502,-2.39%,144140692
2019-01-04,247.59,253.11,247.17,252.39,226.855,+3.35%,142628834
2019-01-07,252.69,255.95,251.69,254.38,228.643,+0.79%,103139100
2019-01-08,256.82,257.31,254.00,256.77,230.792,+0.94%,102512587
2019-01-09,257.56,258.91,256.19,257.97,231.870,+0.47%,95006554
2019-01-10,256.26,259.16,255.50,258.88,232.688,+0.35%,96823923
2019-01-11,257.68,259.01,257.03,258.98,232.778,+0.04%,73858110
2019-01-14,256.86,258.30,256.41,257.40,231.358,-0.61%,70908227
2019-01-15,257.82,260.70,257.81,260.35,234.009,+1.15%,85208271
2019-01-16,260.83,261.97,260.60,260.98,234.576,+0.24%,77636710
2019-01-17,260.01,263.92,259.96,262.96,236.355,+0.76%,96118435
2019-01-18,264.98,266.98,263.00,266.46,239.501,+1.33%,127900303
2019-01-22,264.82,265.06,261.06,262.86,236.265,-1.35%,115531183
2019-01-23,264.01,264.79,260.66,263.41,236.760,+0.21%,86030287
2019-01-24,263.21,264.20,262.08,263.55,236.886,+0.05%,59204139
2019-01-25,265.61,266.70,263.66,265.78,238.890,+0.85%,96883358
2019-01-28,263.39,263.83,261.79,263.76,237.074,-0.76%,85613655
2019-01-29,263.92,264.55,262.48,263.41,236.760,-0.13%,66136334
2019-01-30,265.10,268.52,264.25,267.58,240.508,+1.58%,92473671
2019-01-31,267.51,270.47,267.27,269.93,242.620,+0.88%,104012073
2019-02-01,270.15,271.20,269.18,270.06,242.737,+0.05%,85782524
2019-02-04,270.11,272.03,269.36,271.96,244.445,+0.70%,60744844
2019-02-05,272.44,273.44,271.88,273.10,245.469,+0.42%,79552774
2019-02-06,272.79,273.34,271.92,272.74,245.146,-0.13%,58347791
2019-02-07,270.94,271.55,268.29,270.14,242.809,-0.95%,95481961
2019-02-08,268.75,270.58,267.83,270.47,243.105,+0.12%,75788861
2019-02-11,271.20,271.49,270.03,270.62,243.240,+0.06%,68021423
2019-02-12,272.42,274.52,272.34,274.10,246.368,+1.29%,72270221
2019-02-13,275.03,275.93,274.56,274.99,247.168,+0.32%,65277204
2019-02-14,273.78,275.64,272.87,274.38,246.620,-0.22%,83234396
2019-02-15,276.36,277.41,276.13,277.37,249.307,+1.09%,97088659
2019-02-19,276.48,278.58,276.47,277.85,249.739,+0.17%,59120804
2019-02-20,277.81,278.92,277.25,278.41,250.242,+0.20%,76610767
2019-02-21,277.70,278.10,276.35,277.42,249.352,-0.36%,64214727
2019-02-22,278.11,279.36,277.40,279.14,250.898,+0.62%,78114616
2019-02-25,280.73,281.31,279.43,279.52,251.240,+0.14%,69030699
2019-02-26,279.13,280.30,278.90,279.32,251.060,-0.07%,56844101
2019-02-27,278.52,279.59,277.48,279.20,250.952,-0.04%,56921570
2019-02-28,278.96,279.45,278.32,278.68,250.485,-0.19%,69268293
2019-03-01,280.44,280.88,278.82,280.42,252.049,+0.62%,78880548
2019-03-04,281.60,281.87,276.84,279.40,251.132,-0.36%,106494637
2019-03-05,279.54,279.76,278.41,279.02,250.790,-0.14%,59114559
2019-03-06,279.15,279.16,276.97,277.33,249.271,-0.61%,75039771
2019-03-07,276.83,276.99,274.07,275.01,247.186,-0.84%,94885089
2019-03-08,272.94,274.65,272.42,274.46,246.692,-0.20%,85795799
2019-03-11,275.26,278.62,275.23,278.44,250.269,+1.45%,65098897
2019-03-12,279.06,280.07,278.85,279.49,251.213,+0.38%,79667530
2019-03-13,280.48,282.38,280.30,281.34,252.876,+0.66%,80639153
2019-03-14,281.37,281.84,280.67,281.16,252.714,-0.06%,67518366
2019-03-15,280.54,282.21,280.33,281.31,253.957,+0.05%,81308979
2019-03-18,281.55,282.66,281.30,282.33,254.878,+0.36%,62199806
2019-03-19,283.51,284.36,281.41,282.40,254.941,+0.02%,90268121
2019-03-20,282.16,283.50,280.32,281.55,254.174,-0.30%,84609210
2019-03-21,280.64,285.18,280.59,284.73,257.045,+1.13%,79550375
2019-03-22,283.22,283.80,279.18,279.25,252.097,-1.92%,122659286
2019-03-25,278.87,280.19,277.64,279.04,251.908,-0.08%,85575197
2019-03-26,280.99,282.18,279.56,281.12,253.786,+0.75%,68125920
2019-03-27,281.11,281.76,277.93,279.65,252.459,-0.52%,72224722
2019-03-28,280.35,281.21,279.07,280.71,253.415,+0.38%,56238545
2019-03-29,282.39,282.84,281.14,282.48,255.013,+0.63%,82186806
2019-04-01,284.70,286.16,284.40,285.83,258.038,+1.19%,77617945
2019-04-02,286.04,286.23,285.09,285.97,258.164,+0.05%,40070351
2019-04-03,287.32,287.76,285.75,286.42,258.570,+0.16%,68243202
2019-04-04,286.78,287.46,286.01,287.18,259.256,+0.27%,48997505
2019-04-05,287.92,288.63,287.60,288.57,260.511,+0.48%,58621729
2019-04-08,288.10,288.91,287.37,288.79,260.710,+0.08%,53566335
2019-04-09,287.72,288.08,286.70,287.31,259.374,-0.51%,66142316
2019-04-10,287.77,288.39,287.31,288.29,260.258,+0.34%,52601499
2019-04-11,288.83,288.84,287.58,288.21,260.186,-0.03%,55093100
2019-04-12,290.00,290.47,288.26,290.16,261.947,+0.68%,69727782
2019-04-15,290.24,290.35,289.08,289.97,261.775,-0.07%,49596685
2019-04-16,290.95,291.01,289.50,290.16,261.947,+0.07%,52153197
2019-04-17,291.40,291.43,288.99,289.45,261.306,-0.24%,58268295
2019-04-18,290.10,290.32,288.66,290.02,261.820,+0.20%,68708513
2019-04-22,289.17,290.44,289.07,290.27,262.046,+0.09%,40160140
2019-04-23,290.68,293.14,290.42,292.88,264.402,+0.90%,52246633
2019-04-24,292.79,293.16,292.07,292.23,263.815,-0.22%,50392914
2019-04-25,292.12,292.78,290.73,292.05,263.653,-0.06%,57770862
2019-04-26,292.10,293.49,291.24,293.41,264.881,+0.47%,50916423
2019-04-29,293.51,294.45,293.41,293.87,265.296,+0.16%,57197747
2019-04-30,293.49,294.34,291.92,294.02,265.431,+0.05%,81111733
2019-05-01,294.72,294.95,291.80,291.81,263.436,-0.75%,71671870
2019-05-02,291.68,292.70,289.52,291.18,262.867,-0.22%,65030170
2019-05-03,292.82,294.34,291.30,294.03,265.440,+0.98%,56543653
2019-05-06,289.25,293.31,288.90,292.82,264.348,-0.41%,107198069
2019-05-07,290.15,290.81,285.81,287.93,259.933,-1.67%,144729908
2019-05-08,287.53,289.43,286.87,287.53,259.572,-0.14%,91568287
2019-05-09,285.23,287.33,283.30,286.66,258.787,-0.30%,103471104
2019-05-10,285.62,288.94,282.30,288.10,260.087,+0.50%,112429293
2019-05-13,282.42,283.49,279.93,280.86,253.551,-2.51%,127290527
2019-05-14,281.99,285.10,281.85,283.40,255.844,+0.90%,77003230
2019-05-15,281.59,285.77,281.36,285.06,257.342,+0.59%,73956407
2019-05-16,285.84,289.21,285.76,287.70,259.726,+0.93%,76749643
2019-05-17,285.14,288.60,285.12,285.84,258.047,-0.65%,100353024
2019-05-20,284.06,285.96,283.12,283.95,256.340,-0.66%,62877610
2019-05-21,285.83,286.93,285.55,286.51,258.651,+0.90%,46847085
2019-05-22,285.45,286.69,285.10,285.63,257.857,-0.31%,49482472
2019-05-23,283.16,283.21,280.57,282.14,254.706,-1.22%,98733847
2019-05-24,283.74,284.20,282.09,282.78,255.284,+0.23%,55268095
2019-05-28,283.09,284.15,280.13,280.15,252.910,-0.93%,70029356
2019-05-29,278.91,279.36,276.71,278.27,251.213,-0.67%,104972927
2019-05-30,279.11,280.04,277.81,279.03,251.899,+0.27%,62523780
2019-05-31,276.20,277.12,275.24,275.27,248.504,-1.35%,86862782
2019-06-03,275.31,276.55,273.09,274.57,247.872,-0.25%,96427952
2019-06-04,277.12,280.68,276.62,280.53,253.253,+2.17%,77231889
2019-06-05,282.33,282.99,280.32,282.96,255.447,+0.87%,71169717
2019-06-06,283.29,285.55,282.57,284.80,257.108,+0.65%,69430381
2019-06-07,285.93,288.85,285.74,287.65,259.681,+1.00%,74272199
2019-06-10,289.37,290.82,288.87,288.97,260.872,+0.46%,60799053
2019-06-11,290.99,291.40,288.18,288.90,260.809,-0.02%,58641325
2019-06-12,288.64,289.26,287.82,288.39,260.349,-0.18%,47096312
2019-06-13,289.40,289.98,288.62,289.58,261.423,+0.41%,48945156
2019-06-14,289.26,289.93,288.41,289.26,261.134,-0.11%,52324716
2019-06-17,289.52,290.22,289.18,289.37,261.233,+0.04%,39205709
2019-06-18,291.39,293.57,290.99,292.40,263.969,+1.05%,85434823
2019-06-19,292.55,293.65,291.47,293.06,264.565,+0.23%,78674377
2019-06-20,296.04,296.31,293.13,295.86,267.092,+0.96%,116570017
2019-06-21,294.13,295.52,293.76,294.00,266.706,-0.63%,83309466
2019-06-24,294.23,294.58,293.47,293.64,266.379,-0.12%,47582730
2019-06-25,293.70,293.73,290.64,290.76,263.766,-0.98%,82028656
2019-06-26,291.75,292.31,290.35,290.47,263.503,-0.10%,51584902
2019-06-27,291.31,292.06,290.89,291.50,264.438,+0.35%,40355239
2019-06-28,292.58,293.55,292.01,293.00,265.798,+0.51%,59350929
2019-07-01,296.68,296.92,294.33,295.66,268.211,+0.91%,79107474
2019-07-02,295.61,296.49,294.68,296.43,268.910,+0.26%,61504544
2019-07-03,297.18,298.82,297.02,298.80,271.060,+0.80%,40898896
2019-07-05,297.44,298.64,296.01,298.46,270.752,-0.11%,51677326
2019-07-08,297.01,298.26,296.22,296.82,269.264,-0.55%,45841772
2019-07-09,295.54,297.52,295.48,297.19,269.599,+0.12%,41101279
2019-07-10,298.37,299.66,297.78,298.61,270.888,+0.48%,58595558
2019-07-11,299.32,299.58,298.20,299.31,271.523,+0.23%,50889481
2019-07-12,299.85,300.73,299.51,300.65,272.738,+0.45%,40354410
2019-07-15,301.13,301.13,300.19,300.75,272.829,+0.03%,33910261
2019-07-16,300.65,300.88,299.44,299.78,271.949,-0.32%,40567964
2019-07-17,299.75,299.93,297.74,297.74,270.098,-0.68%,44102443
2019-07-18,297.19,299.25,296.70,298.83,271.087,+0.37%,51701687
2019-07-19,300.04,300.07,296.98,297.17,269.581,-0.56%,71081238
2019-07-22,297.61,298.50,297.04,297.90,270.244,+0.25%,43687404
2019-07-23,299.14,300.03,298.22,300.03,272.176,+0.72%,44657973
2019-07-24,299.19,301.44,299.09,301.44,273.455,+0.47%,47213232
2019-07-25,300.94,301.00,299.11,300.00,272.149,-0.48%,55394074
2019-07-26,300.76,302.23,300.62,302.01,273.972,+0.67%,45084077
2019-07-29,301.88,302.01,300.85,301.46,273.473,-0.18%,38126462
2019-07-30,299.91,301.17,299.49,300.72,272.802,-0.25%,45849045
2019-07-31,300.99,301.20,295.20,297.43,269.817,-1.09%,104245162
2019-08-01,297.60,300.87,293.96,294.84,267.468,-0.87%,142646576
2019-08-02,293.85,294.12,290.90,292.62,265.454,-0.75%,116749695
2019-08-05,288.09,288.21,281.72,283.82,257.471,-3.01%,178745449
2019-08-06,285.91,288.04,284.28,287.80,261.081,+1.40%,120711682
2019-08-07,284.40,288.82,282.04,287.97,261.235,+0.06%,140572265
2019-08-08,289.62,293.62,289.01,293.62,266.361,+1.96%,87713904
2019-08-09,292.58,293.24,289.65,291.62,264.547,-0.68%,93729958
2019-08-12,289.96,291.61,287.02,288.07,261.326,-1.22%,62629500
2019-08-13,287.74,294.15,287.36,292.55,265.390,+1.56%,94792972
2019-08-14,288.07,288.74,283.76,283.90,257.543,-2.96%,135622053
2019-08-15,284.88,285.64,282.39,284.65,258.224,+0.26%,101929845
2019-08-16,286.48,289.33,284.71,288.85,262.034,+1.48%,85825286
2019-08-19,292.19,293.08,291.44,292.33,265.191,+1.20%,53640153
2019-08-20,291.77,292.36,289.95,290.09,263.159,-0.77%,51652752
2019-08-21,292.48,292.86,291.72,292.45,265.300,+0.81%,49723430
2019-08-22,293.23,293.93,290.40,292.36,265.218,-0.03%,51739292
2019-08-23,290.92,292.76,283.47,284.85,258.405,-2.57%,149318151
2019-08-26,287.27,288.00,285.58,288.00,261.263,+1.11%,72620598
2019-08-27,289.54,289.95,286.03,286.87,260.238,-0.39%,68262998
2019-08-28,286.14,289.07,285.25,288.89,262.070,+0.70%,58891544
2019-08-29,291.72,293.16,290.61,292.58,265.417,+1.28%,57998913
2019-08-30,294.22,294.24,291.42,292.45,265.300,-0.04%,62831109
2019-09-03,290.57,291.58,289.27,290.74,263.748,-0.58%,69078772
2019-09-04,293.14,294.06,292.31,294.04,266.742,+1.14%,46813644
2019-09-05,296.79,298.83,294.00,297.82,270.171,+1.29%,83197295
2019-09-06,298.17,298.76,297.42,298.05,270.380,+0.08%,49510922
2019-09-09,299.14,299.24,297.16,298.20,270.516,+0.05%,51086154
2019-09-10,297.36,298.20,295.97,298.13,270.452,-0.02%,57698673
2019-09-11,298.47,300.34,297.75,300.25,272.375,+0.71%,68008165
2019-09-12,301.25,302.46,300.41,301.29,273.319,+0.35%,72546530
2019-09-13,301.78,302.17,300.68,301.09,273.137,-0.07%,62053458
2019-09-16,299.84,301.14,299.45,300.16,272.294,-0.31%,57934320
2019-09-17,299.94,301.02,299.75,300.92,272.983,+0.25%,42770135
2019-09-18,300.49,301.22,298.24,301.10,273.146,+0.06%,73875018
2019-09-19,301.53,302.63,300.71,301.08,273.128,-0.01%,77933334
2019-09-20,300.36,300.67,297.41,298.28,271.843,-0.93%,96939851
2019-09-23,297.55,299.00,297.27,298.21,271.780,-0.02%,47134009
2019-09-24,299.41,299.84,294.81,295.87,269.647,-0.78%,97160127
2019-09-25,295.96,298.11,294.33,297.62,271.242,+0.59%,73267803
2019-09-26,297.63,297.86,295.45,297.00,270.677,-0.21%,58594707
2019-09-27,297.83,297.95,293.69,295.40,269.219,-0.54%,84755721
2019-09-30,295.97,297.55,295.92,296.77,270.467,+0.46%,52438861
2019-10-01,297.74,298.46,293.00,293.24,267.250,-1.19%,89425082
2019-10-02,291.50,291.51,286.64,288.06,262.529,-1.77%,124208927
2019-10-03,287.81,290.45,284.82,290.42,264.680,+0.82%,85718095
2019-10-04,291.14,294.63,291.08,294.35,268.262,+1.35%,66737063
2019-10-07,293.47,295.26,292.77,293.08,267.104,-0.43%,60549809
2019-10-08,291.04,291.85,288.49,288.53,262.958,-1.55%,101367099
2019-10-09,290.75,292.30,290.06,291.27,265.455,+0.95%,64341784
2019-10-10,291.18,294.21,291.00,293.24,267.250,+0.68%,54459839
2019-10-11,296.27,298.74,296.14,296.28,270.021,+1.04%,101099695
2019-10-14,295.93,296.67,295.57,295.95,269.720,-0.11%,40467320
2019-10-15,297.10,299.70,296.97,298.88,272.390,+0.99%,48123837
2019-10-16,298.37,299.16,297.92,298.40,271.953,-0.16%,50293197
2019-10-17,299.68,300.24,298.52,299.28,272.755,+0.29%,46676445
2019-10-18,298.69,299.40,297.03,297.97,271.561,-0.44%,64293228
2019-10-21,299.42,300.21,298.94,299.99,273.402,+0.68%,39388285
2019-10-22,300.58,300.90,298.91,299.01,272.509,-0.33%,49028214
2019-10-23,298.73,299.94,298.50,299.88,273.302,+0.29%,34857719
2019-10-24,300.91,301.07,299.46,300.37,273.748,+0.16%,35688865
2019-10-25,299.74,302.20,299.68,301.60,274.869,+0.41%,45145150
2019-10-28,302.94,303.85,302.91,303.30,276.419,+0.56%,40174540
2019-10-29,303.00,304.23,302.86,303.21,276.336,-0.03%,44201626
2019-10-30,303.43,304.55,301.99,304.14,277.184,+0.31%,49542312
2019-10-31,304.13,304.13,301.73,303.33,276.446,-0.27%,68955393
2019-11-01,304.92,306.19,304.74,306.14,279.007,+0.93%,71071915
2019-11-04,307.85,308.00,306.96,307.37,280.128,+0.40%,60270655
2019-11-05,307.59,307.92,306.71,307.03,279.818,-0.11%,42809998
2019-11-06,307.03,307.40,306.06,307.10,279.882,+0.02%,46402927
2019-11-07,308.57,309.65,307.66,308.18,280.866,+0.35%,53823043
2019-11-08,307.80,309.00,307.03,308.94,281.559,+0.25%,49019213
2019-11-11,307.42,308.54,307.27,308.35,281.021,-0.19%,35775777
2019-11-12,308.75,309.99,308.15,309.00,281.613,+0.21%,46141997
2019-11-13,307.91,309.54,307.66,309.10,281.704,+0.03%,54261698
2019-11-14,308.79,309.64,308.09,309.55,282.115,+0.15%,51148052
2019-11-15,311.02,311.84,310.26,311.79,284.156,+0.72%,61990853
2019-11-18,311.53,312.28,311.03,312.02,284.366,+0.07%,49285964
2019-11-19,312.68,312.69,311.22,311.93,284.284,-0.03%,67663099
2019-11-20,311.28,311.85,309.06,310.77,283.226,-0.37%,79200298
2019-11-21,310.89,311.01,309.39,310.27,282.771,-0.16%,54403450
2019-11-22,311.09,311.24,309.85,310.96,283.400,+0.22%,44803329
2019-11-25,311.98,313.37,311.98,313.37,285.596,+0.78%,48606151
2019-11-26,313.41,314.28,313.06,314.08,286.243,+0.23%,37515200
2019-11-27,314.61,315.48,314.37,315.48,287.519,+0.45%,44260649
2019-11-29,314.86,315.13,314.06,314.31,286.453,-0.37%,36592740
2019-12-02,314.59,314.66,311.17,311.64,284.019,-0.85%,75719967
2019-12-03,308.65,309.64,307.13,309.55,282.115,-0.67%,74784721
2019-12-04,310.70,312.12,310.32,311.46,283.855,+0.62%,49007961
2019-12-05,312.23,312.25,310.58,312.02,284.366,+0.18%,40657041
2019-12-06,314.12,315.31,314.11,314.87,286.963,+0.91%,48926121
2019-12-09,314.44,315.18,313.80,313.88,286.061,-0.31%,34788380
2019-12-10,313.82,314.55,312.81,313.53,285.742,-0.11%,52609340
2019-12-11,314.03,314.70,313.44,314.42,286.553,+0.28%,46889653
2019-12-12,314.43,317.99,314.17,317.13,289.023,+0.86%,96035635
2019-12-13,316.87,318.67,316.02,317.32,289.196,+0.06%,81489263
2019-12-16,319.22,320.15,317.25,319.50,291.183,+0.69%,82723814
2019-12-17,319.92,320.25,319.48,319.57,291.246,+0.02%,61062693
2019-12-18,320.00,320.25,319.53,319.59,291.265,+0.01%,48721894
2019-12-19,319.80,320.98,319.52,320.90,292.459,+0.41%,85248597
2019-12-20,320.46,321.97,319.39,320.73,293.735,-0.05%,149214080
2019-12-23,321.59,321.65,321.06,321.22,294.183,+0.15%,52980805
2019-12-24,321.47,321.52,320.90,321.23,294.192,+0.00%,20270007
2019-12-26,321.65,322.95,321.64,322.94,295.759,+0.53%,30854382
2019-12-27,323.74,323.80,322.28,322.86,295.685,-0.02%,42523486
2019-12-30,322.95,323.10,320.55,321.08,294.055,-0.55%,49652827
2019-12-31,320.53,322.13,320.15,321.86,294.769,+0.24%,57059907
2020-01-02,323.54,324.89,322.53,324.87,297.526,+0.94%,59037072
2020-01-03,321.16,323.64,321.10,322.41,295.273,-0.76%,77708081
2020-01-06,320.49,323.73,320.36,323.64,296.400,+0.38%,55596982
2020-01-07,323.02,323.54,322.24,322.73,295.566,-0.28%,40461249
2020-01-08,322.94,325.78,322.67,324.45,297.141,+0.53%,68177241
2020-01-09,326.16,326.73,325.52,326.65,299.156,+0.68%,48421935
2020-01-10,327.29,327.46,325.20,325.71,298.295,-0.29%,53028660
2020-01-13,326.39,327.96,325.92,327.95,300.347,+0.69%,47026115
2020-01-14,327.47,328.62,326.84,327.45,299.889,-0.15%,62784185
2020-01-15,327.35,329.02,327.26,328.19,300.567,+0.23%,71870739
2020-01-16,329.70,330.92,329.45,330.92,303.067,+0.83%,53788867
2020-01-17,331.70,332.18,330.85,331.95,304.010,+0.31%,95778839
2020-01-21,330.90,332.18,330.82,331.30,303.415,-0.20%,77624157
2020-01-22,332.24,332.95,331.17,331.34,303.451,+0.01%,48705035
2020-01-23,330.63,332.17,329.41,331.72,303.800,+0.11%,51828259
2020-01-24,332.44,332.53,327.36,328.77,301.098,-0.89%,87465785
2020-01-27,323.03,325.12,322.66,323.50,296.271,-1.60%,83797934
2020-01-28,325.06,327.85,323.60,326.89,299.376,+1.05%,63519891
2020-01-29,328.38,328.63,326.40,326.62,299.129,-0.08%,53714641
2020-01-30,324.36,327.91,323.54,327.68,300.100,+0.32%,75184385
2020-01-31,327.00,327.17,320.73,321.73,294.650,-1.82%,113659402
2020-02-03,323.35,326.16,323.22,324.12,296.839,+0.74%,68931216
2020-02-04,328.07,330.01,327.72,329.06,301.363,+1.52%,61704740
2020-02-05,332.27,333.09,330.67,332.86,304.844,+1.15%,64864742
2020-02-06,333.91,334.19,332.80,333.98,305.869,+0.34%,49982975
2020-02-07,332.82,333.99,331.60,332.20,304.239,-0.53%,64074382
2020-02-10,331.23,334.75,331.19,334.68,306.510,+0.75%,41779456
2020-02-11,336.16,337.02,334.68,335.26,307.042,+0.17%,54773045
2020-02-12,336.83,337.65,336.43,337.42,309.020,+0.64%,42844434
2020-02-13,335.86,338.12,335.56,337.06,308.690,-0.11%,54038002
2020-02-14,337.51,337.73,336.20,337.60,309.185,+0.16%,64518123
2020-02-18,336.51,337.67,335.21,336.73,308.388,-0.26%,57195407
2020-02-19,337.79,339.08,337.48,338.34,309.862,+0.48%,48587393
2020-02-20,337.74,338.64,333.68,336.95,308.589,-0.41%,73891268
2020-02-21,335.47,335.81,332.58,333.48,305.411,-1.03%,113656552
2020-02-24,323.14,333.56,321.24,322.42,295.282,-3.32%,160991237
2020-02-25,323.94,324.61,311.69,312.65,286.335,-3.03%,217564684
2020-02-26,314.18,318.11,310.70,311.50,285.281,-0.37%,192818004
2020-02-27,305.46,311.56,297.51,297.51,272.469,-4.49%,282544492
2020-02-28,288.70,297.89,285.54,296.26,271.324,-0.42%,384911854
2020-03-02,298.21,309.16,294.46,309.09,283.074,+4.33%,237377617
2020-03-03,309.50,313.84,297.57,300.24,274.969,-2.86%,298851919
2020-03-04,306.12,313.10,303.33,312.86,286.527,+4.20%,175893889
2020-03-05,304.98,308.47,300.01,302.46,277.002,-3.32%,185533970
2020-03-06,293.15,298.78,290.23,297.46,272.423,-1.65%,228315219
2020-03-09,275.30,284.19,273.45,274.23,251.148,-7.81%,305980554
2020-03-10,284.64,288.52,273.50,288.42,264.144,+5.17%,274894230
2020-03-11,280.70,281.94,270.88,274.36,251.267,-4.87%,254604444
2020-03-12,256.00,266.66,247.68,248.11,227.227,-9.57%,389612072
2020-03-13,263.09,271.48,248.52,269.32,246.652,+8.55%,326142197
2020-03-16,241.18,256.90,237.36,239.85,219.662,-10.94%,295019288
2020-03-17,245.04,256.17,237.07,252.80,231.522,+5.40%,260566279
2020-03-18,236.25,248.37,228.02,240.00,219.799,-5.06%,324845381
2020-03-19,239.25,247.38,232.22,240.51,220.267,+0.21%,288124389
2020-03-20,242.53,244.47,228.50,228.80,210.829,-4.87%,344276957
2020-03-23,228.19,229.68,218.26,222.95,205.439,-2.56%,323100167
2020-03-24,234.42,244.10,233.80,243.15,224.052,+9.06%,233038623
2020-03-25,244.87,256.35,239.75,246.79,227.406,+1.50%,297989659
2020-03-26,249.52,262.80,249.05,261.20,240.685,+5.84%,256107410
2020-03-27,253.27,260.81,251.05,253.42,233.516,-2.98%,223871285
2020-03-30,255.70,262.43,253.53,261.65,241.099,+3.25%,171274407
2020-03-31,260.56,263.33,256.22,257.75,237.506,-1.49%,193290928
2020-04-01,247.98,257.66,243.90,246.15,226.817,-4.50%,188373330
2020-04-02,245.19,252.68,244.59,251.83,232.051,+2.31%,176669824
2020-04-03,250.76,253.32,245.22,248.19,228.696,-1.45%,134538553
2020-04-06,257.84,267.00,248.17,264.86,244.057,+6.72%,186692564
2020-04-07,274.21,275.03,264.89,265.13,244.306,+0.10%,199187791
2020-04-08,267.96,276.00,265.25,274.03,252.507,+3.36%,152670223
2020-04-09,277.58,281.20,275.47,278.20,256.349,+1.52%,189948139
2020-04-13,277.14,277.51,271.41,275.66,254.009,-0.91%,114353986
2020-04-14,280.98,284.90,275.51,283.79,261.500,+2.95%,133510280
2020-04-15,277.57,283.94,275.46,277.76,255.944,-2.12%,121155983
2020-04-16,279.15,280.03,275.76,279.10,257.179,+0.48%,126144324
2020-04-17,285.38,287.30,282.40,286.64,264.127,+2.70%,146455688
2020-04-20,282.61,286.79,281.35,281.59,259.473,-1.76%,99323028
2020-04-21,276.73,278.04,272.02,273.04,251.595,-3.04%,125772551
2020-04-22,278.35,281.00,276.91,279.10,257.179,+2.22%,92831657
2020-04-23,280.49,283.94,278.75,279.08,257.160,-0.01%,103685412
2020-04-24,280.73,283.70,278.50,282.97,260.745,+1.39%,85042563
2020-04-27,285.12,288.27,284.62,287.05,264.504,+1.44%,77516422
2020-04-28,291.02,291.40,285.40,285.73,263.288,-0.46%,104797847
2020-04-29,291.53,294.88,290.41,293.21,270.180,+2.62%,118066585
2020-04-30,291.71,293.32,288.59,290.48,267.665,-0.93%,121537052
2020-05-01,285.31,290.66,281.52,282.79,260.579,-2.65%,125045778
2020-05-04,280.74,283.90,279.13,283.57,261.298,+0.28%,80462952
2020-05-05,286.64,289.25,283.71,286.19,263.712,+0.92%,79199214
2020-05-06,288.04,288.46,283.78,284.25,261.924,-0.68%,72980387
2020-05-07,287.75,289.78,287.13,287.68,265.085,+1.21%,74788296
2020-05-08,291.09,292.95,289.86,292.44,269.471,+1.65%,76446082
2020-05-11,290.34,294.00,289.88,292.50,269.526,+0.02%,78982891
2020-05-12,293.79,294.24,286.52,286.67,264.154,-1.99%,94484342
2020-05-13,286.06,287.19,278.96,281.60,259.482,-1.77%,144035915
2020-05-14,278.95,285.11,272.99,284.97,262.588,+1.20%,121473094
2020-05-15,282.37,286.33,281.34,286.28,263.795,+0.46%,111015834
2020-05-18,293.05,296.75,292.70,295.00,271.830,+3.05%,119719465
2020-05-19,294.35,296.21,291.95,291.97,269.038,-1.03%,94317356
2020-05-20,295.82,297.87,295.57,296.93,273.608,+1.70%,85279592
2020-05-21,296.79,297.67,293.69,294.88,271.719,-0.69%,77863922
2020-05-22,294.57,295.63,293.22,295.44,272.235,+0.19%,63697627
2020-05-26,301.93,302.19,295.46,299.08,275.589,+1.23%,88604807
2020-05-27,302.12,303.57,296.87,303.53,279.690,+1.49%,104086252
2020-05-28,304.65,306.84,302.24,302.97,279.174,-0.18%,90232213
2020-05-29,302.46,304.96,299.47,304.32,280.418,+0.45%,119067393
2020-06-01,303.62,306.21,303.06,305.55,281.551,+0.40%,55696013
2020-06-02,306.55,308.13,305.10,308.08,283.883,+0.83%,73635043
2020-06-03,310.24,313.22,309.94,312.18,287.661,+1.33%,91750087
2020-06-04,311.11,313.00,309.08,311.36,286.905,-0.26%,75471787
2020-06-05,317.23,321.27,317.16,319.34,294.258,+2.56%,150302461
2020-06-08,320.22,323.41,319.63,323.20,297.815,+1.21%,73310274
2020-06-09,320.30,323.28,319.36,320.79,295.594,-0.75%,77174695
2020-06-10,321.42,322.39,318.22,319.00,293.945,-0.56%,93944722
2020-06-11,311.46,312.15,300.01,300.61,276.999,-5.76%,208285190
2020-06-12,308.24,309.08,298.60,304.21,280.317,+1.20%,194450402
2020-06-15,298.02,308.28,296.74,307.05,282.933,+0.93%,134968796
2020-06-16,315.48,315.64,307.67,312.96,288.379,+1.92%,137048347
2020-06-17,314.07,314.39,310.86,311.66,287.181,-0.42%,82814592
2020-06-18,310.01,312.30,309.51,311.78,287.292,+0.04%,80355844
2020-06-19,314.17,314.38,306.53,308.64,285.658,-1.01%,135211345
2020-06-22,307.99,311.05,306.75,310.62,287.490,+0.64%,74007212
2020-06-23,313.49,314.50,311.61,312.05,288.814,+0.46%,68066900
2020-06-24,309.84,310.51,302.10,304.09,281.446,-2.55%,132067392
2020-06-25,303.47,307.64,301.28,307.35,284.464,+1.07%,88966079
2020-06-26,306.16,306.39,299.42,300.05,277.707,-2.38%,127811745
2020-06-29,301.41,304.61,298.93,304.46,281.789,+1.47%,79773260
2020-06-30,303.99,310.20,303.82,308.36,285.398,+1.28%,112828251
2020-07-01,309.57,311.89,309.07,310.52,287.398,+0.70%,71910372
2020-07-02,314.24,315.70,311.51,312.23,288.980,+0.55%,69214995
2020-07-06,316.37,317.68,315.56,317.05,293.441,+1.54%,61149258
2020-07-07,315.38,317.52,313.37,313.78,290.415,-1.03%,82583406
2020-07-08,314.61,316.30,312.70,316.18,292.636,+0.76%,54202602
2020-07-09,316.84,317.10,310.68,314.38,290.970,-0.57%,83079092
2020-07-10,314.31,317.88,312.76,317.59,293.941,+1.02%,57454436
2020-07-13,320.13,322.71,314.13,314.84,291.396,-0.87%,102549097
2020-07-14,313.30,319.76,312.00,318.92,295.172,+1.30%,92791839
2020-07-15,322.41,323.04,319.27,321.85,297.884,+0.92%,86921534
2020-07-16,319.79,321.28,319.09,320.79,296.903,-0.33%,54433414
2020-07-17,321.88,322.57,319.74,321.72,297.764,+0.29%,64421802
2020-07-20,321.43,325.13,320.62,324.32,300.170,+0.81%,56150230
2020-07-21,326.45,326.93,323.94,325.01,300.809,+0.21%,57245315
2020-07-22,324.62,327.20,324.50,326.86,302.521,+0.57%,57792915
2020-07-23,326.47,327.23,321.48,322.96,298.911,-1.19%,75737989
2020-07-24,320.95,321.99,319.25,320.88,296.986,-0.64%,73766597
2020-07-27,321.63,323.41,320.77,323.22,299.152,+0.73%,48292970
2020-07-28,322.43,323.64,320.85,321.17,297.254,-0.63%,57494979
2020-07-29,322.12,325.73,322.07,325.12,300.910,+1.23%,48454159
2020-07-30,321.90,324.41,319.64,323.96,299.837,-0.36%,61861714
2020-07-31,325.90,326.63,321.33,326.52,302.206,+0.79%,85210755
2020-08-03,328.32,329.62,327.73,328.79,304.307,+0.70%,53077948
2020-08-04,327.86,330.06,327.86,330.06,305.482,+0.39%,41917893
2020-08-05,331.47,332.39,331.18,332.11,307.380,+0.62%,42866354
2020-08-06,331.48,334.46,331.13,334.33,309.435,+0.67%,43679447
2020-08-07,333.28,334.88,332.30,334.57,309.657,+0.07%,57308270
2020-08-10,335.06,335.77,332.95,335.57,310.582,+0.30%,44282089
2020-08-11,336.85,337.54,332.01,332.80,308.018,-0.83%,69601087
2020-08-12,335.44,338.28,332.84,337.44,312.313,+1.39%,53826128
2020-08-13,336.61,338.25,335.83,336.83,311.748,-0.18%,41816146
2020-08-14,336.41,337.42,335.62,336.84,311.758,+0.00%,47260390
2020-08-17,337.94,338.34,336.85,337.91,312.748,+0.32%,34496002
2020-08-18,338.34,339.10,336.61,338.64,313.424,+0.22%,38733908
2020-08-19,339.05,339.61,336.62,337.23,312.119,-0.42%,68054244
2020-08-20,335.36,338.80,335.22,338.28,313.090,+0.31%,42207826
2020-08-21,337.92,339.72,337.55,339.48,314.201,+0.35%,55106628
2020-08-24,342.12,343.00,339.45,342.92,317.385,+1.01%,48588662
2020-08-25,343.53,344.21,342.27,344.12,318.496,+0.35%,38463381
2020-08-26,344.76,347.86,344.17,347.57,321.689,+1.00%,50790237
2020-08-27,348.51,349.90,346.53,348.33,322.392,+0.22%,58034142
2020-08-28,349.44,350.72,348.15,350.58,324.474,+0.65%,48588940
2020-08-31,350.35,351.30,349.06,349.31,323.299,-0.36%,66099183
2020-09-01,350.21,352.71,349.24,352.60,326.344,+0.94%,54999325
2020-09-02,354.67,358.75,353.43,357.70,331.064,+1.45%,69540035
2020-09-03,355.87,356.38,342.59,345.39,319.671,-3.44%,148011129
2020-09-04,346.13,347.83,334.87,342.57,317.061,-0.82%,139156281
2020-09-08,336.71,342.64,332.88,333.21,308.398,-2.73%,114465322
2020-09-09,337.55,342.46,336.61,339.79,314.488,+1.97%,91462290
2020-09-10,341.82,342.53,332.85,333.89,309.027,-1.74%,90569548
2020-09-11,335.82,336.97,331.00,334.06,309.185,+0.05%,84680194
2020-09-14,337.49,340.38,334.22,338.46,313.257,+1.32%,65605686
2020-09-15,341.12,342.02,338.47,340.17,314.840,+0.51%,52920862
2020-09-16,341.51,343.06,338.52,338.82,313.590,-0.40%,82211256
2020-09-17,333.56,337.70,332.99,335.84,310.832,-0.88%,91523339
2020-09-18,335.37,335.49,327.97,330.65,307.268,-1.55%,105877942
2020-09-21,325.70,327.13,321.73,326.97,303.848,-1.11%,99450829
2020-09-22,328.57,330.90,325.86,330.30,306.943,+1.02%,63612107
2020-09-23,330.90,331.20,322.10,322.64,299.824,-2.32%,93112240
2020-09-24,321.22,326.80,319.80,323.50,300.624,+0.27%,76681332
2020-09-25,322.58,329.58,321.64,328.73,305.484,+1.62%,71069426
2020-09-28,333.22,334.96,332.15,334.19,310.558,+1.66%,64584614
2020-09-29,333.97,334.77,331.62,332.37,308.866,-0.54%,51531594
2020-09-30,333.09,338.29,332.88,334.89,311.208,+0.76%,104081136
2020-10-01,337.69,338.74,335.01,337.04,313.206,+0.64%,88698745
2020-10-02,331.70,337.01,331.19,333.84,310.232,-0.95%,89431112
2020-10-05,336.06,339.96,336.01,339.76,315.734,+1.77%,45713108
2020-10-06,339.91,342.17,334.38,334.93,311.245,-1.42%,90128883
2020-10-07,338.12,341.63,338.09,340.76,316.663,+1.74%,56999597
2020-10-08,342.85,343.85,341.86,343.78,319.470,+0.89%,45242476
2020-10-09,345.56,347.35,344.89,346.85,322.322,+0.89%,59528606
2020-10-12,349.59,354.02,349.06,352.43,327.508,+1.61%,80388533
2020-10-13,352.28,352.46,349.09,350.13,325.371,-0.65%,73255513
2020-10-14,350.75,351.93,347.14,347.93,323.326,-0.63%,57958749
2020-10-15,343.71,348.02,343.13,347.50,322.927,-0.12%,60357659
2020-10-16,348.96,350.75,347.10,347.29,322.731,-0.06%,89501868
2020-10-19,348.65,349.33,341.04,342.01,317.825,-1.52%,68425614
2020-10-20,343.46,346.88,342.64,343.38,319.098,+0.40%,60051880
2020-10-21,343.33,348.69,342.40,342.73,318.494,-0.19%,63574979
2020-10-22,342.96,345.24,340.65,344.61,320.241,+0.55%,55399292
2020-10-23,345.93,345.99,343.13,345.78,321.328,+0.34%,49143931
2020-10-26,342.13,342.98,335.62,339.39,315.390,-1.85%,91473002
2020-10-27,339.76,340.12,337.99,338.22,314.303,-0.34%,65994108
2020-10-28,332.10,338.25,326.13,326.66,303.560,-3.42%,127094307
2020-10-29,326.91,333.39,325.09,329.98,306.645,+1.02%,90597689
2020-10-30,328.28,329.69,322.60,326.54,303.449,-1.04%,120448685
2020-11-02,330.20,332.36,327.24,330.20,306.850,+1.12%,86068299
2020-11-03,333.69,338.25,330.29,336.03,312.268,+1.77%,93294192
2020-11-04,340.86,347.94,339.59,343.54,319.247,+2.23%,126959700
2020-11-05,349.24,352.19,348.86,350.24,325.473,+1.95%,82039749
2020-11-06,349.93,351.51,347.65,350.16,325.398,-0.02%,74972973
2020-11-09,363.97,364.38,354.06,354.56,329.487,+1.26%,172304203
2020-11-10,353.49,355.18,350.51,354.04,329.004,-0.15%,85552022
2020-11-11,356.40,357.56,355.06,356.67,331.448,+0.74%,58649048
2020-11-12,355.58,356.72,351.26,353.21,328.233,-0.97%,68118563
2020-11-13,355.27,358.90,354.71,358.10,332.777,+1.38%,62959429
2020-11-16,360.98,362.78,359.59,362.57,336.931,+1.25%,74541138
2020-11-17,359.97,361.92,358.34,360.62,335.119,-0.54%,66111009
2020-11-18,360.91,361.50,356.24,356.28,331.086,-1.20%,70591299
2020-11-19,355.60,358.18,354.15,357.78,332.480,+0.42%,59940947
2020-11-20,357.50,357.72,355.25,355.33,330.203,-0.68%,70411890
2020-11-23,357.28,358.82,354.87,357.46,332.182,+0.60%,63230608
2020-11-24,360.21,363.81,359.29,363.22,337.535,+1.61%,60985003
2020-11-25,363.13,363.16,361.48,362.66,337.014,-0.15%,45330890
2020-11-27,363.84,364.18,362.58,363.67,337.953,+0.28%,28514072
2020-11-30,362.83,363.12,359.17,362.06,336.457,-0.44%,83872709
2020-12-01,365.57,367.68,364.93,366.02,340.137,+1.09%,72509670
2020-12-02,364.82,366.96,364.20,366.79,340.852,+0.21%,45927000
2020-12-03,366.68,368.19,365.50,366.69,340.759,-0.03%,62881998
2020-12-04,367.32,369.85,367.22,369.85,343.696,+0.86%,50749859
2020-12-07,369.02,369.62,367.72,369.09,342.990,-0.21%,48944269
2020-12-08,367.72,370.78,367.67,370.17,343.993,+0.29%,42458859
2020-12-09,370.88,371.05,365.95,366.85,340.908,-0.90%,74098312
2020-12-10,365.37,367.86,364.43,366.73,340.797,-0.03%,57735353
2020-12-11,364.90,366.74,363.26,366.30,340.397,-0.12%,57698614
2020-12-14,368.64,369.80,364.47,364.66,338.873,-0.45%,69216174
2020-12-15,367.40,369.59,365.92,369.59,343.454,+1.35%,64071099
2020-12-16,369.82,371.16,368.87,370.17,343.993,+0.16%,58420517
2020-12-17,371.94,372.46,371.05,372.24,345.917,+0.56%,64119472
2020-12-18,370.97,371.15,367.02,369.18,344.542,-0.82%,136542328
2020-12-21,364.97,378.46,362.03,367.86,343.310,-0.36%,96386745
2020-12-22,368.21,368.33,366.03,367.24,342.731,-0.17%,48388462
2020-12-23,368.28,369.62,367.22,367.57,343.039,+0.09%,46201402
2020-12-24,368.08,369.03,367.45,369.00,344.374,+0.39%,26457853
2020-12-28,371.74,372.59,371.07,372.17,347.332,+0.86%,37932709
2020-12-29,373.81,374.00,370.83,371.46,346.670,-0.19%,53680451
2020-12-30,372.34,373.10,371.57,371.99,347.164,+0.14%,49455259
2020-12-31,371.78,374.66,371.23,373.88,348.928,+0.51%,78520702
2021-01-04,375.31,375.45,364.82,368.79,344.178,-1.36%,110210810
2021-01-05,368.10,372.50,368.05,371.33,346.548,+0.69%,66426229
2021-01-06,369.71,376.98,369.12,373.55,348.620,+0.60%,107997675
2021-01-07,376.10,379.90,375.91,379.10,353.800,+1.49%,68766812
2021-01-08,380.59,381.49,377.10,381.26,355.815,+0.57%,71677208
2021-01-11,377.85,380.58,377.72,378.69,353.417,-0.67%,51176719
2021-01-12,378.89,379.86,376.36,378.77,353.492,+0.02%,51440114
2021-01-13,378.69,380.86,377.85,379.79,354.444,+0.27%,45303619
2021-01-14,380.59,381.13,378.10,378.46,353.202,-0.35%,49989113
2021-01-15,376.72,377.58,373.70,375.70,350.627,-0.73%,107159962
2021-01-19,378.34,379.23,376.75,378.65,353.380,+0.79%,51233300
2021-01-20,381.11,384.79,380.69,383.89,358.270,+1.38%,61836062
2021-01-21,384.49,384.95,383.25,384.24,358.597,+0.09%,47955809
2021-01-22,382.25,384.13,381.83,382.88,357.327,-0.35%,52136931
2021-01-25,383.67,384.77,378.46,384.39,358.737,+0.39%,70401971
2021-01-26,385.41,385.85,383.54,383.79,358.177,-0.16%,42665281
2021-01-27,380.22,380.32,372.01,374.41,349.423,-2.44%,123351078
2021-01-28,376.36,381.93,375.89,377.63,352.428,+0.86%,94198104
2021-01-29,375.63,376.67,368.27,370.07,345.372,-2.00%,126765121
2021-02-01,373.72,377.34,370.38,376.23,351.121,+1.66%,75817597
2021-02-02,379.65,383.22,376.32,381.55,356.086,+1.41%,62923781
2021-02-03,382.44,383.70,380.48,381.85,356.366,+0.08%,52427090
2021-02-04,382.96,386.24,381.97,386.19,360.416,+1.14%,47142555
2021-02-05,388.20,388.47,386.14,387.71,361.835,+0.39%,48669773
2021-02-08,389.27,390.56,388.35,390.51,364.448,+0.72%,38365185
2021-02-09,389.61,390.89,389.17,390.25,364.206,-0.07%,34142633
2021-02-10,392.12,392.28,387.50,390.08,364.047,-0.04%,58362935
2021-02-11,391.24,391.69,388.10,390.71,364.635,+0.16%,42913288
2021-02-12,389.85,392.90,389.77,392.64,366.436,+0.49%,50593270
2021-02-16,393.96,394.17,391.53,392.30,366.119,-0.09%,50972366
2021-02-17,390.42,392.66,389.33,392.39,366.203,+0.02%,51746878
2021-02-18,389.59,391.51,387.74,390.72,364.644,-0.43%,59712773
2021-02-19,392.07,392.38,389.55,390.03,364.000,-0.18%,83240971
2021-02-22,387.06,389.62,386.74,387.03,361.200,-0.77%,66517089
2021-02-23,384.66,388.94,380.20,387.50,361.639,+0.12%,107284127
2021-02-24,386.33,392.23,385.27,391.77,365.624,+1.10%,72433946
2021-02-25,390.41,391.88,380.78,382.33,356.814,-2.41%,144712701
2021-02-26,384.35,385.58,378.23,380.36,354.976,-0.52%,149530614
2021-03-01,385.59,390.92,380.57,389.58,363.580,+2.42%,105348798
2021-03-02,389.82,390.07,386.00,386.54,360.743,-0.78%,79595332
2021-03-03,385.79,386.83,381.31,381.42,355.965,-1.32%,119940211
2021-03-04,381.22,384.00,371.88,376.70,351.560,-1.24%,183433020
2021-03-05,380.46,384.76,372.64,383.63,358.027,+1.84%,152039624
2021-03-08,384.66,387.68,381.42,381.72,356.245,-0.50%,123149245
2021-03-09,385.85,389.91,381.73,387.17,361.331,+1.43%,113633556
2021-03-10,389.69,391.40,388.17,389.58,363.580,+0.62%,109899410
2021-03-11,392.23,395.65,391.74,393.53,367.267,+1.01%,86245040
2021-03-12,392.07,394.21,391.20,394.06,367.761,+0.13%,64653565
2021-03-15,394.33,396.69,392.03,396.41,369.954,+0.60%,73592302
2021-03-16,397.07,397.83,395.08,395.91,369.488,-0.13%,73722506
2021-03-17,394.53,398.12,393.30,397.26,370.748,+0.34%,97959265
2021-03-18,394.48,396.72,390.75,391.48,365.353,-1.45%,115349101
2021-03-19,389.88,391.57,387.15,389.48,364.679,-0.51%,113624490
2021-03-22,390.03,394.07,389.97,392.59,367.591,+0.80%,73778646
2021-03-23,391.91,393.46,388.66,389.50,364.698,-0.79%,90686552
2021-03-24,391.00,392.75,387.47,387.52,362.844,-0.51%,97588644
2021-03-25,385.98,390.55,383.90,389.70,364.885,+0.56%,116128622
2021-03-26,390.93,396.41,390.29,395.98,370.766,+1.61%,114409114
2021-03-29,394.40,396.75,392.81,395.78,370.578,-0.05%,108107626
2021-03-30,394.42,395.45,393.02,394.73,369.595,-0.27%,76262249
2021-03-31,395.34,398.00,395.31,396.33,371.093,+0.41%,112734214
2021-04-01,398.40,400.67,398.18,400.61,375.101,+1.08%,99682876
2021-04-05,403.46,406.94,403.38,406.36,380.485,+1.44%,91684764
2021-04-06,405.76,407.24,405.40,406.12,380.260,-0.06%,62020953
2021-04-07,405.94,406.96,405.45,406.59,380.700,+0.12%,55836280
2021-04-08,407.93,408.58,406.93,408.52,382.507,+0.47%,57863114
2021-04-09,408.39,411.67,408.26,411.49,385.288,+0.73%,61104559
2021-04-12,410.85,411.93,410.20,411.64,385.428,+0.04%,56704899
2021-04-13,411.53,413.53,411.12,412.86,386.571,+0.30%,56550988
2021-04-14,412.83,413.96,410.87,411.45,385.250,-0.34%,61659907
2021-04-15,413.74,416.16,413.69,415.87,389.389,+1.07%,60229842
2021-04-16,417.25,417.91,415.73,417.26,390.690,+0.33%,82037278
2021-04-19,416.26,416.74,413.79,415.21,388.771,-0.49%,78498496
2021-04-20,413.91,415.09,410.59,412.17,385.925,-0.73%,81851828
2021-04-21,411.51,416.29,411.36,416.07,389.576,+0.95%,66792983
2021-04-22,415.89,416.78,411.13,412.27,386.018,-0.91%,97582788
2021-04-23,412.87,418.25,412.79,416.74,390.204,+1.08%,73276195
2021-04-26,417.44,418.22,416.81,417.61,391.018,+0.21%,52182392
2021-04-27,417.93,418.14,416.30,417.52,390.934,-0.02%,51303056
2021-04-28,417.81,419.01,416.90,417.40,390.822,-0.03%,51238854
2021-04-29,420.32,420.72,416.44,420.06,393.312,+0.64%,78544329
2021-04-30,417.63,418.54,416.34,417.30,390.728,-0.66%,85527030
2021-05-03,419.43,419.84,417.67,418.20,391.571,+0.22%,68128289
2021-05-04,416.07,416.60,411.67,415.62,389.155,-0.62%,101591166
2021-05-05,417.38,417.63,415.15,415.75,389.277,+0.03%,39960661
2021-05-06,415.83,419.21,413.68,419.07,392.385,+0.80%,74321368
2021-05-07,419.89,422.81,419.16,422.12,395.241,+0.73%,67733790
2021-05-10,422.50,422.74,417.81,417.94,391.327,-0.99%,81852446
2021-05-11,413.10,415.27,410.06,414.21,387.835,-0.89%,116887975
2021-05-12,411.23,412.59,404.00,405.41,379.595,-2.12%,134811046
2021-05-13,407.07,412.35,407.02,410.28,384.155,+1.20%,106393963
2021-05-14,413.21,417.49,413.18,416.58,390.054,+1.54%,82201629
2021-05-17,415.39,416.39,413.36,415.52,389.061,-0.25%,65129221
2021-05-18,415.80,416.06,411.77,411.94,385.709,-0.86%,59810238
2021-05-19,406.92,411.05,405.33,410.86,384.698,-0.26%,106467052
2021-05-20,411.80,416.62,411.67,415.28,388.837,+1.08%,78022218
2021-05-21,416.87,418.20,414.45,414.94,388.518,-0.08%,76578662
2021-05-24,417.34,420.32,417.08,419.17,392.479,+1.02%,51376702
2021-05-25,420.33,420.71,417.62,418.24,391.608,-0.22%,57451396
2021-05-26,418.87,419.61,417.76,419.07,392.385,+0.20%,43088618
2021-05-27,420.17,420.72,418.99,419.29,392.591,+0.05%,56707677
2021-05-28,420.97,421.25,419.79,420.04,393.293,+0.18%,58520164
2021-06-01,422.57,422.72,419.20,419.67,392.947,-0.09%,54216625
2021-06-02,420.37,421.23,419.29,420.33,393.565,+0.16%,49097061
2021-06-03,417.85,419.99,416.28,418.77,392.104,-0.37%,58138763
2021-06-04,420.75,422.92,418.84,422.60,395.690,+0.91%,55938789
2021-06-07,422.59,422.78,421.19,422.19,395.307,-0.10%,51555032
2021-06-08,423.11,423.21,420.32,422.28,395.391,+0.02%,47134279
2021-06-09,423.18,423.26,421.41,421.65,394.801,-0.15%,48436342
2021-06-10,422.96,424.63,421.55,423.61,396.636,+0.46%,51020147
2021-06-11,424.20,424.43,422.82,424.31,397.292,+0.17%,45570828
2021-06-14,424.43,425.37,423.10,425.26,398.181,+0.22%,42358478
2021-06-15,425.42,425.46,423.54,424.48,397.451,-0.18%,51508508
2021-06-16,424.63,424.87,419.92,422.11,395.232,-0.56%,79250069
2021-06-17,421.67,423.02,419.32,421.97,395.101,-0.03%,90949659
2021-06-18,417.09,417.83,414.70,414.92,389.788,-1.67%,118676302
2021-06-21,416.80,421.06,415.93,420.86,395.368,+1.43%,72822028
2021-06-22,420.85,424.00,420.08,423.11,397.482,+0.53%,57700303
2021-06-23,423.19,424.05,422.51,422.60,397.003,-0.12%,49445414
2021-06-24,424.89,425.55,424.62,425.10,399.351,+0.59%,45110288
2021-06-25,425.90,427.09,425.55,426.61,400.770,+0.36%,58129525
2021-06-28,427.17,427.65,425.89,427.47,401.578,+0.20%,53159581
2021-06-29,427.88,428.56,427.13,427.70,401.794,+0.05%,35970515
2021-06-30,427.21,428.78,427.18,428.06,402.132,+0.08%,64827858
2021-07-01,428.87,430.60,428.80,430.43,404.358,+0.55%,53441027
2021-07-02,431.67,434.10,430.52,433.72,407.449,+0.76%,57697668
2021-07-06,433.78,434.01,430.01,432.93,406.707,-0.18%,68710419
2021-07-07,433.66,434.76,431.51,434.46,408.144,+0.35%,63549456
2021-07-08,428.78,431.73,427.52,430.92,404.819,-0.81%,97595232
2021-07-09,432.53,435.84,430.71,435.52,409.140,+1.07%,76238584
2021-07-12,435.43,437.35,434.97,437.08,410.605,+0.36%,52889585
2021-07-13,436.24,437.84,435.31,435.59,409.206,-0.34%,52911312
2021-07-14,437.40,437.92,434.91,436.24,409.816,+0.15%,64130352
2021-07-15,434.81,435.53,432.72,434.75,408.417,-0.34%,55126358
2021-07-16,436.01,436.06,430.92,431.34,405.213,-0.78%,75874662
2021-07-19,426.19,431.41,421.97,424.97,399.229,-1.48%,147987000
2021-07-20,425.68,432.42,424.83,431.06,404.950,+1.43%,99608174
2021-07-21,432.34,434.70,431.01,434.55,408.229,+0.81%,64724389
2021-07-22,434.74,435.72,433.69,435.46,409.084,+0.21%,47878539
2021-07-23,437.52,440.30,436.79,439.94,413.292,+1.03%,63766637
2021-07-26,439.31,441.03,439.26,441.02,414.307,+0.25%,43719187
2021-07-27,439.91,439.94,435.99,439.01,412.419,-0.46%,67397137
2021-07-28,439.68,440.30,437.31,438.83,412.249,-0.04%,52472360
2021-07-29,439.81,441.80,439.81,440.65,413.959,+0.41%,45910298
2021-07-30,437.91,440.06,437.77,438.51,411.949,-0.49%,68951202
2021-08-02,440.34,440.93,437.21,437.59,411.085,-0.21%,58783297
2021-08-03,438.44,441.28,436.10,441.15,414.429,+0.81%,58053896
2021-08-04,439.78,441.12,438.73,438.98,412.390,-0.49%,46732212
2021-08-05,440.22,441.85,439.88,441.76,415.002,+0.63%,38969659
2021-08-06,442.10,442.94,441.80,442.49,415.688,+0.17%,46930008
2021-08-09,442.46,442.80,441.31,442.13,415.350,-0.08%,41222585
2021-08-10,442.61,443.44,441.88,442.68,415.866,+0.12%,43339275
2021-08-11,443.82,443.88,442.62,443.78,416.900,+0.25%,44034340
2021-08-12,443.62,445.26,442.66,445.11,418.149,+0.30%,38942418
2021-08-13,445.59,445.94,445.07,445.92,418.910,+0.18%,38673164
2021-08-16,444.53,447.11,442.87,446.97,419.896,+0.24%,73930864
2021-08-17,444.24,444.96,440.85,444.04,417.144,-0.66%,92673933
2021-08-18,442.96,444.62,438.92,439.18,412.578,-1.09%,89351931
2021-08-19,436.27,441.14,436.12,439.86,413.217,+0.15%,92812246
2021-08-20,440.23,443.71,439.71,443.36,416.505,+0.80%,72008712
2021-08-23,445.16,448.23,443.44,447.26,420.169,+0.88%,54973038
2021-08-24,447.97,448.54,447.42,447.97,420.836,+0.16%,38744714
2021-08-25,448.17,449.46,447.77,448.91,421.719,+0.21%,40529711
2021-08-26,448.61,448.86,446.16,446.26,419.229,-0.59%,57829572
2021-08-27,447.12,450.65,447.06,450.25,422.978,+0.89%,77235113
2021-08-30,450.97,453.07,450.71,452.23,424.838,+0.44%,48357355
2021-08-31,452.13,452.49,450.92,451.56,424.208,-0.15%,59300213
2021-09-01,452.56,453.11,451.55,451.80,424.434,+0.05%,48721378
2021-09-02,453.32,454.05,451.91,453.19,425.740,+0.31%,42830867
2021-09-03,451.98,453.63,451.55,453.08,425.636,-0.02%,47234364
2021-09-07,452.71,452.81,450.74,451.46,424.114,-0.36%,51671534
2021-09-08,450.89,451.67,448.86,450.91,423.598,-0.12%,56181907
2021-09-09,450.70,452.57,448.72,448.98,421.785,-0.43%,57970407
2021-09-10,451.04,451.49,445.31,445.44,418.459,-0.79%,89948174
2021-09-13,448.64,448.92,444.11,446.58,419.530,+0.26%,83738649
2021-09-14,448.12,448.34,443.22,444.17,417.266,-0.54%,78197140
2021-09-15,444.62,448.41,443.44,447.88,420.751,+0.84%,78792222
2021-09-16,447.32,448.36,444.02,447.17,420.084,-0.16%,77786735
2021-09-17,444.92,445.37,441.02,441.40,416.005,-1.29%,118425037
2021-09-20,434.88,436.56,428.86,434.04,409.069,-1.67%,166445534
2021-09-21,436.53,437.91,433.07,433.63,408.682,-0.09%,92526112
2021-09-22,436.05,440.03,433.75,437.86,412.669,+0.98%,102350143
2021-09-23,439.85,444.89,439.60,443.18,417.683,+1.22%,76395981
2021-09-24,441.44,444.67,441.21,443.91,418.371,+0.16%,62094837
2021-09-27,442.81,444.05,441.90,442.64,417.174,-0.29%,61371108
2021-09-28,439.69,440.04,432.94,433.72,408.767,-2.02%,130436306
2021-09-29,435.19,437.04,433.85,434.45,409.455,+0.17%,82329213
2021-09-30,436.02,436.77,428.78,429.14,404.451,-1.22%,140505979
2021-10-01,430.98,436.03,427.23,434.24,409.257,+1.19%,129240106
2021-10-04,433.00,433.96,426.36,428.64,403.980,-1.29%,128569957
2021-10-05,430.24,435.49,429.39,433.10,408.183,+1.04%,90682520
2021-10-06,429.27,435.12,427.54,434.90,409.879,+0.42%,113032245
2021-10-07,438.39,441.68,438.20,438.66,413.423,+0.86%,72437499
2021-10-08,439.48,439.89,437.19,437.86,412.669,-0.18%,74557404
2021-10-11,437.16,440.26,434.62,434.69,409.681,-0.72%,65233285
2021-10-12,435.67,436.10,432.78,433.62,408.673,-0.25%,71181163
2021-10-13,434.71,436.05,431.54,435.18,410.143,+0.36%,72973979
2021-10-14,439.08,442.66,438.58,442.50,417.042,+1.68%,70236825
2021-10-15,444.75,446.26,444.09,445.87,420.218,+0.76%,66260210
2021-10-18,443.97,447.55,443.27,447.19,421.462,+0.30%,62213228
2021-10-19,448.92,450.71,448.27,450.64,424.714,+0.77%,46996827
2021-10-20,451.13,452.73,451.01,452.41,426.382,+0.39%,49571569
2021-10-21,451.77,453.83,451.31,453.59,427.494,+0.26%,41305438
2021-10-22,453.13,454.67,451.05,453.12,427.051,-0.10%,58845088
2021-10-25,454.28,455.90,452.39,455.55,429.341,+0.54%,45214507
2021-10-26,457.20,458.49,455.56,455.96,429.728,+0.09%,56075116
2021-10-27,456.45,457.16,453.86,453.94,427.824,-0.44%,72437997
2021-10-28,455.46,458.40,455.45,458.32,431.952,+0.96%,51437944
2021-10-29,455.87,459.56,455.56,459.25,432.828,+0.20%,70162424
2021-11-01,460.30,460.70,458.20,460.04,433.573,+0.17%,47474495
2021-11-02,460.22,462.23,460.08,461.90,435.326,+0.40%,47840033
2021-11-03,461.30,465.15,460.83,464.72,437.984,+0.61%,52509825
2021-11-04,465.36,467.00,464.99,466.91,440.048,+0.47%,52847087
2021-11-05,469.28,470.65,466.92,468.53,441.575,+0.35%,66390563
2021-11-08,469.70,470.23,468.20,468.93,441.952,+0.09%,50405194
2021-11-09,469.32,469.57,465.88,467.38,440.491,-0.33%,50232447
2021-11-10,465.58,467.38,462.04,463.62,436.947,-0.80%,69429653
2021-11-11,465.21,465.29,463.75,463.77,437.088,+0.03%,34848495
2021-11-12,465.12,467.86,464.11,467.27,440.387,+0.75%,51018081
2021-11-15,468.64,468.81,466.23,467.43,440.538,+0.03%,46980500
2021-11-16,467.15,470.49,467.07,469.28,442.281,+0.40%,48857502
2021-11-17,469.00,469.19,467.48,468.14,441.207,-0.24%,47858289
2021-11-18,469.24,470.01,466.34,469.73,442.706,+0.34%,50625607
2021-11-19,469.61,470.94,468.50,468.89,441.914,-0.18%,57315573
2021-11-22,470.89,473.54,467.35,467.57,440.670,-0.28%,72761954
2021-11-23,467.22,469.10,464.45,468.19,441.254,+0.13%,73206538
2021-11-24,466.06,469.57,465.19,469.44,442.432,+0.27%,61858813
2021-11-26,462.34,463.90,457.77,458.97,432.565,-2.23%,112669636
2021-11-29,464.07,466.56,461.73,464.60,437.871,+1.23%,86268818
2021-11-30,462.00,464.03,455.30,455.56,429.351,-1.95%,148559598
2021-12-01,461.64,464.67,450.29,450.50,424.582,-1.11%,132485835
2021-12-02,450.73,459.07,450.31,457.40,431.085,+1.53%,127637758
2021-12-03,459.17,460.30,448.92,453.42,427.334,-0.87%,137331647
2021-12-06,456.13,460.79,453.56,458.79,432.395,+1.18%,98977532
2021-12-07,464.41,468.88,458.65,468.28,441.339,+2.07%,95484688
2021-12-08,468.70,470.00,466.83,469.52,442.508,+0.26%,72238777
2021-12-09,468.15,469.63,466.14,466.35,439.520,-0.68%,61272568
2021-12-10,469.23,470.90,466.51,470.74,443.657,+0.94%,77159757
2021-12-13,470.19,470.56,466.27,466.57,439.727,-0.89%,87724680
2021-12-14,463.09,465.74,460.25,463.36,436.702,-0.69%,97264128
2021-12-15,463.42,470.86,460.74,470.60,443.526,+1.56%,116899251
2021-12-16,472.57,472.87,464.80,466.45,439.614,-0.88%,116568626
2021-12-17,461.55,464.74,458.06,459.87,434.952,-1.41%,135636510
2021-12-20,454.48,455.40,451.14,454.98,430.327,-1.06%,107134822
2021-12-21,458.61,463.21,456.31,463.06,437.969,+1.78%,69806260
2021-12-22,462.79,467.81,462.58,467.69,442.349,+1.00%,58890223
2021-12-23,468.75,472.19,468.64,470.60,445.101,+0.62%,56439745
2021-12-27,472.06,477.31,472.01,477.26,451.400,+1.42%,56808619
2021-12-28,477.72,478.81,476.06,476.87,451.031,-0.08%,47274585
2021-12-29,476.98,478.56,475.92,477.48,451.608,+0.13%,54502964
2021-12-30,477.93,479.00,475.67,476.16,450.360,-0.28%,55329041
2021-12-31,475.64,476.86,474.67,474.96,449.225,-0.25%,63617437
2022-01-03,476.30,477.85,473.85,477.71,451.826,+0.58%,72668233
2022-01-04,479.22,479.98,475.58,477.55,451.674,-0.03%,71178678
2022-01-05,477.16,477.98,468.28,468.38,443.001,-1.92%,104538940
2022-01-06,467.89,470.82,465.43,467.94,442.585,-0.09%,86858900
2022-01-07,467.95,469.20,464.65,466.09,440.835,-0.40%,85111593
2022-01-10,462.70,465.74,456.60,465.51,440.287,-0.12%,119361989
2022-01-11,465.23,469.85,462.05,469.75,444.297,+0.91%,73332978
2022-01-12,471.59,473.20,468.94,471.02,445.498,+0.27%,67605444
2022-01-13,472.19,472.88,463.44,464.53,439.360,-1.38%,91173121
2022-01-14,461.19,465.09,459.90,464.72,439.540,+0.04%,95890948
2022-01-18,459.74,459.96,455.31,456.49,431.755,-1.77%,107848237
2022-01-19,458.13,459.61,451.46,451.75,427.272,-1.04%,104945382
2022-01-20,453.75,458.74,444.50,446.75,422.543,-1.11%,122379696
2022-01-21,445.56,448.06,437.95,437.98,414.248,-1.96%,202271241
2022-01-24,432.03,440.38,420.76,439.84,416.008,+0.42%,252496719
2022-01-25,433.06,439.72,427.15,434.47,410.929,-1.22%,167997325
2022-01-26,440.72,444.04,428.86,433.38,409.898,-0.25%,186391088
2022-01-27,438.26,441.59,429.45,431.24,407.874,-0.49%,149878307
2022-01-28,432.68,442.00,427.82,441.95,418.003,+2.48%,164457370
2022-01-31,441.24,450.28,439.81,449.91,425.532,+1.80%,152251425
2022-02-01,450.68,453.63,446.94,452.95,428.407,+0.68%,123155382
2022-02-02,455.50,458.12,453.05,457.35,432.569,+0.97%,117360953
2022-02-03,450.95,452.97,445.71,446.60,422.401,-2.35%,118024442
2022-02-04,446.35,452.78,443.83,448.70,424.388,+0.47%,118454352
2022-02-07,449.51,450.99,445.85,447.26,423.026,-0.32%,84472859
2022-02-08,446.73,451.92,445.22,450.94,426.506,+0.82%,81012036
2022-02-09,455.22,457.88,455.00,457.54,432.749,+1.46%,92589929
2022-02-10,451.34,457.71,447.20,449.32,424.974,-1.80%,140103712
2022-02-11,449.41,451.61,438.94,440.46,416.594,-1.97%,153214597
2022-02-14,439.92,441.60,435.34,439.02,415.232,-0.33%,123006262
2022-02-15,443.73,446.28,443.18,446.10,421.928,+1.61%,88659503
2022-02-16,443.93,448.06,441.94,446.60,422.401,+0.11%,84863585
2022-02-17,443.22,446.56,436.42,437.06,413.378,-2.14%,102259108
2022-02-18,437.33,438.66,431.82,434.23,410.702,-0.65%,132642896
2022-02-22,431.89,435.50,425.86,429.57,406.294,-1.07%,122145129
2022-02-23,432.66,433.26,421.35,421.95,399.087,-1.77%,132578005
2022-02-24,411.02,428.76,410.64,428.30,405.093,+1.50%,213942946
2022-02-25,429.61,437.84,427.86,437.75,414.031,+2.21%,121804459
2022-02-28,432.03,438.20,430.70,436.63,412.972,-0.26%,145615029
2022-03-01,435.04,437.17,427.11,429.98,406.682,-1.52%,137785908
2022-03-02,432.37,439.72,431.57,437.89,414.163,+1.84%,117726525
2022-03-03,440.47,441.11,433.80,435.71,412.101,-0.50%,105501715
2022-03-04,431.75,433.37,427.88,432.17,408.753,-0.81%,114083256
2022-03-07,431.55,432.30,419.36,419.43,396.704,-2.95%,137896560
2022-03-08,419.62,427.21,415.12,416.25,393.696,-0.76%,164772744
2022-03-09,425.14,429.51,422.82,427.41,404.251,+2.68%,116990765
2022-03-10,422.52,426.43,420.44,425.48,402.426,-0.45%,93972655
2022-03-11,428.12,428.77,419.53,420.07,397.309,-1.27%,95636277
2022-03-14,420.89,424.55,415.79,417.00,394.405,-0.73%,95729188
2022-03-15,419.77,426.84,418.42,426.17,403.078,+2.20%,106219117
2022-03-16,429.89,435.68,424.80,435.62,412.016,+2.22%,144954805
2022-03-17,433.59,441.07,433.19,441.07,417.171,+1.25%,102676870
2022-03-18,438.00,444.86,437.22,444.52,421.726,+0.78%,102665985
2022-03-21,444.34,446.46,440.68,444.39,421.603,-0.03%,87350111
2022-03-22,445.86,450.58,445.86,449.59,426.536,+1.17%,73464881
2022-03-23,446.91,448.49,443.71,443.80,421.043,-1.29%,79426098
2022-03-24,445.94,450.50,444.76,450.49,427.390,+1.51%,64736892
2022-03-25,451.16,452.98,448.43,452.69,429.477,+0.49%,76123606
2022-03-28,452.06,455.91,450.06,455.91,432.532,+0.71%,68529767
2022-03-29,460.02,462.07,457.18,461.55,437.883,+1.24%,86581542
2022-03-30,460.34,461.19,456.46,458.70,435.179,-0.62%,79666942
2022-03-31,457.89,458.76,451.16,451.64,428.481,-1.54%,121699948
2022-04-01,453.31,453.46,449.14,452.92,429.695,+0.28%,89048773
2022-04-04,453.13,456.91,452.26,456.80,433.376,+0.86%,59601000
2022-04-05,455.22,457.83,449.82,451.03,427.902,-1.26%,72741037
2022-04-06,446.89,448.93,443.47,446.52,423.623,-1.00%,106897970
2022-04-07,445.59,450.69,443.53,448.77,425.758,+0.50%,78097214
2022-04-08,447.97,450.63,445.94,447.57,424.620,-0.27%,79272711
2022-04-11,444.11,445.00,439.39,439.92,417.362,-1.71%,89770538
2022-04-12,443.08,445.75,436.65,438.29,415.816,-0.37%,84363635
2022-04-13,438.03,444.11,437.84,443.31,420.578,+1.15%,74070394
2022-04-14,443.55,444.73,437.68,437.79,415.341,-1.25%,97869451
2022-04-18,436.81,439.75,435.61,437.97,415.512,+0.04%,66002498
2022-04-19,437.86,445.80,437.68,445.04,422.219,+1.61%,77821013
2022-04-20,446.92,447.57,443.48,444.71,421.906,-0.07%,64140001
2022-04-21,448.54,450.01,437.10,438.06,415.597,-1.50%,85417327
2022-04-22,436.91,438.08,425.44,426.04,404.194,-2.74%,132471772
2022-04-25,423.67,428.69,418.84,428.51,406.537,+0.58%,119647748
2022-04-26,425.83,426.04,416.07,416.10,394.763,-2.90%,100647304
2022-04-27,417.24,422.92,415.01,417.27,395.873,+0.28%,122029990
2022-04-28,422.29,429.64,417.60,427.81,405.873,+2.53%,105449088
2022-04-29,423.59,425.87,411.21,412.00,390.874,-3.70%,145491088
2022-05-02,412.07,415.92,405.02,414.48,393.226,+0.60%,158312526
2022-05-03,415.01,418.93,413.36,416.38,395.029,+0.46%,100028190
2022-05-04,417.08,429.66,413.71,429.06,407.059,+3.05%,141106960
2022-05-05,424.55,425.00,409.44,413.81,392.591,-3.55%,172929106
2022-05-06,411.10,414.80,405.73,411.34,390.247,-0.60%,151770811
2022-05-09,405.10,406.41,396.50,398.17,377.753,-3.20%,155586067
2022-05-10,404.49,406.08,394.82,399.09,378.626,+0.23%,132497200
2022-05-11,398.07,404.04,391.96,392.75,372.611,-1.59%,142360992
2022-05-12,389.37,395.80,385.15,392.34,372.222,-0.10%,125090753
2022-05-13,396.71,403.18,395.61,401.72,381.121,+2.39%,104174421
2022-05-16,399.98,403.97,397.60,400.09,379.574,-0.41%,78622444
2022-05-17,406.53,408.57,402.58,408.32,387.382,+2.06%,83029710
2022-05-18,403.50,403.80,390.55,391.86,371.766,-4.03%,117674545
2022-05-19,388.62,394.14,387.11,389.46,369.489,-0.61%,98510715
2022-05-20,393.25,397.03,380.54,389.63,369.651,+0.04%,131432197
2022-05-23,392.83,397.73,390.38,396.92,376.567,+1.87%,76414878
2022-05-24,392.56,395.15,386.96,393.89,373.692,-0.76%,91448831
2022-05-25,392.31,399.45,391.89,397.37,376.994,+0.88%,91472866
2022-05-26,398.67,407.04,398.45,405.31,384.527,+2.00%,82168339
2022-05-27,407.91,415.38,407.70,415.26,393.966,+2.45%,84768710
2022-05-31,413.55,416.46,410.03,412.93,391.756,-0.56%,95936980
2022-06-01,415.17,416.24,406.93,409.59,388.587,-0.81%,86585813
2022-06-02,409.42,417.44,407.04,417.39,395.987,+1.90%,79609633
2022-06-03,412.40,414.04,409.51,410.54,389.488,-1.64%,71874281
2022-06-06,414.78,416.61,410.55,411.79,390.674,+0.30%,57508858
2022-06-07,408.10,416.22,407.61,415.74,394.422,+0.96%,59272373
2022-06-08,413.93,415.82,410.38,411.22,390.134,-1.09%,64349966
2022-06-09,409.34,411.74,401.44,401.44,380.855,-2.38%,86289796
2022-06-10,394.88,395.78,389.75,389.80,369.812,-2.90%,132893864
2022-06-13,379.85,381.81,373.30,375.00,355.771,-3.80%,170004861
2022-06-14,376.85,377.94,370.59,373.87,354.699,-0.30%,104011831
2022-06-15,377.36,383.90,372.12,379.20,359.756,+1.43%,125666797
2022-06-16,370.51,370.94,364.08,366.65,347.849,-3.31%,134473288
2022-06-17,365.51,369.38,362.17,365.86,348.596,-0.22%,111113904
2022-06-21,371.89,376.52,371.81,375.07,357.371,+2.52%,76811861
2022-06-22,370.62,378.72,370.18,374.39,356.723,-0.18%,90059424
2022-06-23,376.64,378.83,372.89,378.06,360.220,+0.98%,79292135
2022-06-24,381.40,390.09,381.37,390.08,371.673,+3.18%,98050333
2022-06-27,391.05,391.36,387.44,388.59,370.253,-0.38%,66009617
2022-06-28,390.23,393.16,380.53,380.65,362.688,-2.04%,86689824
2022-06-29,381.23,382.27,378.42,380.34,362.392,-0.08%,65675999
2022-06-30,376.24,380.66,372.56,377.25,359.448,-0.81%,112508273
2022-07-01,376.56,381.70,373.80,381.24,363.250,+1.06%,74839729
2022-07-05,375.88,381.98,372.90,381.96,363.936,+0.19%,81437965
2022-07-06,382.11,385.87,379.60,383.25,365.165,+0.34%,70426244
2022-07-07,385.12,389.83,383.27,388.99,370.634,+1.50%,64525919
2022-07-08,387.27,390.64,385.66,388.67,370.329,-0.08%,72397765
2022-07-11,385.85,386.87,383.50,384.23,366.099,-1.14%,58366945
2022-07-12,383.65,386.16,378.99,380.83,362.859,-0.88%,62219178
2022-07-13,375.10,381.92,374.66,378.83,360.954,-0.53%,84224649
2022-07-14,373.61,379.05,371.04,377.91,360.077,-0.24%,89704819
2022-07-15,382.55,385.25,380.54,385.13,366.956,+1.91%,79060383
2022-07-18,388.38,389.09,380.66,381.95,363.926,-0.83%,63203626
2022-07-19,386.08,392.87,385.39,392.27,373.759,+2.70%,78505972
2022-07-20,392.47,396.26,391.03,394.77,376.141,+0.64%,71843769
2022-07-21,394.16,398.84,391.63,398.79,379.972,+1.02%,64903856
2022-07-22,398.92,400.18,392.75,395.09,376.446,-0.93%,72197332
2022-07-25,395.75,396.47,393.21,395.57,376.904,+0.12%,53631485
2022-07-26,393.84,394.06,389.95,390.89,372.444,-1.18%,52946393
2022-07-27,394.36,402.88,394.05,401.04,382.115,+2.60%,82342106
2022-07-28,401.89,406.80,398.15,406.07,386.908,+1.25%,73966563
2022-07-29,407.58,413.03,406.77,411.99,392.549,+1.46%,87003672
2022-08-01,409.15,413.41,408.40,410.77,391.386,-0.30%,69997471
2022-08-02,409.12,413.00,406.82,408.06,388.804,-0.66%,63435418
2022-08-03,410.30,415.68,410.00,414.45,394.893,+1.57%,67820555
2022-08-04,414.37,415.09,412.44,414.17,394.626,-0.07%,45656574
2022-08-05,409.66,414.15,409.60,413.47,393.959,-0.17%,56814929
2022-08-08,415.25,417.62,411.83,412.99,393.502,-0.12%,54025965
2022-08-09,412.22,412.75,410.22,411.35,391.939,-0.40%,44931772
2022-08-10,418.78,420.14,416.72,419.99,400.171,+2.10%,68665712
2022-08-11,422.99,424.95,419.21,419.99,400.171,0.00%,59489704
2022-08-12,422.03,427.21,421.03,427.10,406.946,+1.69%,61694542
2022-08-15,424.76,429.41,424.71,428.86,408.623,+0.41%,54048280
2022-08-16,427.73,431.73,426.88,429.70,409.423,+0.20%,59289039
2022-08-17,425.91,429.50,424.54,426.65,406.517,-0.71%,63563394
2022-08-18,426.86,428.61,425.50,427.89,407.698,+0.29%,49023206
2022-08-19,424.98,425.26,421.22,422.14,402.220,-1.34%,68016902
2022-08-22,417.05,417.23,412.40,413.35,393.845,-2.08%,77695640
2022-08-23,412.90,415.42,411.77,412.35,392.892,-0.24%,49105249
2022-08-24,412.11,415.11,411.39,413.67,394.149,+0.32%,49177804
2022-08-25,415.24,419.56,414.09,419.51,399.714,+1.41%,50942252
2022-08-26,419.39,419.96,405.25,405.31,386.184,-3.38%,103086976
2022-08-29,402.20,405.84,401.20,402.63,383.630,-0.66%,64289165
2022-08-30,403.85,404.10,396.00,398.21,379.419,-1.10%,85652443
2022-08-31,399.93,401.24,395.04,395.18,376.532,-0.76%,76029671
2022-09-01,392.89,396.78,390.04,396.42,377.713,+0.31%,78740084
2022-09-02,400.28,401.56,390.33,392.24,373.731,-1.05%,99632149
2022-09-06,393.13,394.12,388.42,390.76,372.321,-0.38%,74798116
2022-09-07,390.43,398.59,390.20,397.78,379.009,+1.80%,70964232
2022-09-08,395.39,400.86,394.12,400.38,381.487,+0.65%,80821681
2022-09-09,402.74,407.51,402.46,406.60,387.413,+1.55%,76706918
2022-09-12,408.78,411.73,408.46,410.97,391.577,+1.07%,69256262
2022-09-13,401.83,403.10,391.92,393.10,374.550,-4.35%,122947081
2022-09-14,394.47,396.20,391.12,394.60,375.979,+0.38%,85023747
2022-09-15,392.96,395.96,388.78,390.12,371.711,-1.14%,87633840
2022-09-16,384.14,386.25,382.11,385.56,368.887,-1.17%,103084819
2022-09-19,382.26,388.55,382.18,388.55,371.748,+0.78%,73278490
2022-09-20,385.06,386.12,381.19,384.09,367.481,-1.15%,77274882
2022-09-21,386.11,389.31,377.38,377.39,361.070,-1.74%,106746554
2022-09-22,376.58,377.66,373.44,374.22,358.037,-0.84%,87465927
2022-09-23,370.58,370.62,363.29,367.95,352.039,-1.68%,122346933
2022-09-26,366.41,370.21,363.03,364.31,348.556,-0.99%,92581244
2022-09-27,368.02,370.40,360.87,363.38,347.666,-0.26%,108294074
2022-09-28,364.38,372.30,362.60,370.53,354.507,+1.97%,110802217
2022-09-29,366.81,367.11,359.70,362.79,347.102,-2.09%,112952315
2022-09-30,361.80,365.91,357.04,357.18,341.734,-1.55%,153711243
2022-10-03,361.08,368.55,359.21,366.61,350.756,+2.64%,89756479
2022-10-04,372.40,378.00,366.57,377.97,361.625,+3.10%,103602775
2022-10-05,373.39,379.46,370.95,377.09,360.783,-0.23%,88065669
2022-10-06,375.62,378.72,372.68,373.20,357.062,-1.03%,82333543
2022-10-07,368.97,373.29,360.94,362.79,347.102,-2.79%,107789498
2022-10-10,363.96,364.21,357.67,360.02,344.451,-0.76%,76042765
2022-10-11,358.24,363.03,355.71,357.74,342.270,-0.63%,92482785
2022-10-12,358.17,359.82,356.30,356.56,341.141,-0.33%,76991799
2022-10-13,349.20,367.51,348.11,365.97,350.144,+2.64%,147254518
2022-10-14,368.55,370.26,356.96,357.63,342.165,-2.28%,123737013
2022-10-17,364.01,367.98,357.28,366.82,350.957,+2.57%,93168231
2022-10-18,375.13,375.45,367.52,371.13,355.081,+1.17%,97162850
2022-10-19,368.99,371.85,365.55,368.50,352.565,-0.71%,79746863
2022-10-20,368.03,372.67,364.61,365.41,349.608,-0.84%,88283087
2022-10-21,365.12,374.80,363.54,374.29,358.104,+2.43%,131038379
2022-10-24,375.89,380.06,373.11,378.87,362.486,+1.22%,85436907
2022-10-25,378.79,385.25,378.67,384.92,368.275,+1.60%,78846348
2022-10-26,381.62,387.58,381.35,382.02,365.500,-0.75%,104087348
2022-10-27,383.07,385.00,379.33,379.98,363.548,-0.53%,81971756
2022-10-28,379.87,389.52,379.68,389.02,372.197,+2.38%,100301958
2022-10-31,386.44,388.40,385.26,386.21,369.509,-0.72%,96631258
2022-11-01,390.14,390.39,383.29,384.52,367.892,-0.44%,85407598
2022-11-02,383.90,388.63,374.76,374.87,358.659,-2.51%,126990356
2022-11-03,371.46,374.20,368.79,371.01,354.966,-1.03%,87100115
2022-11-04,377.00,378.87,370.00,376.35,360.075,+1.44%,103505182
2022-11-07,377.71,380.57,375.53,379.95,363.520,+0.96%,68286947
2022-11-08,381.11,385.12,377.72,382.00,365.481,+0.54%,84641062
2022-11-09,379.93,381.14,373.61,374.13,357.951,-2.06%,78495470
2022-11-10,388.05,395.04,385.64,394.69,377.622,+5.50%,141455847
2022-11-11,395.59,399.35,393.61,398.51,381.277,+0.97%,93839872
2022-11-14,396.66,400.18,394.83,395.12,378.034,-0.85%,71893165
2022-11-15,401.15,402.31,394.49,398.49,381.258,+0.85%,93194452
2022-11-16,396.78,397.78,394.79,395.45,378.349,-0.76%,68508454
2022-11-17,390.46,394.95,390.14,394.24,377.192,-0.31%,74496255
2022-11-18,397.74,397.81,393.04,396.03,378.904,+0.45%,92922451
2022-11-21,394.64,395.82,392.66,394.59,377.527,-0.36%,51243189
2022-11-22,396.63,400.07,395.15,399.90,382.607,+1.35%,60429025
2022-11-23,399.55,402.93,399.31,402.42,385.018,+0.63%,68261628
2022-11-25,401.83,402.91,401.54,402.33,384.932,-0.02%,30545434
2022-11-28,399.09,400.81,395.11,395.91,378.789,-1.60%,68021749
2022-11-29,396.05,397.30,393.30,395.23,378.139,-0.17%,52310039
2022-11-30,395.49,407.68,393.48,407.68,390.050,+3.15%,144566653
2022-12-01,408.77,410.00,404.75,407.38,389.763,-0.07%,76398170
2022-12-02,402.25,407.86,402.14,406.91,389.314,-0.12%,85342731
2022-12-05,403.95,404.93,398.17,399.59,382.310,-1.80%,77289815
2022-12-06,399.42,399.99,391.64,393.83,376.799,-1.44%,77972217
2022-12-07,392.94,395.64,391.97,393.16,376.158,-0.17%,65927896
2022-12-08,395.14,397.36,393.27,396.24,379.105,+0.78%,60737912
2022-12-09,394.94,397.62,393.15,393.28,376.273,-0.75%,81447733
2022-12-12,394.11,398.95,393.41,398.95,381.698,+1.44%,75405835
2022-12-13,410.22,410.49,399.07,401.97,384.587,+0.76%,123782534
2022-12-14,401.61,405.50,396.31,399.40,382.129,-0.64%,108111349
2022-12-15,394.30,395.25,387.88,389.63,372.781,-2.45%,117705889
2022-12-16,385.18,386.57,381.04,383.27,368.400,-1.63%,119857952
2022-12-19,383.47,383.82,378.28,380.02,365.276,-0.85%,79878103
2022-12-20,379.23,382.23,377.85,380.54,365.776,+0.14%,74427240
2022-12-21,383.25,387.41,382.69,386.23,371.246,+1.50%,78167369
2022-12-22,383.05,386.21,374.77,380.72,365.949,-1.43%,100120855
2022-12-23,379.65,383.06,378.03,382.91,368.054,+0.58%,59857329
2022-12-27,382.79,383.15,379.65,381.40,366.603,-0.39%,51638180
2022-12-28,381.33,383.39,376.42,376.66,362.047,-1.24%,70911520
2022-12-29,379.63,384.35,379.08,383.44,368.564,+1.80%,66970877
2022-12-30,380.64,382.58,378.43,382.43,367.593,-0.26%,84022205
2023-01-03,384.37,386.43,377.83,380.82,366.045,-0.42%,74850731
2023-01-04,383.18,385.88,380.00,383.76,368.871,+0.77%,85934098
2023-01-05,381.72,381.84,378.76,379.38,364.661,-1.14%,76970456
2023-01-06,382.61,389.25,379.41,388.08,373.024,+2.29%,104189603
2023-01-09,390.37,393.70,387.67,387.86,372.812,-0.06%,73978071
2023-01-10,387.25,390.65,386.27,390.58,375.427,+0.70%,65358094
2023-01-11,392.23,395.60,391.38,395.52,380.175,+1.26%,68881080
2023-01-12,396.67,398.49,392.42,396.96,381.559,+0.36%,90157699
2023-01-13,393.62,399.10,393.34,398.50,383.040,+0.39%,63903932
2023-01-17,398.48,400.23,397.06,397.77,382.338,-0.18%,62677281
2023-01-18,399.01,400.12,391.28,391.49,376.302,-1.58%,99632262
2023-01-19,389.36,391.08,387.26,388.64,373.562,-0.73%,86958919
2023-01-20,390.10,396.04,388.38,395.88,380.521,+1.86%,91806356
2023-01-23,396.72,402.64,395.72,400.63,385.087,+1.20%,84178797
2023-01-24,398.88,401.15,397.64,400.20,384.674,-0.11%,59524911
2023-01-25,395.95,400.70,393.56,400.35,384.818,+0.04%,84800251
2023-01-26,403.13,404.92,400.03,404.75,389.047,+1.10%,72287425
2023-01-27,403.65,408.16,403.44,405.68,389.941,+0.23%,68346180
2023-01-30,402.80,405.13,400.28,400.59,385.048,-1.25%,74202018
2023-01-31,401.13,406.53,400.77,406.48,390.710,+1.47%,86811786
2023-02-01,405.21,413.67,402.35,410.80,394.862,+1.06%,101459155
2023-02-02,414.86,418.31,412.88,416.78,400.610,+1.46%,101654463
2023-02-03,411.59,416.97,411.09,412.35,396.352,-1.06%,94736781
2023-02-06,409.79,411.29,408.10,409.83,393.930,-0.61%,60295325
2023-02-07,408.87,416.49,407.57,415.19,399.082,+1.31%,90990745
2023-02-08,413.13,414.53,409.93,410.65,394.718,-1.09%,76227462
2023-02-09,414.41,414.57,405.81,407.09,391.296,-0.87%,78694859
2023-02-10,405.86,408.44,405.01,408.04,392.209,+0.23%,70769715
2023-02-13,408.72,412.97,408.24,412.83,396.814,+1.17%,64913539
2023-02-14,411.24,415.05,408.51,412.64,396.631,-0.05%,88389313
2023-02-15,410.35,414.06,409.47,413.98,397.919,+0.32%,61685279
2023-02-16,408.79,412.91,408.14,408.28,392.440,-1.38%,76431469
2023-02-17,406.06,407.51,404.05,407.26,391.460,-0.25%,89257815
2023-02-21,403.06,404.16,398.82,399.09,383.607,-2.01%,82655924
2023-02-22,399.52,401.13,397.02,398.54,383.078,-0.14%,83742293
2023-02-23,401.56,402.20,396.25,400.66,385.116,+0.53%,96242399
2023-02-24,395.42,397.25,393.64,396.38,381.002,-1.07%,108194413
2023-02-27,399.87,401.29,396.75,397.73,382.299,+0.34%,80444736
2023-02-28,397.23,399.28,396.15,396.26,380.886,-0.37%,96438567
2023-03-01,395.41,396.69,393.38,394.74,379.425,-0.38%,99706823
2023-03-02,392.68,398.69,392.33,397.81,382.376,+0.78%,85404726
2023-03-03,399.71,404.45,399.03,404.19,388.509,+1.60%,90119952
2023-03-06,405.05,407.45,404.01,404.47,388.778,+0.07%,72795946
2023-03-07,404.42,404.67,397.62,398.27,382.818,-1.53%,108310596
2023-03-08,398.39,399.71,396.59,398.92,383.443,+0.16%,74746632
2023-03-09,399.74,401.48,390.53,391.56,376.369,-1.84%,111945322
2023-03-10,390.99,393.16,384.32,385.91,370.938,-1.44%,189252996
2023-03-13,381.81,390.39,380.65,385.36,370.409,-0.14%,157789967
2023-03-14,390.50,393.45,387.05,391.73,376.532,+1.65%,149752357
2023-03-15,385.89,389.49,383.71,389.28,374.177,-0.63%,172996933
2023-03-16,386.82,396.47,386.29,396.11,380.742,+1.75%,143753940
2023-03-17,393.22,394.40,388.55,389.99,376.307,-1.55%,140553411
2023-03-20,390.80,394.17,390.07,393.74,379.926,+0.96%,93055783
2023-03-21,397.24,399.41,395.58,398.91,384.915,+1.31%,91524248
2023-03-22,398.73,402.49,392.07,392.11,378.353,-1.70%,111746583
2023-03-23,395.09,399.29,390.35,393.17,379.376,+0.27%,119351319
2023-03-24,391.84,395.84,389.40,395.75,381.865,+0.66%,107770124
2023-03-27,398.12,398.92,395.56,396.49,382.579,+0.19%,74010408
2023-03-28,395.77,396.49,393.69,395.60,381.721,-0.22%,62871680
2023-03-29,399.93,401.60,398.68,401.35,387.269,+1.45%,77497876
2023-03-30,404.09,404.35,401.76,403.70,389.536,+0.59%,69840049
2023-03-31,404.66,409.70,404.55,409.39,395.027,+1.41%,112062624
2023-04-03,408.85,411.37,408.44,410.95,396.532,+0.38%,67391097
2023-04-04,411.62,411.92,407.24,408.67,394.332,-0.55%,66601534
2023-04-05,407.91,408.70,405.88,407.60,393.300,-0.26%,65200243
2023-04-06,406.77,409.48,405.68,409.19,394.834,+0.39%,63743345
2023-04-10,406.61,409.69,405.97,409.61,395.239,+0.10%,63681042
2023-04-11,410.26,411.18,408.92,409.72,395.345,+0.03%,59297945
2023-04-12,411.87,412.17,407.44,408.05,393.734,-0.41%,86420379
2023-04-13,409.18,413.84,407.99,413.47,398.964,+1.33%,85814754
2023-04-14,412.81,415.09,410.06,412.46,397.989,-0.24%,78161500
2023-04-17,412.37,413.96,411.08,413.94,399.417,+0.36%,65496534
2023-04-18,415.58,415.72,412.78,414.21,399.678,+0.07%,63559997
2023-04-19,412.22,415.08,412.16,414.14,399.610,-0.02%,55227330
2023-04-20,411.21,413.70,410.27,411.88,397.429,-0.55%,75840359
2023-04-21,412.19,412.68,410.17,412.20,397.738,+0.08%,73457422
2023-04-24,411.99,413.07,410.60,412.63,398.153,+0.10%,64332095
2023-04-25,410.58,411.16,406.02,406.08,391.833,-1.59%,97766721
2023-04-26,406.72,407.84,403.78,404.36,390.173,-0.42%,78319853
2023-04-27,407.00,412.69,406.74,412.41,397.941,+1.99%,92968369
2023-04-28,411.49,415.94,411.43,415.93,401.337,+0.85%,89433137
2023-05-01,415.47,417.62,415.26,415.51,400.932,-0.10%,62122254
2023-05-02,414.77,414.82,407.82,410.84,396.426,-1.12%,103998484
2023-05-03,411.36,413.87,407.77,408.02,393.705,-0.69%,91531769
2023-05-04,406.93,407.27,403.74,405.13,390.916,-0.71%,94901863
2023-05-05,408.91,413.72,408.64,412.63,398.153,+1.85%,87891791
2023-05-08,412.97,413.24,411.28,412.74,398.259,+0.03%,50046768
2023-05-09,411.13,412.09,410.69,410.93,396.513,-0.44%,49220119
2023-05-10,413.88,414.54,408.87,412.85,398.365,+0.47%,96142922
2023-05-11,411.95,412.43,409.97,412.13,397.671,-0.17%,70157064
2023-05-12,413.42,413.64,409.07,411.59,397.150,-0.13%,70481548
2023-05-15,412.22,413.43,410.23,413.01,398.520,+0.35%,54289383
2023-05-16,411.86,412.81,410.24,410.25,395.857,-0.67%,57705495
2023-05-17,412.35,415.86,410.63,415.23,400.662,+1.21%,87286957
2023-05-18,414.90,419.67,414.67,419.23,404.522,+0.96%,97177195
2023-05-19,420.17,420.72,417.35,418.62,403.933,-0.15%,103793317
2023-05-22,418.64,420.39,417.35,418.79,404.097,+0.04%,60745399
2023-05-23,417.08,418.72,413.68,414.09,399.562,-1.12%,86383493
2023-05-24,412.42,412.82,409.88,411.09,396.667,-0.72%,89213678
2023-05-25,414.74,416.16,412.41,414.65,400.102,+0.87%,90961606
2023-05-26,415.33,420.77,415.25,420.02,405.284,+1.30%,93829975
2023-05-30,422.03,422.58,418.74,420.18,405.438,+0.04%,72215960
2023-05-31,418.28,419.22,416.22,417.85,403.190,-0.55%,106350372
2023-06-01,418.09,422.92,416.79,421.82,407.021,+0.95%,88865018
2023-06-02,424.50,428.74,423.95,427.92,412.907,+1.45%,91426171
2023-06-05,428.28,429.62,426.37,427.10,412.115,-0.19%,65460158
2023-06-06,426.67,428.58,425.99,428.03,413.013,+0.22%,64022175
2023-06-07,428.44,429.62,426.11,426.55,411.585,-0.35%,85373275
2023-06-08,426.62,429.60,425.82,429.13,414.074,+0.60%,61952842
2023-06-09,429.96,431.99,428.87,429.90,414.817,+0.18%,85647268
2023-06-12,430.92,433.88,430.17,433.80,418.580,+0.91%,76256703
2023-06-13,435.32,437.33,434.63,436.66,421.340,+0.66%,95899704
2023-06-14,437.01,439.06,433.59,437.18,421.842,+0.12%,100612080
2023-06-15,436.33,443.90,436.23,442.60,427.072,+1.24%,110303091
2023-06-16,443.02,443.61,438.97,439.46,425.623,-0.71%,114165849
2023-06-20,437.45,438.37,435.03,437.18,423.415,-0.52%,76160359
2023-06-21,436.16,436.99,434.33,434.94,421.245,-0.51%,76982251
2023-06-22,433.95,436.62,433.60,436.51,422.766,+0.36%,70637175
2023-06-23,432.93,435.06,432.47,433.21,419.570,-0.76%,92074537
2023-06-26,432.62,434.61,431.19,431.44,417.855,-0.41%,72823560
2023-06-27,432.35,436.81,431.88,436.17,422.436,+1.10%,72813699
2023-06-28,435.05,437.44,434.41,436.39,422.649,+0.05%,75635976
2023-06-29,435.96,438.28,435.54,438.11,424.315,+0.39%,67882304
2023-06-30,441.44,444.30,441.11,443.28,429.322,+1.18%,104964019
2023-07-03,442.92,444.08,442.63,443.79,429.816,+0.12%,32793378
2023-07-05,441.91,443.89,441.90,443.13,429.177,-0.15%,58418432
2023-07-06,439.42,440.10,437.06,439.66,425.816,-0.78%,80658302
2023-07-07,438.63,442.64,438.30,438.55,424.741,-0.25%,86134178
2023-07-10,438.18,439.84,437.58,439.66,425.816,+0.25%,62443501
2023-07-11,440.45,442.97,439.44,442.46,428.528,+0.64%,64463752
2023-07-12,446.39,447.48,444.91,446.02,431.976,+0.80%,91924527
2023-07-13,447.90,450.38,447.45,449.56,435.405,+0.79%,72425241
2023-07-14,450.48,451.36,448.49,449.28,435.134,-0.06%,69815823
2023-07-17,449.13,451.93,449.08,450.84,436.644,+0.35%,52680221
2023-07-18,450.50,454.86,450.05,454.19,439.889,+0.74%,80744448
2023-07-19,455.01,456.43,454.11,455.20,440.867,+0.22%,65891688
2023-07-20,454.17,455.10,451.44,452.18,437.942,-0.66%,70591642
2023-07-21,453.96,454.17,452.17,452.18,437.942,0.00%,71275618
2023-07-24,453.37,455.04,452.30,454.20,439.899,+0.45%,54023382
2023-07-25,453.92,456.74,453.87,455.44,441.100,+0.27%,55191240
2023-07-26,454.47,456.99,453.38,455.51,441.167,+0.02%,71052885
2023-07-27,459.02,459.44,451.55,452.49,438.242,-0.66%,92194375
2023-07-28,455.88,457.78,452.49,456.92,442.533,+0.98%,80011790
2023-07-31,457.41,458.16,456.05,457.79,443.376,+0.19%,62040449
2023-08-01,456.27,457.25,455.49,456.48,442.107,-0.29%,55502199
2023-08-02,453.25,453.52,449.35,450.13,435.957,-1.39%,93933369
2023-08-03,448.04,450.79,447.37,448.84,434.707,-0.29%,64419692
2023-08-04,450.72,452.89,446.27,446.81,432.741,-0.45%,100128902
2023-08-07,448.71,450.87,447.99,450.71,436.519,+0.87%,58357464
2023-08-08,448.08,450.69,445.27,448.75,434.620,-0.43%,71361324
2023-08-09,449.03,449.20,444.96,445.75,431.715,-0.67%,78789575
2023-08-10,448.19,451.70,444.70,445.91,431.870,+0.04%,93005495
2023-08-11,443.97,446.70,443.35,445.65,431.618,-0.06%,68690902
2023-08-14,444.70,448.11,444.38,448.11,434.000,+0.55%,47867441
2023-08-15,446.27,446.64,442.30,442.89,428.945,-1.16%,75707534
2023-08-16,442.46,444.18,439.53,439.64,425.797,-0.73%,80107206
2023-08-17,441.16,441.43,435.75,436.29,422.553,-0.76%,95711315
2023-08-18,433.37,437.57,433.01,436.50,422.756,+0.05%,98851960
2023-08-21,437.55,440.11,435.32,439.34,425.507,+0.65%,68718957
2023-08-22,441.18,441.18,437.57,438.15,424.354,-0.27%,65062861
2023-08-23,439.25,443.67,439.10,443.03,429.080,+1.11%,68441021
2023-08-24,444.69,445.22,436.86,436.89,423.134,-1.39%,88517272
2023-08-25,438.68,441.30,435.00,439.97,426.117,+0.70%,102325103
2023-08-28,442.24,443.40,439.97,442.76,428.819,+0.63%,61595393
2023-08-29,442.65,449.45,442.46,449.16,435.017,+1.45%,83081916
2023-08-30,449.51,451.67,448.78,451.01,436.809,+0.41%,69053911
2023-08-31,451.65,452.83,450.16,450.35,436.170,-0.15%,66084563
2023-09-01,453.17,453.67,449.68,451.19,436.983,+0.19%,58944098
2023-09-05,450.73,451.06,449.17,449.24,435.095,-0.43%,55166210
2023-09-06,448.40,448.51,443.81,446.22,432.170,-0.67%,70758512
2023-09-07,443.11,445.55,442.75,444.85,430.843,-0.31%,70355426
2023-09-08,444.90,447.11,444.53,445.52,431.492,+0.15%,62068437
2023-09-11,448.24,448.77,446.47,448.45,434.330,+0.66%,60180118
2023-09-12,446.95,448.53,445.39,445.99,431.947,-0.55%,67565422
2023-09-13,446.22,447.71,445.08,446.51,432.451,+0.12%,60199272
2023-09-14,449.07,451.08,447.71,450.36,436.180,+0.86%,83430814
2023-09-15,447.14,447.48,442.92,443.37,430.943,-1.55%,111848859
2023-09-18,443.05,444.97,442.56,443.63,431.196,+0.06%,55752213
2023-09-19,442.68,443.29,439.94,442.71,430.301,-0.21%,66514648
2023-09-20,444.01,444.44,438.43,438.64,426.346,-0.92%,82562602
2023-09-21,435.70,435.97,431.23,431.39,419.299,-1.65%,104095826
2023-09-22,432.45,434.10,429.99,430.42,418.356,-0.22%,100829684
2023-09-25,429.17,432.27,428.72,432.23,420.115,+0.42%,70874534
2023-09-26,429.09,429.82,425.02,425.88,413.943,-1.47%,96168436
2023-09-27,427.09,427.67,422.29,426.05,414.108,+0.04%,104705847
2023-09-28,425.48,430.25,424.87,428.52,416.509,+0.58%,92258308
2023-09-29,431.67,431.85,425.91,427.48,415.498,-0.24%,115111319
2023-10-02,426.62,428.60,424.46,427.31,415.333,-0.04%,83798599
2023-10-03,425.06,427.37,420.18,421.59,409.773,-1.34%,103760607
2023-10-04,422.07,425.43,420.56,424.66,412.757,+0.73%,87452968
2023-10-05,424.36,425.37,421.17,424.50,412.602,-0.04%,70142744
2023-10-06,421.97,431.12,420.60,429.54,417.501,+1.19%,113273309
2023-10-09,427.58,432.88,427.01,432.29,420.173,+0.64%,80374362
2023-10-10,432.94,437.22,432.53,434.54,422.360,+0.52%,78607268
2023-10-11,435.64,436.58,433.18,436.32,424.091,+0.41%,62451736
2023-10-12,436.95,437.33,431.23,433.66,421.505,-0.61%,81154230
2023-10-13,435.21,436.45,429.88,431.50,419.406,-0.50%,95201132
2023-10-16,433.82,437.14,433.57,436.04,423.818,+1.05%,75433194
2023-10-17,432.81,438.14,432.45,436.02,423.799,-0.00%,75324708
2023-10-18,434.19,435.18,429.09,430.21,418.152,-1.33%,93559798
2023-10-19,430.95,432.82,425.73,426.43,414.478,-0.88%,121322957
2023-10-20,425.98,426.54,421.08,421.19,409.385,-1.23%,123919874
2023-10-23,419.61,424.45,417.80,420.46,408.675,-0.17%,92035095
2023-10-24,422.65,424.82,420.74,423.63,411.756,+0.75%,78564239
2023-10-25,421.89,421.92,417.01,417.55,405.847,-1.44%,94223198
2023-10-26,416.45,417.32,411.60,412.55,400.987,-1.20%,115156761
2023-10-27,414.19,414.60,409.21,410.68,399.169,-0.45%,107367671
2023-10-30,413.56,416.68,412.22,415.59,403.942,+1.20%,86562675
2023-10-31,416.18,418.53,414.21,418.20,406.478,+0.63%,79665150
2023-11-01,419.20,423.50,418.65,422.66,410.813,+1.07%,98068115
2023-11-02,426.58,430.92,426.56,430.76,418.686,+1.92%,94938909
2023-11-03,433.14,436.29,433.01,434.69,422.506,+0.91%,100167775
2023-11-06,435.47,436.15,433.68,435.69,423.478,+0.23%,67831660
2023-11-07,435.69,437.58,434.51,436.93,424.683,+0.28%,64256114
2023-11-08,437.55,438.09,434.87,437.25,424.994,+0.07%,61746027
2023-11-09,438.43,438.47,433.40,433.84,421.680,-0.78%,83174417
2023-11-10,435.98,440.93,433.83,440.61,428.260,+1.56%,89558054
2023-11-13,439.23,441.33,438.42,440.19,427.852,-0.10%,52236068
2023-11-14,446.32,450.06,446.09,448.73,436.153,+1.94%,97176935
2023-11-15,450.11,451.38,448.80,449.68,437.076,+0.21%,77327573
2023-11-16,449.22,450.56,448.12,450.23,437.611,+0.12%,66665797
2023-11-17,450.24,451.42,449.29,450.79,438.155,+0.12%,83193902
2023-11-20,450.53,455.12,450.52,454.26,441.528,+0.77%,70055633
2023-11-21,453.18,454.13,451.96,453.27,440.565,-0.22%,49244639
2023-11-22,454.98,456.38,453.89,455.02,442.266,+0.39%,59446573
2023-11-24,455.07,455.50,454.73,455.30,442.539,+0.06%,29737375
2023-11-27,454.65,455.49,454.08,454.48,441.742,-0.18%,50505985
2023-11-28,454.08,456.27,453.50,454.93,442.179,+0.10%,62115011
2023-11-29,457.15,458.32,454.20,454.61,441.868,-0.07%,63145992
2023-11-30,455.48,456.76,453.34,456.40,443.608,+0.39%,79752700
2023-12-01,455.77,459.65,455.16,459.10,446.232,+0.59%,89183400
2023-12-04,455.60,459.12,454.34,456.69,443.890,-0.52%,72430888
2023-12-05,455.26,457.59,454.87,456.60,443.802,-0.02%,69793469
2023-12-06,458.81,458.84,454.31,454.76,442.014,-0.40%,67701116
2023-12-07,456.91,458.90,456.29,458.23,445.386,+0.76%,66995446
2023-12-08,457.46,460.75,457.21,460.20,447.301,+0.43%,83194404
2023-12-11,459.69,462.17,459.47,461.99,449.041,+0.39%,65002247
2023-12-12,461.63,464.20,460.60,464.10,451.092,+0.46%,68327617
2023-12-13,464.49,470.76,464.12,470.50,457.313,+1.38%,93277960
2023-12-14,472.50,473.73,469.25,472.01,458.780,+0.32%,119026049
2023-12-15,469.49,470.70,467.43,469.33,458.028,-0.57%,141553673
2023-12-18,470.98,472.98,469.89,471.97,460.604,+0.56%,70375285
2023-12-19,472.53,474.92,472.45,474.84,463.405,+0.61%,52024922
2023-12-20,473.96,475.89,467.82,468.26,456.984,-1.39%,102920959
2023-12-21,471.33,472.98,468.84,472.70,461.317,+0.95%,86667465
2023-12-22,473.86,475.38,471.70,473.65,462.244,+0.20%,67160419
2023-12-26,474.07,476.58,473.99,475.65,464.196,+0.42%,55386952
2023-12-27,475.44,476.66,474.89,476.51,465.035,+0.18%,63874396
2023-12-28,476.88,477.55,476.26,476.69,465.211,+0.04%,77158116
2023-12-29,476.49,477.03,473.30,475.31,463.864,-0.29%,122283149
2024-01-02,472.16,473.67,470.49,472.65,461.268,-0.56%,123007793
2024-01-03,470.43,471.19,468.17,468.79,457.501,-0.82%,103585866
2024-01-04,468.30,470.96,467.05,467.28,456.027,-0.32%,84232169
2024-01-05,467.49,470.44,466.43,467.92,456.652,+0.14%,85553758
2024-01-08,468.43,474.75,468.30,474.60,463.171,+1.43%,74879074
2024-01-09,471.87,474.93,471.35,473.88,462.468,-0.15%,65931439
2024-01-10,474.16,477.45,473.87,476.56,465.084,+0.57%,67310640
2024-01-11,477.59,478.12,472.26,476.35,464.879,-0.04%,77940723
2024-01-12,477.84,478.60,475.23,476.68,465.201,+0.07%,58026420
2024-01-16,475.26,476.61,473.06,474.93,463.493,-0.37%,85014870
2024-01-17,471.82,472.79,469.87,472.29,460.917,-0.56%,68843871
2024-01-18,474.01,477.06,472.42,476.49,465.016,+0.89%,91856248
2024-01-19,477.65,482.72,476.54,482.43,470.812,+1.25%,110834483
2024-01-22,484.01,485.22,482.78,483.45,471.808,+0.21%,75844931
2024-01-23,484.01,485.11,482.89,484.86,473.184,+0.29%,49945297
2024-01-24,487.81,488.77,484.88,485.39,473.701,+0.11%,80222006
2024-01-25,487.57,488.31,485.39,488.03,476.278,+0.54%,72524989
2024-01-26,487.59,489.12,486.54,487.41,475.673,-0.13%,76641609
2024-01-29,487.73,491.42,487.17,491.27,479.440,+0.79%,61322751
2024-01-30,490.56,491.62,490.11,490.89,479.069,-0.08%,58618386
2024-01-31,488.62,489.08,482.86,482.88,471.252,-1.63%,126011062
2024-02-01,484.63,489.23,483.80,489.20,477.419,+1.31%,91891637
2024-02-02,489.65,496.05,489.30,494.35,482.445,+1.05%,99228192
2024-02-05,493.69,494.38,490.23,492.55,480.689,-0.36%,75757102
2024-02-06,493.52,494.32,492.05,493.98,482.084,+0.29%,55918602
2024-02-07,496.29,498.53,495.36,498.10,486.105,+0.83%,70556506
2024-02-08,498.10,498.71,497.26,498.32,486.320,+0.04%,52343636
2024-02-09,498.84,501.65,498.49,501.20,489.130,+0.58%,63979375
2024-02-12,501.17,503.50,500.24,500.98,488.916,-0.04%,56502283
2024-02-13,494.53,497.09,490.71,494.08,482.182,-1.38%,113099199
2024-02-14,496.79,499.07,494.40,498.57,486.564,+0.91%,68387827
2024-02-15,499.29,502.20,498.80,502.01,489.921,+0.69%,61682960
2024-02-16,501.70,502.87,498.75,499.51,487.481,-0.50%,75532928
2024-02-20,497.72,498.41,494.45,496.76,484.797,-0.55%,71736740
2024-02-21,495.42,497.37,493.56,497.21,485.237,+0.09%,59603771
2024-02-22,504.01,508.49,503.02,507.50,495.279,+2.07%,76402535
2024-02-23,509.27,510.13,507.10,507.85,495.620,+0.07%,61321818
2024-02-26,508.30,508.75,505.86,505.99,493.805,-0.37%,50386738
2024-02-27,506.70,507.16,504.75,506.93,494.723,+0.19%,48854528
2024-02-28,505.33,506.86,504.96,506.26,494.069,-0.13%,56506634
2024-02-29,508.07,509.74,505.35,508.08,495.845,+0.36%,83924795
2024-03-01,508.98,513.29,508.56,512.85,500.500,+0.94%,76844844
2024-03-04,512.03,514.20,512.00,512.30,499.963,-0.11%,49799257
2024-03-05,510.24,510.70,504.91,507.18,494.966,-1.00%,72855623
2024-03-06,510.55,512.07,508.42,509.75,497.475,+0.51%,68382367
2024-03-07,513.14,515.89,509.81,514.81,502.413,+0.99%,58652085
2024-03-08,515.46,518.22,511.13,511.72,499.397,-0.60%,86532535
2024-03-11,510.48,511.88,508.50,511.28,498.968,-0.09%,61872913
2024-03-12,513.45,517.38,510.86,516.78,504.335,+1.08%,70833119
2024-03-13,517.11,517.29,514.49,515.97,503.545,-0.16%,54438487
2024-03-14,516.97,517.12,511.82,514.95,502.549,-0.20%,103493184
2024-03-15,510.21,511.70,508.12,509.83,499.109,-0.99%,107646297
2024-03-18,514.00,515.48,512.44,512.86,502.075,+0.59%,88893331
2024-03-19,512.15,516.00,511.12,515.71,504.866,+0.56%,60755263
2024-03-20,515.77,520.62,515.08,520.48,509.535,+0.92%,69594574
2024-03-21,523.39,524.11,521.91,522.20,511.219,+0.33%,60256112
2024-03-22,522.11,522.61,520.97,521.21,510.250,-0.19%,79070842
2024-03-25,519.80,520.95,519.61,519.77,508.840,-0.28%,48512108
2024-03-26,521.23,521.58,518.40,518.81,507.900,-0.18%,65463744
2024-03-27,521.71,523.21,519.49,523.17,512.169,+0.84%,82999777
2024-03-28,523.21,524.61,522.78,523.07,512.071,-0.02%,96294886
2024-04-01,523.83,524.38,520.97,522.16,511.180,-0.17%,61182995
2024-04-02,518.24,518.98,516.48,518.84,507.930,-0.64%,72924463
2024-04-03,517.72,520.95,517.66,519.41,508.488,+0.11%,58385823
2024-04-04,523.52,523.87,512.75,513.07,502.281,-1.22%,95643401
2024-04-05,514.46,520.44,514.01,518.43,507.528,+1.04%,73736571
2024-04-08,519.15,520.18,517.89,518.72,507.812,+0.06%,47850048
2024-04-09,520.50,520.75,514.35,519.32,508.400,+0.12%,67283576
2024-04-10,513.48,516.16,512.09,514.12,503.309,-1.00%,82652806
2024-04-11,515.68,519.48,512.08,518.00,507.107,+0.75%,70099007
2024-04-12,514.37,515.82,509.08,510.85,500.108,-1.38%,92561094
2024-04-15,515.13,515.30,503.58,504.45,493.842,-1.25%,92101447
2024-04-16,504.94,506.50,502.21,503.53,492.942,-0.18%,73484020
2024-04-17,506.05,506.22,499.12,500.55,490.024,-0.59%,75910305
2024-04-18,501.98,504.13,498.56,499.52,489.016,-0.21%,74548085
2024-04-19,499.44,500.45,493.86,495.16,484.748,-0.87%,102212587
2024-04-22,497.83,502.38,495.43,499.72,489.212,+0.92%,67961048
2024-04-23,501.78,506.09,499.53,505.65,495.017,+1.19%,64633620
2024-04-24,506.56,507.37,503.13,505.41,494.782,-0.05%,55928076
2024-04-25,499.18,504.27,497.49,503.49,492.903,-0.38%,69122368
2024-04-26,506.35,509.88,505.70,508.26,497.572,+0.95%,64306118
2024-04-29,510.09,510.75,507.25,510.06,499.334,+0.35%,46415449
2024-04-30,508.56,509.56,501.98,501.98,491.424,-1.58%,77483566
2024-05-01,501.38,508.19,499.87,500.35,489.829,-0.32%,80242839
2024-05-02,504.15,505.89,499.55,505.03,494.410,+0.94%,62550179
2024-05-03,511.16,512.55,508.56,511.29,500.538,+1.24%,72756709
2024-05-06,513.75,516.61,513.30,516.57,505.707,+1.03%,47264703
2024-05-07,517.56,518.57,516.45,517.14,506.265,+0.11%,52561299
2024-05-08,515.26,517.74,515.14,517.19,506.314,+0.01%,42047214
2024-05-09,517.38,520.21,516.71,520.17,509.232,+0.58%,43643668
2024-05-10,521.81,522.63,519.59,520.84,509.888,+0.13%,52233171
2024-05-13,522.56,522.67,519.74,520.91,509.956,+0.01%,36716361
2024-05-14,521.11,523.83,520.56,523.30,512.296,+0.46%,57535867
2024-05-15,525.83,530.08,525.18,529.78,518.640,+1.24%,59504897
2024-05-16,529.88,531.52,528.54,528.69,517.573,-0.21%,50244827
2024-05-17,528.81,529.52,527.32,529.45,518.317,+0.14%,59187585
2024-05-20,529.57,531.56,529.17,530.06,518.914,+0.12%,37764206
2024-05-21,529.28,531.52,529.07,531.36,520.186,+0.25%,33437001
2024-05-22,530.65,531.38,527.60,529.83,518.689,-0.29%,48389968
2024-05-23,532.96,533.07,524.72,525.96,514.900,-0.73%,57211197
2024-05-24,527.85,530.27,526.88,529.44,518.307,+0.66%,41291076
2024-05-28,530.27,530.51,527.11,529.81,518.669,+0.07%,36269602
2024-05-29,525.68,527.31,525.37,526.10,515.037,-0.70%,45190323
2024-05-30,524.52,525.20,521.33,522.61,511.620,-0.66%,46468510
2024-05-31,523.59,527.50,518.36,527.37,516.280,+0.91%,90785755
2024-06-03,529.02,529.31,522.60,527.80,516.701,+0.08%,46835702
2024-06-04,526.46,529.15,524.96,528.39,517.279,+0.11%,34632661
2024-06-05,530.77,534.69,528.73,534.67,523.427,+1.19%,47610365
2024-06-06,534.98,535.42,532.68,534.66,523.417,-0.00%,30808530
2024-06-07,533.66,536.89,532.53,534.01,522.781,-0.12%,43224525
2024-06-10,533.18,535.99,532.57,535.66,524.396,+0.31%,35729252
2024-06-11,534.07,537.01,532.05,536.95,525.659,+0.24%,36383411
2024-06-12,541.63,544.12,540.30,541.36,529.976,+0.82%,63251305
2024-06-13,543.15,543.33,539.59,542.45,531.043,+0.20%,44760949
2024-06-14,540.88,542.81,539.85,542.78,531.366,+0.06%,40089895
2024-06-17,542.08,548.53,541.61,547.10,535.595,+0.80%,55839457
2024-06-18,547.16,548.62,546.73,548.49,536.956,+0.25%,41376417
2024-06-20,549.44,550.12,545.18,547.00,535.498,-0.27%,70328226
2024-06-21,544.40,545.65,543.02,544.51,534.782,-0.46%,64513859
2024-06-24,544.33,546.95,542.62,542.74,533.044,-0.33%,45528654
2024-06-25,543.99,545.20,542.44,544.83,535.096,+0.39%,38273346
2024-06-26,543.69,546.24,543.03,545.51,535.764,+0.12%,38550637
2024-06-27,545.37,546.96,544.61,546.37,536.609,+0.16%,35041480
2024-06-28,547.16,550.28,542.95,544.22,534.497,-0.39%,76144535
2024-07-01,545.63,545.88,542.52,545.34,535.597,+0.21%,40297810
2024-07-02,543.70,549.01,543.65,549.01,539.202,+0.67%,40434792
2024-07-03,548.69,551.83,548.65,551.46,541.608,+0.45%,32789911
2024-07-05,551.77,555.05,551.12,554.64,544.731,+0.58%,41488389
2024-07-08,555.44,556.25,554.19,555.28,545.360,+0.12%,36110451
2024-07-09,556.26,557.18,555.52,555.82,545.890,+0.10%,27314125
2024-07-10,557.07,561.67,556.77,561.32,551.292,+0.99%,38701220
2024-07-11,561.44,562.33,555.83,556.48,546.538,-0.86%,53054184
2024-07-12,557.63,563.67,557.15,559.99,549.985,+0.63%,53084405
2024-07-15,562.03,564.84,559.63,561.53,551.498,+0.28%,40584293
2024-07-16,562.87,565.16,562.10,564.86,554.768,+0.59%,36475260
2024-07-17,558.80,560.51,556.61,556.94,546.990,-1.40%,57118956
2024-07-18,558.51,559.52,550.43,552.66,542.786,-0.77%,56270392
2024-07-19,552.42,554.08,547.91,548.99,539.182,-0.66%,65509081
2024-07-22,553.00,555.27,551.02,554.65,544.741,+1.03%,43346720
2024-07-23,554.54,556.74,553.27,553.78,543.886,-0.16%,34439561
2024-07-24,548.86,549.17,540.29,541.23,531.561,-2.27%,74515266
2024-07-25,541.35,547.46,537.45,538.41,528.791,-0.52%,61158288
2024-07-26,542.28,547.19,541.49,544.44,534.713,+1.12%,53763788
2024-07-29,546.02,547.05,542.72,544.76,535.028,+0.06%,39515824
2024-07-30,546.26,547.34,538.51,542.00,532.317,-0.51%,46853632
2024-07-31,548.98,553.50,547.58,550.81,540.969,+1.63%,65663388
2024-08-01,552.57,554.87,539.43,543.01,533.309,-1.42%,76428732
2024-08-02,535.75,536.99,528.60,532.90,523.379,-1.86%,82789070
2024-08-05,511.64,523.58,510.27,517.38,508.137,-2.91%,146267391
2024-08-06,519.22,529.75,517.87,522.15,512.821,+0.92%,84826312
2024-08-07,528.47,531.59,518.05,518.66,509.394,-0.67%,70698340
2024-08-08,523.91,531.29,521.84,530.65,521.170,+2.31%,63276589
2024-08-09,529.81,534.51,528.56,532.99,523.468,+0.44%,45619558
2024-08-12,534.21,535.73,530.95,533.27,523.743,+0.05%,42542069
2024-08-13,536.53,542.28,536.28,542.04,532.356,+1.64%,52333073
2024-08-14,542.85,544.96,540.12,543.75,534.036,+0.32%,42446929
2024-08-15,549.50,553.36,548.88,553.07,543.189,+1.71%,60846812
2024-08-16,551.42,555.02,551.26,554.31,544.407,+0.22%,44430728
2024-08-19,554.73,559.61,553.86,559.61,549.612,+0.96%,39121793
2024-08-20,559.15,560.84,557.33,558.70,548.718,-0.16%,33732264
2024-08-21,559.77,562.11,554.73,560.62,550.604,+0.34%,41514600
2024-08-22,562.56,563.18,554.98,556.22,546.283,-0.78%,56121456
2024-08-23,559.53,563.09,557.29,562.13,552.087,+1.06%,50639393
2024-08-26,563.18,563.91,559.05,560.79,550.771,-0.24%,35788609
2024-08-27,559.49,562.06,558.32,561.56,551.527,+0.14%,32693898
2024-08-28,561.21,561.65,555.04,558.30,548.326,-0.58%,41066024
2024-08-29,560.31,563.68,557.18,558.35,548.375,+0.01%,38715176
2024-08-30,560.77,564.20,557.14,563.68,553.609,+0.95%,62700110
2024-09-03,560.47,560.81,549.51,552.08,542.217,-2.06%,60600113
2024-09-04,550.20,554.43,549.46,550.95,541.107,-0.20%,46232483
2024-09-05,550.89,553.80,547.10,549.61,539.791,-0.24%,44264258
2024-09-06,549.94,551.60,539.44,540.36,530.706,-1.68%,68493805
2024-09-09,544.65,547.71,542.68,546.41,536.648,+1.12%,40445822
2024-09-10,548.36,549.15,543.38,548.79,538.986,+0.44%,36394579
2024-09-11,548.70,555.36,539.96,554.42,544.515,+1.03%,75248608
2024-09-12,555.01,559.40,552.74,559.09,549.101,+0.84%,51892735
2024-09-13,559.71,563.03,559.45,562.01,551.969,+0.52%,39310501
2024-09-16,561.74,563.11,559.90,562.84,552.784,+0.15%,36656122
2024-09-17,565.10,566.58,560.79,563.07,553.010,+0.04%,49320970
2024-09-18,563.74,568.69,560.83,561.40,551.370,-0.30%,59044937
2024-09-19,571.01,572.88,568.08,570.98,560.779,+1.71%,75315470
2024-09-20,567.84,569.31,565.17,568.25,559.812,-0.48%,77503110
2024-09-23,569.34,570.33,568.10,569.67,561.211,+0.25%,44116922
2024-09-24,570.48,571.36,567.60,571.30,562.817,+0.29%,46805672
2024-09-25,571.14,571.89,568.91,570.04,561.576,-0.22%,38428587
2024-09-26,574.38,574.71,569.90,572.30,563.802,+0.40%,48336004
2024-09-27,573.39,574.22,570.42,571.47,562.984,-0.15%,42100928
2024-09-30,570.42,574.38,568.08,573.76,565.240,+0.40%,63655448
2024-10-01,573.40,574.06,566.00,568.62,560.177,-0.90%,72668778
2024-10-02,567.71,569.90,565.27,568.86,560.413,+0.04%,38097798
2024-10-03,567.36,569.80,565.49,567.82,559.389,-0.18%,40846466
2024-10-04,572.35,573.36,568.10,572.98,564.472,+0.91%,43005186
2024-10-07,571.30,571.96,566.63,567.80,559.369,-0.90%,49964690
2024-10-08,570.42,573.78,569.53,573.17,564.659,+0.95%,37398693
2024-10-09,573.16,577.71,572.55,577.14,568.570,+0.69%,37912244
2024-10-10,575.77,577.58,574.49,576.13,567.575,-0.18%,44138060
2024-10-11,576.05,580.33,575.91,579.58,570.974,+0.60%,42267994
2024-10-14,581.22,585.27,580.73,584.32,575.644,+0.82%,36217215
2024-10-15,584.59,584.90,578.54,579.78,571.171,-0.78%,54203636
2024-10-16,579.78,582.83,578.96,582.30,573.654,+0.43%,30725436
2024-10-17,585.91,586.12,582.16,582.35,573.703,+0.01%,34393714
2024-10-18,584.07,585.39,582.58,584.59,575.910,+0.38%,37416801
2024-10-21,583.85,584.85,580.60,583.63,574.964,-0.16%,36439010
2024-10-22,581.05,584.50,580.38,583.32,574.658,-0.05%,34183835
2024-10-23,581.26,581.71,574.41,577.99,569.408,-0.91%,49314574
2024-10-24,579.98,580.06,576.57,579.24,570.639,+0.22%,34979860
2024-10-25,581.51,584.46,578.08,579.04,570.442,-0.03%,47268176
2024-10-28,582.58,582.71,580.52,580.83,572.205,+0.31%,30174704
2024-10-29,579.85,582.91,578.43,581.77,573.131,+0.16%,42899661
2024-10-30,581.29,583.32,579.29,580.01,571.398,-0.30%,41435839
2024-10-31,575.56,575.63,568.44,568.64,560.196,-1.96%,60182451
2024-11-01,571.32,575.55,570.62,571.04,562.561,+0.42%,45667533
2024-11-04,571.18,572.50,567.89,569.81,561.349,-0.22%,38216975
2024-11-05,570.74,576.74,570.52,576.70,568.137,+1.21%,39478322
2024-11-06,589.20,591.93,585.39,591.04,582.264,+2.49%,68181968
2024-11-07,593.08,596.65,593.00,595.61,586.766,+0.77%,47233212
2024-11-08,596.17,599.64,596.16,598.19,589.308,+0.43%,46444893
2024-11-11,599.81,600.17,597.00,598.76,589.869,+0.10%,37586773
2024-11-12,598.68,599.29,594.37,596.90,588.037,-0.31%,43006128
2024-11-13,597.37,599.23,594.96,597.19,588.322,+0.05%,47388640
2024-11-14,597.32,597.81,592.65,593.35,584.539,-0.64%,38904109
2024-11-15,589.72,590.20,583.86,585.75,577.052,-1.28%,75988766
2024-11-18,586.22,589.49,585.34,588.15,579.417,+0.41%,37084081
2024-11-19,584.71,591.04,584.03,590.30,581.535,+0.37%,49412046
2024-11-20,590.38,590.79,584.63,590.50,581.732,+0.03%,50032576
2024-11-21,593.40,595.12,587.45,593.67,584.855,+0.54%,46750285
2024-11-22,593.66,596.15,593.15,595.51,586.667,+0.31%,38226390
2024-11-25,599.52,600.86,595.20,597.53,588.657,+0.34%,42441393
2024-11-26,598.80,601.33,598.07,600.65,591.731,+0.52%,45621288
2024-11-27,600.46,600.85,597.28,598.83,589.938,-0.30%,34000163
2024-11-29,599.66,603.35,599.38,602.55,593.603,+0.62%,30095740
2024-12-02,602.97,604.32,602.47,603.63,594.667,+0.18%,31745989
2024-12-03,603.39,604.16,602.34,603.91,594.943,+0.05%,26906629
2024-12-04,605.63,607.91,604.95,607.66,598.637,+0.62%,42787561
2024-12-05,607.66,608.48,606.30,606.66,597.652,-0.16%,28762183
2024-12-06,607.44,609.07,607.02,607.81,598.785,+0.19%,31241549
2024-12-09,607.69,607.86,604.08,604.68,595.701,-0.51%,34742738
2024-12-10,605.37,605.80,602.13,602.80,593.849,-0.31%,37234515
2024-12-11,605.78,608.43,605.50,607.46,598.440,+0.77%,28677723
2024-12-12,606.58,607.16,604.33,604.33,595.356,-0.52%,31543812
2024-12-13,606.40,607.13,602.81,604.21,595.238,-0.02%,35904730
2024-12-16,606.00,607.78,605.21,606.79,597.780,+0.43%,43695179
2024-12-17,604.19,605.17,602.88,604.29,595.317,-0.41%,55773545
2024-12-18,603.98,606.40,585.89,586.28,577.574,-2.98%,108248729
2024-12-19,591.36,593.00,585.85,586.10,577.397,-0.03%,85919452
2024-12-20,581.77,595.75,580.91,591.15,584.309,+0.86%,125716674
2024-12-23,590.89,595.30,587.66,594.69,587.808,+0.60%,57635828
2024-12-24,596.06,601.34,595.47,601.30,594.341,+1.11%,33160097
2024-12-26,599.50,602.48,598.08,601.34,594.381,+0.01%,41338891
2024-12-27,597.54,597.78,590.76,595.01,588.124,-1.05%,64969310
2024-12-30,587.89,591.74,584.41,588.22,581.412,-1.14%,56578757
2024-12-31,589.90,590.64,584.42,586.08,579.297,-0.36%,57052654
2025-01-02,589.39,591.13,580.50,584.64,577.874,-0.25%,50203975
2025-01-03,587.53,592.60,586.43,591.95,585.099,+1.25%,37888459
2025-01-06,596.27,599.70,593.60,595.36,588.470,+0.58%,47679442
2025-01-07,597.42,597.75,586.78,588.63,581.818,-1.13%,60393052
2025-01-08,588.70,590.58,585.20,589.49,582.668,+0.15%,47304672
2025-01-10,585.88,585.95,578.55,580.49,573.772,-1.53%,73105046
2025-01-13,575.77,581.75,575.35,581.39,574.661,+0.16%,47910060
2025-01-14,584.36,585.00,578.35,582.19,575.452,+0.14%,48420580
2025-01-15,590.33,593.94,589.20,592.78,585.920,+1.82%,56900159
2025-01-16,594.17,594.35,590.93,591.64,584.793,-0.19%,43319662
2025-01-17,596.96,599.36,595.61,597.58,590.664,+1.00%,58070628
2025-01-21,600.67,603.06,598.67,603.05,596.071,+0.92%,42532853
2025-01-22,605.92,607.82,605.36,606.44,599.422,+0.56%,48195973
2025-01-23,605.80,609.75,605.52,609.75,602.693,+0.55%,41152102
2025-01-24,609.81,610.78,606.80,607.97,600.934,-0.29%,34604693
2025-01-27,594.81,599.69,594.64,599.37,592.433,-1.41%,70361125
2025-01-28,600.62,605.37,597.25,604.52,597.524,+0.86%,44433322
2025-01-29,603.72,604.13,599.22,601.81,594.845,-0.45%,37177429
2025-01-30,603.96,606.60,600.72,605.04,598.038,+0.54%,39281255
2025-01-31,607.50,609.96,601.05,601.82,594.855,-0.53%,66671471
2025-02-03,592.67,600.29,590.49,597.77,590.852,-0.67%,65857248
2025-02-04,597.83,602.30,597.28,601.78,594.815,+0.67%,33457815
2025-02-05,600.64,604.37,598.58,604.22,597.227,+0.41%,30653149
2025-02-06,605.99,606.45,602.63,606.32,599.303,+0.35%,35771503
2025-02-07,606.89,608.13,600.05,600.77,593.817,-0.92%,50788516
2025-02-10,604.03,605.50,602.74,604.85,597.850,+0.68%,26048714
2025-02-11,602.55,605.86,602.43,605.31,598.305,+0.08%,30056740
2025-02-12,599.20,604.55,598.51,603.36,596.377,-0.32%,45076076
2025-02-13,604.48,609.94,603.20,609.73,602.673,+1.06%,40921297
2025-02-14,609.94,610.99,609.07,609.70,602.644,-0.00%,26910448
2025-02-18,610.88,611.49,608.38,611.49,604.413,+0.29%,26749030
2025-02-19,610.08,613.23,609.56,612.93,605.836,+0.24%,31011072
2025-02-20,611.54,611.68,607.02,610.38,603.316,-0.42%,36554002
2025-02-21,610.16,610.30,599.47,599.94,592.997,-1.71%,76519818
2025-02-24,602.02,603.03,596.49,597.21,590.298,-0.46%,50737213
2025-02-25,597.15,597.89,589.56,594.24,587.363,-0.50%,58266472
2025-02-26,595.93,599.58,591.86,594.54,587.659,+0.05%,43321578
2025-02-27,596.85,598.02,584.65,585.05,578.279,-1.60%,74196664
2025-02-28,585.56,594.72,582.44,594.18,587.303,+1.56%,88744106
2025-03-03,596.18,597.34,579.90,583.77,577.014,-1.75%,74249199
2025-03-04,579.71,585.39,572.25,576.86,570.184,-1.18%,109648212
2025-03-05,576.69,584.88,573.08,583.06,576.312,+1.07%,71230528
2025-03-06,575.48,580.17,570.12,572.71,566.082,-1.78%,80094868
2025-03-07,570.90,577.39,565.63,575.92,569.255,+0.56%,81158816
2025-03-10,567.59,569.54,555.59,560.58,554.092,-2.66%,97084529
2025-03-11,559.40,564.02,552.02,555.92,549.486,-0.83%,88102109
2025-03-12,562.17,563.11,553.69,558.87,552.402,+0.53%,69588167
2025-03-13,558.49,559.11,549.68,551.42,545.038,-1.33%,74079414
2025-03-14,556.11,563.83,551.49,562.81,556.297,+2.07%,62660321
2025-03-17,562.79,569.71,562.35,567.15,560.586,+0.77%,49008709
2025-03-18,564.80,565.02,559.06,561.02,554.527,-1.08%,66041422
2025-03-19,562.83,570.95,561.63,567.13,560.567,+1.09%,66555985
2025-03-20,563.33,570.57,562.60,565.49,558.945,-0.29%,62958195
2025-03-21,559.28,564.89,558.03,563.98,559.129,-0.27%,83762964
2025-03-24,570.80,575.15,570.20,574.08,569.142,+1.79%,58766795
2025-03-25,575.30,576.41,573.69,575.46,570.510,+0.24%,38355735
2025-03-26,575.19,576.33,567.19,568.59,563.699,-1.19%,52228898
2025-03-27,567.18,570.90,564.94,567.08,562.202,-0.27%,42164248
2025-03-28,565.53,566.27,555.07,555.66,550.880,-2.01%,71662653
2025-03-31,549.83,560.71,546.87,559.39,554.578,+0.67%,95328213
2025-04-01,557.45,562.94,553.68,560.97,556.145,+0.28%,54609641
2025-04-02,555.05,567.42,554.81,564.52,559.664,+0.63%,76014544
2025-04-03,545.11,547.97,536.70,536.70,532.084,-4.93%,125985998
2025-04-04,523.67,525.87,505.06,505.28,500.934,-5.85%,217965131
2025-04-07,489.19,523.17,481.80,504.38,500.042,-0.18%,256611355
2025-04-08,521.86,524.98,489.16,496.48,492.209,-1.57%,165816581
2025-04-09,493.44,548.62,493.05,548.62,543.901,+10.50%,241867317
2025-04-10,532.17,533.50,509.32,524.58,520.068,-4.38%,162331225
2025-04-11,523.01,536.43,520.07,533.94,529.347,+1.78%,97866334
2025-04-14,544.05,544.28,533.86,539.12,534.483,+0.97%,68033993
2025-04-15,539.67,543.23,536.81,537.61,532.986,-0.28%,56892874
2025-04-16,531.68,537.88,520.29,525.66,521.138,-2.22%,83484814
2025-04-17,527.64,531.16,523.91,526.41,521.882,+0.14%,79868083
2025-04-21,521.16,521.70,508.46,513.88,509.460,-2.38%,69368129
2025-04-22,520.14,529.30,519.19,527.25,522.715,+2.60%,75948117
2025-04-23,540.43,545.43,533.88,535.42,530.815,+1.55%,90590658
2025-04-24,536.72,547.43,535.45,546.69,541.988,+2.10%,64150418
2025-04-25,546.65,551.05,543.69,550.64,545.904,+0.72%,61119590
2025-04-28,551.39,553.55,545.02,550.85,546.112,+0.04%,47613755
2025-04-29,548.91,555.45,548.55,554.32,549.552,+0.63%,47775121
2025-04-30,547.57,556.52,541.52,554.54,549.770,+0.04%,93101463
2025-05-01,560.37,564.07,557.86,558.47,553.666,+0.71%,63186146
2025-05-02,564.73,568.38,562.38,566.76,561.885,+1.48%,60717270
2025-05-05,562.57,566.65,561.70,563.51,558.663,-0.57%,38659222
2025-05-06,557.93,563.35,556.96,558.80,553.993,-0.84%,48264708
2025-05-07,560.15,563.82,556.04,561.15,556.323,+0.42%,55733229
2025-05-08,565.24,570.31,561.70,565.06,560.200,+0.70%,65130787
2025-05-09,566.48,567.50,562.76,564.34,559.486,-0.13%,37603427
2025-05-12,581.47,583.00,577.04,582.99,577.975,+3.30%,78993570
2025-05-13,583.41,589.08,582.84,586.84,581.792,+0.66%,67947225
2025-05-14,587.81,588.98,585.53,587.59,582.536,+0.13%,66283531
2025-05-15,585.56,590.97,585.10,590.46,585.381,+0.49%,71268145
2025-05-16,591.25,594.50,589.28,594.20,589.089,+0.63%,76052101
2025-05-19,588.10,595.54,588.10,594.85,589.733,+0.11%,68168509
2025-05-20,593.09,594.05,589.60,592.85,587.751,-0.34%,60614492
2025-05-21,588.44,592.58,581.82,582.86,577.846,-1.69%,95197657
2025-05-22,582.66,586.62,581.40,583.09,578.074,+0.04%,70860417
2025-05-23,575.98,581.81,575.60,579.11,574.129,-0.68%,76029046
2025-05-27,586.07,591.31,578.43,591.15,586.065,+2.08%,72588475
2025-05-28,591.56,592.77,586.99,587.73,582.675,-0.58%,68445512
2025-05-29,593.06,593.20,586.07,590.05,584.975,+0.39%,70073758
2025-05-30,588.93,591.13,583.24,589.39,584.320,-0.11%,90601242
2025-06-02,587.76,592.79,585.06,592.71,587.612,+0.56%,61630502
2025-06-03,592.34,597.08,591.85,596.09,590.963,+0.57%,63606204
2025-06-04,596.96,597.95,595.49,595.93,590.804,-0.03%,57314199
2025-06-05,597.63,599.00,591.05,593.05,587.949,-0.48%,92436397
2025-06-06,598.66,600.83,596.86,599.14,593.986,+1.03%,66588743
2025-06-09,599.72,601.25,598.49,599.68,594.522,+0.09%,53016418
2025-06-10,600.22,603.47,599.09,603.08,597.893,+0.57%,66246973
2025-06-11,604.19,605.06,599.27,601.36,596.187,-0.29%,73658225
2025-06-12,600.01,603.75,599.52,603.75,598.557,+0.40%,64129003
2025-06-13,598.50,601.85,595.48,597.00,591.865,-1.12%,89505996
2025-06-16,600.40,604.45,600.22,602.68,597.496,+0.95%,79984125
2025-06-17,600.21,601.75,596.76,597.53,592.390,-0.85%,82209365
2025-06-18,598.44,601.22,596.47,597.44,592.301,-0.02%,76605029
2025-06-20,598.38,599.46,592.86,594.28,590.914,-0.53%,94051374
2025-06-23,595.04,600.54,591.89,600.15,596.751,+0.99%,87426039
2025-06-24,604.33,607.85,603.41,606.78,603.343,+1.10%,67735293
2025-06-25,607.91,608.61,605.54,607.12,603.681,+0.06%,62114767
2025-06-26,608.99,612.31,608.37,611.87,608.405,+0.78%,78548361
2025-06-27,612.88,616.39,610.83,614.91,611.427,+0.50%,86258398
2025-06-30,617.38,619.22,615.04,617.85,614.351,+0.48%,92502541
2025-07-01,616.36,618.83,615.52,617.65,614.152,-0.03%,70030140
2025-07-02,617.24,620.49,616.61,620.45,616.936,+0.45%,66510374
2025-07-03,622.45,626.28,622.43,625.34,621.798,+0.79%,51065789
2025-07-07,623.36,624.03,617.87,620.68,617.165,-0.75%,74814505
2025-07-08,621.35,622.11,619.52,620.34,616.827,-0.05%,59024585
2025-07-09,622.77,624.72,620.91,624.06,620.526,+0.60%,66113326
2025-07-10,624.20,626.87,623.01,625.82,622.276,+0.28%,57528960
2025-07-11,622.74,624.86,621.53,623.62,620.088,-0.35%,63670226
2025-07-14,623.16,625.16,621.80,624.81,621.271,+0.19%,51898518
2025-07-15,627.52,627.86,622.06,622.14,618.616,-0.43%,74317260
2025-07-16,623.74,624.73,618.05,624.22,620.685,+0.33%,88987511
2025-07-17,624.40,628.40,624.18,628.04,624.483,+0.61%,68885683
2025-07-18,629.30,629.47,626.46,627.58,624.026,-0.07%,65621645
2025-07-21,628.77,631.54,628.34,628.77,625.209,+0.19%,63374984
2025-07-22,629.10,629.73,626.19,628.86,625.298,+0.01%,60046288
2025-07-23,631.55,634.21,629.73,634.21,630.618,+0.85%,70511036
2025-07-24,634.60,636.15,633.99,634.42,630.827,+0.03%,71307134
2025-07-25,635.09,637.58,634.84,637.10,633.492,+0.42%,56865364
2025-07-28,637.48,638.04,635.54,636.94,633.333,-0.03%,54917102
2025-07-29,638.35,638.67,634.34,635.26,631.662,-0.26%,60556278
2025-07-30,635.92,637.68,631.54,634.46,630.867,-0.13%,80418851
2025-07-31,639.46,639.85,630.76,632.08,628.500,-0.38%,103385246
2025-08-01,626.30,626.34,619.29,621.72,618.199,-1.64%,140103572
2025-08-04,625.67,631.22,625.58,631.17,627.595,+1.52%,73218015
2025-08-05,631.79,632.61,627.04,627.97,624.413,-0.51%,68051401
2025-08-06,629.05,633.44,628.13,632.78,629.196,+0.77%,64357525
2025-08-07,636.24,636.98,629.11,632.25,628.669,-0.08%,74205791
2025-08-08,634.06,637.64,633.74,637.18,633.571,+0.78%,64051626
2025-08-11,637.46,638.95,634.66,635.92,632.318,-0.20%,58742300
2025-08-12,638.29,642.85,636.79,642.69,639.050,+1.06%,64821798
2025-08-13,644.91,646.19,642.68,644.89,641.238,+0.34%,60092790
2025-08-14,642.79,645.62,642.34,644.95,641.297,+0.01%,59327466
2025-08-15,645.99,646.09,642.51,643.44,639.796,-0.23%,68592507
2025-08-18,642.86,644.00,642.18,643.30,639.657,-0.02%,43804914
2025-08-19,643.12,644.11,638.48,639.81,636.186,-0.54%,69750731
2025-08-20,639.40,639.66,632.95,638.11,634.496,-0.27%,88890298
2025-08-21,636.28,637.97,633.81,635.55,631.950,-0.40%,54805775
2025-08-22,637.76,646.50,637.25,645.31,641.655,+1.54%,84083214
2025-08-25,644.04,645.29,642.35,642.47,638.831,-0.44%,51274332
2025-08-26,642.20,645.51,641.57,645.16,641.506,+0.42%,51581565
2025-08-27,644.57,647.37,644.42,646.63,642.968,+0.23%,48341069
2025-08-28,647.24,649.48,645.34,648.92,645.245,+0.35%,61519461
2025-08-29,647.47,647.84,643.14,645.05,641.397,-0.60%,74522192
2025-09-02,637.50,640.49,634.92,640.27,636.644,-0.74%,81983545
2025-09-03,642.67,644.21,640.46,643.74,640.094,+0.54%,69428091
2025-09-04,644.42,649.15,643.51,649.12,645.444,+0.84%,65219228
2025-09-05,651.48,652.21,643.33,647.24,643.574,-0.29%,85178935
2025-09-08,648.62,649.84,647.23,648.83,645.155,+0.25%,63133104
2025-09-09,648.97,650.86,647.22,650.33,646.647,+0.23%,66133856
2025-09-10,653.62,654.55,650.63,652.21,648.516,+0.29%,78034529
2025-09-11,654.18,658.33,653.59,657.63,653.905,+0.83%,69934360
2025-09-12,657.60,659.11,656.90,657.41,653.687,-0.03%,72780135
2025-09-15,659.64,661.04,659.34,660.91,657.167,+0.53%,63772412
2025-09-16,661.47,661.78,659.21,660.00,656.262,-0.14%,61168953
2025-09-17,660.01,661.72,654.30,659.18,655.447,-0.12%,101952244
2025-09-18,661.89,664.89,660.27,662.26,658.509,+0.47%,90459242
2025-09-19,662.33,664.55,660.37,663.70,661.762,+0.22%,97945620
2025-09-22,662.20,667.29,662.17,666.84,664.893,+0.47%,69452201
2025-09-23,666.72,667.34,661.98,663.21,661.273,-0.54%,81708872
2025-09-24,664.51,664.61,659.67,661.10,659.169,-0.32%,68082229
2025-09-25,657.94,659.41,654.40,658.05,656.128,-0.46%,89622067
2025-09-26,659.51,662.37,657.88,661.82,659.887,+0.57%,69179209
2025-09-29,664.36,665.28,661.86,663.68,661.742,+0.28%,73499015
2025-09-30,662.93,666.65,661.61,666.18,664.235,+0.38%,86288028
2025-10-01,663.17,669.37,663.06,668.45,666.498,+0.34%,72545369
2025-10-02,670.45,670.57,666.78,669.22,667.266,+0.12%,56895993
2025-10-03,669.99,672.67,668.16,669.21,667.256,-0.00%,70494350
2025-10-06,671.62,672.51,669.46,671.61,669.649,+0.36%,54623260
2025-10-07,672.54,672.99,667.67,669.12,667.166,-0.37%,72020067
2025-10-08,670.25,673.21,669.42,673.11,671.144,+0.60%,60702241
2025-10-09,673.53,673.94,669.21,671.16,669.200,-0.29%,66501941
2025-10-10,672.13,673.95,652.84,653.02,651.113,-2.70%,159422589
2025-10-13,660.65,665.13,659.77,663.04,661.104,+1.53%,79560517
2025-10-14,657.17,665.83,653.17,662.23,660.296,-0.12%,88779560
2025-10-15,666.82,670.23,658.93,665.17,663.227,+0.44%,81702555
2025-10-16,666.82,668.71,657.11,660.64,658.711,-0.68%,110563346
2025-10-17,659.50,665.75,658.14,664.39,662.450,+0.57%,96500870
2025-10-20,667.32,672.21,667.27,671.30,669.340,+1.04%,60493350
2025-10-21,671.44,672.99,669.98,671.29,669.330,-0.00%,56249034
2025-10-22,672.00,672.00,663.30,667.80,665.850,-0.52%,80564006
2025-10-23,668.12,672.71,667.80,671.76,669.798,+0.59%,65604461
2025-10-24,676.46,678.47,675.65,677.25,675.272,+0.82%,74356527
2025-10-27,682.73,685.54,682.12,685.24,683.239,+1.18%,63339790
2025-10-28,687.05,688.90,684.83,687.06,685.054,+0.27%,61738073
2025-10-29,688.72,689.70,682.87,687.39,685.383,+0.05%,85362207
2025-10-30,683.90,685.94,679.83,679.83,677.845,-1.10%,76335751
2025-10-31,685.04,685.08,679.24,682.06,680.068,+0.33%,87164122
2025-11-03,685.67,685.80,679.94,683.34,681.344,+0.19%,57315025
2025-11-04,676.11,679.96,674.58,675.24,673.268,-1.19%,78426969
2025-11-05,674.98,680.86,674.17,677.58,675.601,+0.35%,72763485
2025-11-06,676.47,677.38,668.72,670.31,668.352,-1.07%,85035298
2025-11-07,667.91,671.08,661.21,670.97,669.011,+0.10%,100592443
2025-11-10,677.24,682.18,675.03,681.44,679.450,+1.56%,75842888
2025-11-11,679.95,683.57,678.73,683.00,681.005,+0.23%,58953385
2025-11-12,684.79,684.96,680.95,683.38,681.384,+0.06%,62312484
2025-11-13,680.50,680.86,670.52,672.04,670.077,-1.66%,103457788
2025-11-14,665.38,675.66,663.26,671.93,669.968,-0.02%,96846672
2025-11-17,669.70,673.71,662.17,665.67,663.726,-0.93%,90456105
2025-11-18,662.10,665.12,655.86,660.08,658.152,-0.84%,114467488
2025-11-19,660.78,667.34,658.75,662.63,660.695,+0.39%,94702955
2025-11-20,672.91,675.56,651.89,652.53,650.624,-1.52%,165293521
2025-11-21,655.05,664.55,650.85,659.03,657.105,+1.00%,123956203
2025-11-24,662.69,670.06,661.59,668.73,666.777,+1.47%,80437940
2025-11-25,668.63,676.21,664.48,675.02,673.049,+0.94%,81077088
2025-11-26,677.63,681.70,676.72,679.68,677.695,+0.69%,71879597
2025-11-28,680.86,683.66,680.50,683.39,681.394,+0.55%,49212030
2025-12-01,678.81,682.99,678.74,680.27,678.283,-0.46%,61201193
2025-12-02,681.92,683.82,679.33,681.53,679.540,+0.19%,62953844
2025-12-03,680.57,684.91,679.69,683.89,681.893,+0.35%,57238481
2025-12-04,685.30,685.37,681.34,684.39,682.391,+0.07%,61970336
2025-12-05,685.47,688.39,684.58,685.69,683.688,+0.19%,79241045
2025-12-08,686.59,686.64,681.57,683.63,681.634,-0.30%,53033654
2025-12-09,683.15,685.38,682.59,683.04,681.045,-0.09%,56313923
2025-12-10,682.56,688.97,681.31,687.57,685.562,+0.66%,85671334
2025-12-11,685.14,689.25,682.16,689.17,687.157,+0.23%,86173678
2025-12-12,688.17,688.88,679.17,681.76,679.769,-1.08%,113160347
2025-12-15,685.74,685.76,679.25,680.73,678.742,-0.15%,90810952
2025-12-16,679.23,681.08,674.98,678.87,676.887,-0.27%,122030631
2025-12-17,679.89,680.43,671.20,671.40,669.439,-1.10%,110625198
2025-12-18,677.60,680.74,674.90,676.47,674.494,+0.76%,108650128
2025-12-19,676.59,681.09,676.47,680.59,680.590,+0.61%,103599543
2025-12-22,683.94,685.36,680.59,684.83,684.830,+0.62%,69556733
2025-12-23,683.92,688.20,683.87,687.96,687.960,+0.46%,64839951
2025-12-24,687.95,690.83,687.80,690.38,690.380,+0.35%,39445560
2025-12-26,690.64,691.66,689.27,690.31,690.310,-0.01%,41613347
2025-12-29,687.54,689.20,686.07,687.85,687.850,-0.36%,62559503
2025-12-30,687.45,688.55,686.58,687.01,687.010,-0.12%,47160671
2025-12-31,687.14,687.36,681.71,681.92,681.920,-0.74%,74144801
2026-01-02,685.71,686.87,679.82,683.17,683.170,+0.18%,89377203
2026-01-05,686.54,689.43,686.38,687.72,687.720,+0.67%,71927191
2026-01-06,687.93,692.32,687.78,691.81,691.810,+0.59%,69273827
2026-01-07,692.19,693.96,689.32,689.58,689.580,-0.32%,75588337
2026-01-08,688.82,690.62,687.49,689.51,689.510,-0.01%,64019200
2026-01-09,690.63,695.31,689.18,694.07,694.070,+0.66%,80125467
2026-01-12,690.68,696.09,690.63,695.16,695.160,+0.16%,63976002
2026-01-13,695.49,696.09,691.35,693.77,693.770,-0.20%,78309726
2026-01-14,691.00,691.72,686.04,690.36,690.360,-0.49%,94676684
2026-01-15,694.57,695.45,691.25,692.24,692.240,+0.27%,77861974
2026-01-16,693.66,694.25,690.10,691.66,691.660,-0.08%,79289200
2026-01-20,681.49,684.77,676.57,677.58,677.580,-2.04%,107178877
2026-01-21,679.65,688.74,678.13,685.40,685.400,+1.15%,127844467
2026-01-22,689.85,691.13,686.92,688.98,688.980,+0.52%,77112243
2026-01-23,688.15,690.96,687.16,689.23,689.230,+0.04%,63059578
2026-01-26,690.49,694.13,689.92,692.73,692.730,+0.51%,60473813
2026-01-27,694.18,696.53,693.57,695.49,695.490,+0.40%,54124395
2026-01-28,697.05,697.84,693.94,695.42,695.420,-0.01%,61172165
2026-01-29,696.39,697.06,684.83,694.04,694.040,-0.20%,97486198
2026-01-30,691.79,694.21,687.12,691.97,691.970,-0.30%,101835131
2026-02-02,689.58,696.93,689.42,695.41,695.410,+0.50%,77975410
2026-02-03,696.21,696.96,684.03,689.53,689.530,-0.85%,105889540
2026-02-04,690.35,691.45,681.76,686.19,686.190,-0.48%,105204600
2026-02-05,680.94,683.69,675.79,677.62,677.620,-1.25%,113610812
2026-02-06,681.46,692.31,680.85,690.62,690.620,+1.92%,89127566
2026-02-09,689.42,695.87,688.34,693.95,693.950,+0.48%,73885192
2026-02-10,694.95,696.54,691.66,692.12,692.120,-0.26%,65185725
2026-02-11,696.39,697.14,689.18,691.96,691.960,-0.02%,76353872
2026-02-12,694.24,695.35,680.37,681.27,681.270,-1.54%,118828963
2026-02-13,681.69,686.28,677.52,681.75,681.750,+0.07%,96267487
2026-02-17,680.14,684.94,675.78,682.85,682.850,+0.16%,81354660
2026-02-18,684.02,689.15,682.83,686.29,686.290,+0.50%,73570341
2026-02-19,683.84,686.18,681.55,684.48,684.480,-0.26%,58649363
2026-02-20,682.32,690.06,681.73,689.43,689.430,+0.72%,99952100
2026-02-23,687.83,690.00,680.37,682.39,682.390,-1.02%,90558100
2026-02-24,681.90,688.35,680.00,687.35,687.350,+0.73%,73717500
2026-02-25,690.18,693.68,690.10,693.15,693.150,+0.84%,56153200
2026-02-26,693.28,693.30,684.35,689.30,689.300,-0.56%,71671000
2026-02-27,683.09,686.86,681.64,685.99,685.990,-0.48%,83308900
2026-03-02,678.70,688.62,678.02,686.38,686.380,+0.06%,87477200
2026-03-03,675.06,682.61,669.66,680.33,680.330,-0.88%,104737700
2026-03-04,681.63,687.09,679.62,685.13,685.130,+0.71%,79045800
2026-03-05,682.08,685.53,675.61,681.31,681.310,-0.56%,98846225
2026-03-06,673.41,676.11,669.76,672.38,672.380,-1.31%,100509800
