Date,Open,High,Low,Close,Adj. Close,Change,Volume
2002-07-29,82.06,82.16,81.32,81.42,36.383,0.00%,8400
2002-07-30,81.75,81.90,81.52,81.52,36.427,+0.12%,6100
2002-07-31,81.95,82.80,81.90,82.53,36.879,+1.24%,29400
2002-08-01,82.54,83.02,82.54,83.00,37.089,+0.57%,25000
2002-08-02,83.16,84.10,82.88,83.85,37.469,+1.02%,52800
2002-08-05,84.04,84.44,83.85,84.22,37.634,+0.44%,61100
2002-08-06,83.80,83.90,83.22,83.50,37.312,-0.85%,64900
2002-08-07,83.60,84.14,83.36,83.70,37.402,+0.24%,40300
2002-08-08,83.58,83.77,83.36,83.70,37.402,0.00%,40900
2002-08-09,84.00,84.88,84.00,84.88,37.929,+1.41%,35900
2002-08-12,85.30,86.70,85.14,85.40,38.161,+0.61%,32100
2002-08-13,85.78,86.47,85.37,86.45,38.630,+1.23%,75400
2002-08-14,87.46,87.90,86.75,86.78,38.778,+0.38%,130000
2002-08-15,86.38,86.50,85.85,86.02,38.438,-0.88%,87100
2002-08-16,86.44,86.52,84.82,85.06,38.009,-1.12%,85000
2002-08-19,85.05,85.34,84.71,85.32,38.125,+0.31%,47300
2002-08-20,85.62,86.29,85.60,86.27,38.550,+1.11%,40800
2002-08-21,85.68,86.10,85.63,85.81,38.344,-0.53%,40000
2002-08-22,85.55,85.55,85.06,85.06,38.009,-0.87%,34400
2002-08-23,85.20,85.95,85.20,85.90,38.385,+0.99%,20100
2002-08-26,85.70,86.21,85.67,85.98,38.420,+0.09%,23900
2002-08-27,85.40,85.68,85.20,85.44,38.179,-0.63%,301800
2002-08-28,86.04,86.18,85.84,85.87,38.371,+0.50%,18100
2002-08-29,86.76,86.86,86.35,86.56,38.680,+0.80%,135700
2002-08-30,86.75,87.13,86.45,87.08,38.912,+0.60%,78100
2002-09-03,87.08,88.04,87.00,88.04,39.507,+1.10%,102100
2002-09-04,88.03,88.30,87.84,88.02,39.498,-0.02%,66300
2002-09-05,88.57,88.65,87.38,88.50,39.714,+0.55%,648400
2002-09-06,87.97,88.19,87.20,87.46,39.247,-1.18%,140000
2002-09-09,87.50,87.83,87.26,87.33,39.189,-0.15%,83800
2002-09-10,87.17,88.00,87.00,87.75,39.377,+0.48%,336000
2002-09-11,87.00,87.30,86.75,87.29,39.171,-0.52%,177700
2002-09-12,87.48,88.14,87.47,87.97,39.476,+0.78%,43400
2002-09-13,88.33,88.94,88.18,88.78,39.839,+0.92%,155100
2002-09-16,89.20,89.22,88.90,88.93,39.907,+0.17%,73000
2002-09-17,88.64,89.32,88.36,89.10,39.983,+0.19%,75400
2002-09-18,89.46,89.56,89.02,89.12,39.992,+0.02%,196600
2002-09-19,89.70,89.77,89.26,89.72,40.261,+0.67%,109900
2002-09-20,89.45,89.52,89.06,89.30,40.073,-0.47%,113500
2002-09-23,90.00,90.24,89.77,90.10,40.432,+0.90%,163200
2002-09-24,90.30,90.94,90.21,90.68,40.692,+0.64%,251900
2002-09-25,90.10,90.36,89.26,89.58,40.198,-1.21%,127200
2002-09-26,89.05,89.53,88.61,89.37,40.104,-0.23%,429000
2002-09-27,89.53,90.04,89.48,90.04,40.405,+0.75%,298200
2002-09-30,90.66,90.90,90.08,90.40,40.566,+0.40%,297800
2002-10-01,89.16,89.30,88.80,88.94,40.065,-1.62%,257500
2002-10-02,89.24,89.48,88.84,89.45,40.295,+0.57%,91000
2002-10-03,89.30,89.51,88.80,89.23,40.196,-0.25%,29900
2002-10-04,88.40,89.72,88.40,89.51,40.322,+0.31%,131000
2002-10-07,89.90,89.96,89.46,89.66,40.389,+0.17%,433800
2002-10-08,89.50,90.52,89.32,89.69,40.403,+0.03%,530900
2002-10-09,90.30,90.38,89.95,90.15,40.610,+0.51%,402900
2002-10-10,90.17,90.17,89.28,89.44,40.290,-0.79%,97100
2002-10-11,89.10,89.22,88.06,88.38,39.813,-1.19%,421800
2002-10-14,88.50,88.55,88.07,88.25,39.754,-0.15%,18300
2002-10-15,87.00,87.30,86.15,86.16,38.813,-2.37%,297100
2002-10-16,86.60,86.60,85.89,86.20,38.831,+0.05%,125200
2002-10-17,85.14,85.56,85.07,85.15,38.358,-1.22%,233400
2002-10-18,85.02,85.39,84.28,85.37,38.457,+0.26%,459100
2002-10-21,85.50,85.60,84.50,84.54,38.083,-0.97%,134900
2002-10-22,84.85,84.85,84.22,84.30,37.975,-0.28%,205000
2002-10-23,84.75,85.20,84.18,84.33,37.988,+0.04%,127800
2002-10-24,84.16,85.25,84.08,85.07,38.322,+0.88%,339600
2002-10-25,85.35,85.56,85.15,85.38,38.461,+0.36%,146100
2002-10-28,85.56,85.64,85.20,85.26,38.407,-0.14%,97800
2002-10-29,85.82,86.89,85.77,86.37,38.907,+1.30%,125000
2002-10-30,86.37,86.68,86.07,86.34,38.894,-0.03%,31900
2002-10-31,86.05,86.86,86.02,86.73,39.069,+0.45%,512700
2002-11-01,86.30,86.93,85.25,85.98,38.907,-0.86%,125100
2002-11-04,85.48,85.75,85.25,85.60,38.735,-0.44%,342500
2002-11-05,85.60,85.60,85.09,85.27,38.585,-0.39%,73800
2002-11-06,85.05,86.13,84.91,85.61,38.739,+0.40%,118500
2002-11-07,87.05,87.73,86.85,87.73,39.699,+2.48%,147900
2002-11-08,88.40,88.65,87.95,88.44,40.020,+0.81%,294700
2002-11-11,88.55,88.92,88.40,88.92,40.237,+0.54%,70000
2002-11-12,89.15,89.15,88.37,88.41,40.006,-0.57%,494300
2002-11-13,88.45,88.69,87.96,88.60,40.092,+0.21%,104700
2002-11-14,87.65,87.65,86.76,86.76,39.260,-2.08%,118000
2002-11-15,86.54,87.23,86.26,87.11,39.418,+0.40%,110700
2002-11-18,87.02,87.63,86.96,87.50,39.595,+0.45%,32200
2002-11-19,87.95,88.23,87.51,87.82,39.739,+0.37%,51800
2002-11-20,88.20,88.22,86.81,86.96,39.350,-0.98%,307400
2002-11-21,86.50,86.50,85.86,86.12,38.970,-0.97%,323200
2002-11-22,86.33,86.39,85.88,86.04,38.934,-0.09%,184800
2002-11-25,86.00,86.38,85.80,85.88,38.862,-0.19%,288200
2002-11-26,86.20,87.02,86.15,86.96,39.350,+1.26%,377800
2002-11-27,86.25,86.33,84.96,85.00,38.463,-2.25%,325600
2002-11-29,85.16,85.63,85.14,85.55,38.712,+0.65%,31700
2002-12-02,84.36,85.40,84.15,85.24,38.748,-0.36%,284900
2002-12-03,85.70,85.70,85.12,85.36,38.803,+0.14%,113800
2002-12-04,85.90,86.00,85.55,85.80,39.003,+0.52%,129000
2002-12-05,85.28,86.28,85.26,86.02,39.103,+0.26%,206400
2002-12-06,87.00,87.09,85.76,86.17,39.171,+0.17%,440500
2002-12-09,86.20,86.85,86.17,86.65,39.389,+0.56%,400300
2002-12-10,86.61,86.93,86.50,86.88,39.494,+0.27%,151600
2002-12-11,87.15,87.65,86.96,87.46,39.757,+0.67%,163800
2002-12-12,87.06,87.60,87.06,87.38,39.721,-0.09%,135800
2002-12-13,87.14,87.16,86.53,86.53,39.335,-0.97%,425800
2002-12-16,86.90,86.90,85.84,85.88,39.039,-0.75%,115700
2002-12-17,86.30,86.35,85.68,85.88,39.039,0.00%,290600
2002-12-18,86.48,86.69,86.25,86.55,39.344,+0.78%,191000
2002-12-19,86.80,87.49,86.65,87.32,39.694,+0.89%,134400
2002-12-20,87.23,87.56,87.15,87.38,39.721,+0.07%,41900
2002-12-23,87.36,87.40,86.25,87.40,39.730,+0.02%,74200
2002-12-24,88.00,88.08,87.84,87.89,39.953,+0.56%,46600
2002-12-26,87.90,88.06,87.73,88.06,40.030,+0.19%,13500
2002-12-27,88.55,89.03,88.28,89.03,40.471,+1.10%,140200
2002-12-30,88.90,89.24,88.63,89.24,40.566,+0.24%,274900
2002-12-31,88.95,89.33,88.32,88.57,40.465,-0.75%,109400
2003-01-02,87.70,87.90,86.21,86.28,39.419,-2.59%,192100
2003-01-03,86.15,86.54,85.83,86.48,39.510,+0.23%,311200
2003-01-06,86.17,86.29,85.81,86.25,39.405,-0.27%,35600
2003-01-07,86.19,86.75,86.17,86.56,39.546,+0.36%,69800
2003-01-08,86.88,87.14,86.78,86.99,39.743,+0.50%,160100
2003-01-09,86.17,86.17,85.02,85.32,38.980,-1.92%,237500
2003-01-10,85.92,85.92,85.12,85.54,39.080,+0.26%,145200
2003-01-13,85.54,85.87,85.40,85.68,39.144,+0.16%,53300
2003-01-14,86.00,86.28,85.96,85.98,39.281,+0.35%,98900
2003-01-15,86.28,86.70,86.20,86.40,39.473,+0.49%,129600
2003-01-16,86.38,86.60,85.62,86.52,39.528,+0.14%,57900
2003-01-17,87.10,87.24,86.93,86.95,39.725,+0.50%,97700
2003-01-21,86.88,87.45,86.80,87.45,39.953,+0.58%,107500
2003-01-22,87.68,87.90,87.52,87.88,40.150,+0.49%,107100
2003-01-23,87.32,87.70,87.30,87.45,39.953,-0.49%,110700
2003-01-24,87.74,88.44,87.74,87.97,40.191,+0.59%,285300
2003-01-27,87.90,88.04,87.50,87.65,40.044,-0.36%,150500
2003-01-28,87.65,87.78,87.10,87.65,40.044,0.00%,454700
2003-01-29,87.65,87.78,87.10,87.65,40.044,0.00%,221400
2003-01-30,87.20,87.90,87.10,87.82,40.122,+0.19%,108600
2003-01-31,87.90,88.21,87.54,88.06,40.232,+0.27%,182300
2003-02-03,87.67,87.91,87.31,87.88,40.290,-0.20%,55200
2003-02-04,88.37,88.40,88.11,88.27,40.469,+0.44%,56900
2003-02-05,88.23,88.70,87.43,87.51,40.120,-0.86%,223300
2003-02-06,87.84,88.26,87.79,88.22,40.446,+0.81%,120900
2003-02-07,87.77,88.52,87.63,88.42,40.538,+0.23%,247200
2003-02-10,88.12,88.40,87.69,87.80,40.253,-0.70%,76600
2003-02-11,87.60,87.91,87.43,87.78,40.244,-0.02%,259100
2003-02-12,87.80,88.13,87.67,88.09,40.386,+0.35%,121300
2003-02-13,88.27,89.18,88.17,88.57,40.606,+0.54%,440200
2003-02-14,88.30,88.37,87.61,87.81,40.258,-0.86%,829700
2003-02-18,87.56,87.98,87.34,87.92,40.308,+0.13%,213200
2003-02-19,88.39,88.70,88.25,88.52,40.583,+0.68%,62100
2003-02-20,88.34,88.90,88.34,88.82,40.721,+0.34%,486700
2003-02-21,88.56,88.72,88.21,88.30,40.483,-0.59%,250400
2003-02-24,88.88,88.90,88.62,88.72,40.675,+0.48%,168200
2003-02-25,89.40,89.65,89.00,89.13,40.863,+0.46%,358500
2003-02-26,89.38,89.75,89.15,89.75,41.147,+0.70%,334000
2003-02-27,89.46,89.99,89.31,89.90,41.216,+0.17%,695700
2003-02-28,89.68,90.54,89.58,90.47,41.477,+0.63%,213100
2003-03-03,90.00,90.45,89.91,90.24,41.528,-0.25%,204100
2003-03-04,90.13,90.45,90.02,90.30,41.556,+0.07%,83100
2003-03-05,90.62,90.63,90.04,90.60,41.694,+0.33%,126000
2003-03-06,90.55,90.68,90.06,90.25,41.533,-0.39%,166000
2003-03-07,90.72,90.79,90.05,90.56,41.675,+0.34%,263800
2003-03-10,90.81,91.03,90.68,91.03,41.892,+0.52%,147200
2003-03-11,90.99,91.16,90.73,90.87,41.818,-0.18%,82800
2003-03-12,90.92,91.36,90.88,91.20,41.970,+0.36%,454800
2003-03-13,90.15,90.39,89.52,89.52,41.197,-1.84%,830200
2003-03-14,89.90,90.12,89.62,89.96,41.399,+0.49%,590900
2003-03-17,90.52,90.52,88.86,88.88,40.902,-1.20%,724400
2003-03-18,88.96,89.20,88.01,88.04,40.516,-0.95%,415200
2003-03-19,88.04,88.07,87.33,87.39,40.217,-0.74%,398400
2003-03-20,87.82,87.95,86.76,87.25,40.152,-0.16%,206700
2003-03-21,86.92,87.05,86.05,86.05,39.600,-1.38%,843400
2003-03-24,87.10,87.60,86.85,87.41,40.226,+1.58%,373800
2003-03-25,87.65,87.82,86.90,87.31,40.180,-0.11%,606400
2003-03-26,87.25,87.65,87.25,87.49,40.263,+0.21%,309500
2003-03-27,87.75,87.87,87.33,87.55,40.290,+0.07%,191600
2003-03-28,87.92,88.08,87.72,87.75,40.382,+0.23%,253400
2003-03-31,88.30,88.93,88.30,88.90,40.911,+1.31%,643800
2003-04-01,88.40,88.79,87.90,88.27,40.795,-0.71%,289800
2003-04-02,87.65,87.70,87.28,87.35,40.370,-1.04%,312200
2003-04-03,87.25,87.58,87.14,87.30,40.347,-0.06%,245600
2003-04-04,87.06,87.30,86.88,87.05,40.232,-0.29%,184900
2003-04-07,86.22,86.86,85.92,86.85,40.139,-0.23%,485400
2003-04-08,87.05,87.59,86.99,87.55,40.463,+0.81%,194700
2003-04-09,87.40,87.86,87.17,87.81,40.583,+0.30%,102400
2003-04-10,87.75,87.85,87.35,87.40,40.393,-0.47%,53300
2003-04-11,86.82,87.32,86.59,87.26,40.329,-0.16%,450000
2003-04-14,87.10,87.11,86.71,87.02,40.218,-0.28%,207100
2003-04-15,87.33,87.53,87.04,87.49,40.435,+0.54%,128500
2003-04-16,87.53,87.90,87.47,87.85,40.601,+0.41%,97700
2003-04-17,88.24,88.40,87.80,87.99,40.666,+0.16%,106200
2003-04-21,87.48,87.83,87.26,87.80,40.578,-0.22%,148000
2003-04-22,88.15,88.26,87.62,87.75,40.555,-0.06%,299900
2003-04-23,87.78,88.01,87.60,87.93,40.638,+0.21%,42700
2003-04-24,88.40,88.99,88.40,88.72,41.003,+0.90%,199000
2003-04-25,88.75,89.10,88.68,88.92,41.096,+0.23%,529700
2003-04-28,89.09,89.09,88.78,88.78,41.031,-0.16%,80500
2003-04-29,88.53,88.77,88.32,88.63,40.962,-0.17%,177500
2003-04-30,88.79,89.52,88.72,89.45,41.341,+0.93%,293400
2003-05-01,89.20,89.60,88.80,89.02,41.361,-0.48%,231200
2003-05-02,89.06,89.07,88.27,88.32,41.035,-0.79%,231500
2003-05-05,88.54,88.87,88.20,88.79,41.254,+0.53%,77700
2003-05-06,88.84,89.40,88.52,89.23,41.458,+0.50%,260600
2003-05-07,90.00,90.33,89.82,90.27,41.941,+1.17%,306900
2003-05-08,90.60,90.90,90.28,90.49,42.044,+0.24%,437400
2003-05-09,90.30,90.62,90.20,90.58,42.085,+0.10%,110000
2003-05-12,91.14,91.19,90.73,91.15,42.350,+0.63%,364700
2003-05-13,90.90,91.37,90.83,91.35,42.443,+0.22%,227800
2003-05-14,91.83,92.98,91.62,92.75,43.094,+1.53%,1426500
2003-05-15,92.60,93.57,92.60,93.04,43.228,+0.31%,810300
2003-05-16,93.48,93.76,92.95,93.72,43.544,+0.73%,703900
2003-05-19,94.11,94.24,93.13,93.40,43.396,-0.34%,817800
2003-05-20,93.15,94.78,93.12,94.78,44.037,+1.48%,606600
2003-05-21,94.25,95.66,94.12,94.77,44.032,-0.01%,1799600
2003-05-22,95.10,95.70,94.90,95.61,44.422,+0.89%,576200
2003-05-23,95.77,96.21,95.64,95.85,44.534,+0.25%,690600
2003-05-27,95.62,95.71,94.12,94.12,43.730,-1.80%,846400
2003-05-28,93.90,94.14,93.31,93.96,43.656,-0.17%,730500
2003-05-29,94.30,94.80,94.07,94.78,44.037,+0.87%,508300
2003-05-30,94.45,94.74,93.97,94.60,43.953,-0.19%,722200
2003-06-02,93.88,93.88,93.09,93.51,43.632,-1.15%,478600
2003-06-03,93.76,94.58,93.71,94.26,43.982,+0.80%,389400
2003-06-04,94.46,94.71,94.05,94.54,44.112,+0.30%,394100
2003-06-05,95.20,95.38,93.80,93.80,43.767,-0.78%,820900
2003-06-06,93.70,94.15,93.38,94.14,43.926,+0.36%,276800
2003-06-09,94.70,94.88,94.27,94.77,44.220,+0.67%,282200
2003-06-10,95.08,95.93,95.07,95.90,44.747,+1.19%,534800
2003-06-11,96.25,96.60,95.70,95.78,44.691,-0.13%,633600
2003-06-12,96.11,96.73,96.01,96.53,45.041,+0.78%,315400
2003-06-13,96.93,97.28,96.76,97.18,45.344,+0.67%,478400
2003-06-16,97.50,97.66,96.26,96.26,44.915,-0.95%,789300
2003-06-17,95.97,96.03,95.40,95.50,44.560,-0.79%,691600
2003-06-18,95.06,95.06,94.20,94.28,43.991,-1.28%,657600
2003-06-19,93.96,94.48,93.50,94.10,43.907,-0.19%,817700
2003-06-20,93.90,94.05,93.03,93.75,43.744,-0.37%,561700
2003-06-23,93.82,94.43,93.53,94.31,44.005,+0.60%,819900
2003-06-24,94.15,95.18,94.01,95.18,44.411,+0.92%,292900
2003-06-25,95.42,95.49,93.45,93.66,43.702,-1.60%,1002800
2003-06-26,93.25,93.25,92.12,92.40,43.114,-1.35%,1423800
2003-06-27,92.55,92.55,91.55,92.07,42.960,-0.36%,735900
2003-06-30,91.92,92.52,91.68,92.50,43.161,+0.47%,541900
2003-07-01,92.15,92.49,91.51,91.69,42.947,-0.88%,449000
2003-07-02,91.20,92.07,91.11,91.92,43.055,+0.25%,338800
2003-07-03,91.70,91.71,90.60,90.60,42.437,-1.44%,559100
2003-07-07,90.28,90.59,90.02,90.02,42.165,-0.64%,465400
2003-07-08,90.43,90.48,89.63,90.10,42.203,+0.09%,389600
2003-07-09,90.53,90.69,90.11,90.39,42.338,+0.32%,270400
2003-07-10,90.69,90.75,90.12,90.36,42.324,-0.03%,718000
2003-07-11,90.30,90.79,90.21,90.79,42.526,+0.48%,389500
2003-07-14,90.68,90.87,89.63,89.75,42.039,-1.15%,465900
2003-07-15,89.54,89.86,87.40,87.65,41.055,-2.34%,3171100
2003-07-16,87.41,88.72,87.15,88.15,41.289,+0.57%,1205400
2003-07-17,87.33,88.04,87.18,87.88,41.163,-0.31%,1030600
2003-07-18,87.65,87.96,87.44,87.70,41.078,-0.20%,550800
2003-07-21,87.50,87.60,85.65,85.84,40.207,-2.12%,1267600
2003-07-22,85.97,86.36,85.44,86.26,40.404,+0.49%,1576900
2003-07-23,86.80,87.05,86.40,86.55,40.540,+0.34%,1374700
2003-07-24,85.90,86.08,85.55,85.79,40.184,-0.88%,701100
2003-07-25,85.98,86.62,85.40,85.56,40.076,-0.27%,1273500
2003-07-28,85.24,85.29,84.40,84.41,39.537,-1.34%,1268500
2003-07-29,84.18,85.35,83.26,83.26,38.999,-1.36%,2139300
2003-07-30,83.74,84.72,83.57,84.20,39.439,+1.13%,1963400
2003-07-31,83.69,83.71,82.23,82.95,38.854,-1.48%,4706400
2003-08-01,82.10,82.79,81.98,82.51,38.824,-0.53%,3061200
2003-08-04,82.48,83.22,82.35,83.22,39.159,+0.86%,1858700
2003-08-05,83.21,83.29,81.80,82.03,38.599,-1.43%,2413000
2003-08-06,82.50,83.77,82.37,83.65,39.361,+1.97%,2549700
2003-08-07,83.80,84.05,83.14,84.00,39.526,+0.42%,1796400
2003-08-08,84.34,84.79,83.65,83.66,39.366,-0.40%,2399100
2003-08-11,83.55,83.57,82.91,83.24,39.168,-0.50%,1355000
2003-08-12,83.42,83.65,82.80,82.85,38.984,-0.47%,1534200
2003-08-13,82.20,82.35,81.19,81.25,38.232,-1.93%,2258100
2003-08-14,81.44,82.10,80.91,82.05,38.608,+0.98%,1612300
2003-08-15,82.20,82.50,81.90,82.00,38.585,-0.06%,515100
2003-08-18,82.30,82.60,82.01,82.38,38.763,+0.46%,655300
2003-08-19,82.55,83.65,82.50,83.65,39.361,+1.54%,1086500
2003-08-20,83.83,83.87,82.74,83.20,39.149,-0.54%,503600
2003-08-21,83.06,83.45,82.42,83.00,39.055,-0.24%,783600
2003-08-22,83.10,83.85,82.90,83.37,39.229,+0.45%,413200
2003-08-25,83.32,83.54,82.25,82.72,38.923,-0.78%,648200
2003-08-26,82.45,83.37,82.32,83.37,39.229,+0.79%,837200
2003-08-27,83.27,83.27,82.61,82.99,39.050,-0.46%,409100
2003-08-28,83.23,83.98,83.23,83.85,39.455,+1.04%,557200
2003-08-29,83.94,83.99,83.38,83.65,39.361,-0.24%,651100
2003-09-02,83.63,83.65,82.04,82.06,38.788,-1.90%,868700
2003-09-03,82.48,82.48,81.88,82.19,38.849,+0.16%,639900
2003-09-04,82.49,82.71,82.16,82.65,39.067,+0.56%,562900
2003-09-05,83.40,84.09,83.17,84.07,39.738,+1.72%,838000
2003-09-08,83.63,84.45,83.20,83.20,39.327,-1.03%,621100
2003-09-09,83.52,83.94,82.92,83.80,39.610,+0.72%,599900
2003-09-10,83.90,84.70,83.82,84.65,40.012,+1.01%,1285900
2003-09-11,84.26,84.38,83.80,84.10,39.752,-0.65%,859500
2003-09-12,85.02,85.38,84.45,84.68,40.026,+0.69%,1375300
2003-09-15,84.50,84.89,84.11,84.55,39.965,-0.15%,367100
2003-09-16,84.37,84.50,83.90,84.42,39.903,-0.15%,655200
2003-09-17,84.72,85.56,84.48,85.47,40.400,+1.24%,1223900
2003-09-18,85.65,85.65,84.83,85.53,40.428,+0.07%,615000
2003-09-19,85.65,86.03,85.49,85.63,40.475,+0.12%,869300
2003-09-22,85.00,85.18,84.23,84.95,40.154,-0.79%,1126400
2003-09-23,84.88,85.54,84.64,85.53,40.428,+0.68%,632100
2003-09-24,85.54,86.49,85.34,86.27,40.778,+0.87%,1005300
2003-09-25,86.30,86.72,86.15,86.70,40.981,+0.50%,846800
2003-09-26,86.94,87.49,86.82,87.48,41.350,+0.90%,1869700
2003-09-29,87.02,87.45,86.66,86.78,41.019,-0.80%,743000
2003-09-30,87.00,88.25,86.96,88.22,41.699,+1.66%,1623900
2003-10-01,87.50,87.93,87.35,87.52,41.542,-0.79%,931900
2003-10-02,86.84,87.45,86.40,87.12,41.352,-0.46%,1194100
2003-10-03,86.05,86.20,85.10,85.29,40.484,-2.10%,1451200
2003-10-06,85.12,85.79,85.08,85.66,40.659,+0.43%,507200
2003-10-07,85.45,85.57,84.63,84.67,40.189,-1.16%,594200
2003-10-08,84.45,84.98,84.35,84.65,40.180,-0.02%,811800
2003-10-09,83.92,84.13,83.65,84.05,39.895,-0.71%,1385600
2003-10-10,84.50,84.73,84.30,84.55,40.132,+0.59%,256600
2003-10-13,84.35,84.50,84.22,84.22,39.976,-0.39%,116300
2003-10-14,83.75,84.10,83.55,83.64,39.700,-0.69%,337100
2003-10-15,83.16,83.30,82.85,83.23,39.506,-0.49%,465600
2003-10-16,83.48,83.77,82.75,82.90,39.349,-0.40%,564900
2003-10-17,83.08,83.69,83.01,83.54,39.653,+0.77%,354500
2003-10-20,83.45,84.15,83.42,83.82,39.786,+0.34%,281600
2003-10-21,84.03,84.38,83.85,84.13,39.933,+0.37%,429700
2003-10-22,84.60,85.00,84.40,84.95,40.322,+0.97%,798000
2003-10-23,85.00,85.00,84.02,84.33,40.028,-0.73%,1055600
2003-10-24,85.00,85.60,84.66,85.27,40.474,+1.11%,1412200
2003-10-27,85.15,85.33,84.80,85.10,40.393,-0.20%,346900
2003-10-28,84.85,85.69,84.57,85.55,40.607,+0.53%,2200300
2003-10-29,85.28,85.35,84.61,84.78,40.241,-0.90%,926600
2003-10-30,84.00,84.55,83.80,84.40,40.061,-0.45%,936300
2003-10-31,84.73,85.22,83.74,85.19,40.436,+0.94%,887400
2003-11-03,84.56,84.58,84.04,84.44,40.245,-0.88%,957700
2003-11-04,84.65,84.97,84.59,84.92,40.474,+0.57%,246500
2003-11-05,84.82,84.82,84.26,84.34,40.198,-0.68%,275100
2003-11-06,83.77,83.92,83.50,83.55,39.821,-0.94%,861600
2003-11-07,83.12,83.59,83.05,83.50,39.797,-0.06%,725700
2003-11-10,83.60,83.84,83.20,83.43,39.764,-0.08%,553900
2003-11-11,83.45,83.50,83.36,83.44,39.769,+0.01%,99900
2003-11-12,83.86,84.15,83.79,84.05,40.059,+0.73%,321400
2003-11-13,84.60,85.37,84.54,85.35,40.679,+1.55%,920400
2003-11-14,85.30,85.96,85.20,85.92,40.951,+0.67%,484800
2003-11-17,86.14,86.59,85.95,86.05,41.013,+0.15%,695000
2003-11-18,85.97,86.61,85.78,86.58,41.265,+0.62%,632200
2003-11-19,86.42,86.62,85.56,85.62,40.808,-1.11%,553900
2003-11-20,86.25,86.49,85.80,86.45,41.203,+0.97%,373300
2003-11-21,86.58,86.93,86.50,86.50,41.227,+0.06%,516900
2003-11-24,86.18,86.31,85.75,85.79,40.889,-0.82%,573800
2003-11-25,85.95,86.52,85.95,86.26,41.113,+0.55%,298700
2003-11-26,86.10,86.40,85.33,85.91,40.946,-0.41%,613800
2003-11-28,85.35,85.40,85.13,85.13,40.574,-0.91%,311300
2003-12-01,84.40,84.57,83.80,84.24,40.349,-1.05%,1106600
2003-12-02,84.40,84.60,84.00,84.60,40.521,+0.43%,589100
2003-12-03,84.51,84.78,83.95,84.26,40.359,-0.40%,1446100
2003-12-04,84.26,84.67,84.19,84.45,40.450,+0.23%,561500
2003-12-05,85.30,86.23,85.12,85.80,41.096,+1.60%,1163800
2003-12-08,85.78,85.78,85.09,85.20,40.809,-0.70%,436200
2003-12-09,85.45,85.70,84.36,84.60,40.521,-0.70%,939200
2003-12-10,85.07,85.10,84.55,84.74,40.589,+0.17%,555700
2003-12-11,84.51,85.38,84.37,85.35,40.881,+0.72%,510500
2003-12-12,85.42,85.88,85.42,85.51,40.957,+0.19%,553100
2003-12-15,85.50,85.88,85.18,85.46,40.933,-0.06%,690000
2003-12-16,85.40,85.86,85.27,85.74,41.068,+0.33%,462800
2003-12-17,86.23,86.65,86.20,86.32,41.345,+0.68%,533100
2003-12-18,86.30,87.10,86.30,87.10,41.719,+0.90%,708100
2003-12-19,86.97,87.07,86.61,87.07,41.705,-0.03%,477600
2003-12-22,87.12,87.34,86.65,86.83,41.590,-0.28%,483700
2003-12-23,86.53,86.70,85.85,85.85,41.120,-1.13%,446600
2003-12-24,86.37,86.66,86.17,86.66,41.508,+0.94%,138900
2003-12-26,86.90,87.04,86.90,86.98,41.661,+0.37%,80500
2003-12-29,86.70,86.77,86.17,86.20,41.288,-0.90%,187800
2003-12-30,85.80,86.14,85.60,85.85,41.120,-0.41%,393900
2003-12-31,85.37,85.57,85.30,85.45,41.120,-0.47%,171400
2004-01-02,85.09,85.09,84.08,84.44,40.634,-1.18%,867100
2004-01-05,84.01,84.38,83.90,84.22,40.528,-0.26%,626400
2004-01-06,84.54,85.39,84.50,85.15,40.976,+1.10%,690500
2004-01-07,85.10,85.70,84.89,85.49,41.139,+0.40%,252000
2004-01-08,85.30,85.64,85.18,85.46,41.125,-0.04%,513300
2004-01-09,86.88,87.07,86.01,86.95,41.842,+1.74%,1623000
2004-01-12,86.60,87.38,86.60,86.88,41.808,-0.08%,863200
2004-01-13,86.68,87.47,86.56,87.47,42.092,+0.68%,465700
2004-01-14,87.49,87.92,87.15,87.90,42.299,+0.49%,1180300
2004-01-15,87.95,88.31,87.60,88.23,42.458,+0.38%,1537200
2004-01-16,88.68,88.80,87.61,87.61,42.160,-0.70%,751800
2004-01-20,87.50,87.93,87.50,87.59,42.150,-0.02%,629600
2004-01-21,87.75,87.81,87.44,87.80,42.251,+0.24%,570500
2004-01-22,87.95,88.48,87.71,88.44,42.559,+0.73%,443600
2004-01-23,88.56,88.90,87.26,87.38,42.049,-1.20%,1021300
2004-01-26,87.30,87.36,86.67,86.85,41.794,-0.61%,639500
2004-01-27,86.73,87.40,86.73,87.39,42.054,+0.62%,576100
2004-01-28,87.25,87.85,85.86,86.62,41.683,-0.88%,1823800
2004-01-29,86.22,86.58,86.02,86.44,41.596,-0.21%,814500
2004-01-30,86.90,87.22,86.60,87.04,41.885,+0.69%,526200
2004-02-02,86.45,86.88,86.38,86.50,41.798,-0.62%,335600
2004-02-03,86.92,86.99,86.60,86.94,42.010,+0.51%,350900
2004-02-04,86.79,86.86,86.48,86.77,41.928,-0.20%,645700
2004-02-05,86.84,87.08,86.24,86.43,41.764,-0.39%,971400
2004-02-06,87.14,87.45,87.03,87.38,42.223,+1.10%,798200
2004-02-09,87.56,87.64,87.39,87.64,42.349,+0.30%,272400
2004-02-10,87.48,87.55,87.04,87.15,42.112,-0.56%,203200
2004-02-11,87.02,88.20,86.91,87.80,42.426,+0.75%,1335100
2004-02-12,87.85,88.00,87.26,87.43,42.247,-0.42%,256700
2004-02-13,87.80,88.10,87.57,87.80,42.426,+0.42%,513600
2004-02-17,87.86,87.89,87.53,87.74,42.397,-0.07%,644100
2004-02-18,88.10,88.18,87.69,87.86,42.455,+0.14%,990900
2004-02-19,87.53,87.95,87.47,87.95,42.498,+0.10%,668900
2004-02-20,87.75,87.83,87.20,87.34,42.204,-0.69%,1009800
2004-02-23,87.39,87.88,87.32,87.88,42.465,+0.62%,504000
2004-02-24,88.05,88.39,87.86,88.04,42.542,+0.18%,940900
2004-02-25,88.22,88.36,88.03,88.18,42.609,+0.16%,572300
2004-02-26,87.85,87.96,87.54,87.90,42.474,-0.32%,399100
2004-02-27,88.22,88.78,87.96,88.66,42.841,+0.86%,836000
2004-03-01,88.46,88.64,88.04,88.27,42.825,-0.44%,771900
2004-03-02,88.12,88.20,87.40,87.71,42.553,-0.63%,676000
2004-03-03,87.39,87.64,87.11,87.55,42.475,-0.18%,718000
2004-03-04,87.40,87.95,87.34,87.94,42.665,+0.45%,421600
2004-03-05,89.77,90.00,89.52,89.64,43.489,+1.93%,2789800
2004-03-08,90.06,90.32,90.00,90.17,43.747,+0.59%,1309400
2004-03-09,90.25,90.85,90.19,90.77,44.038,+0.67%,829000
2004-03-10,90.52,90.93,90.48,90.71,44.009,-0.07%,878900
2004-03-11,91.05,91.05,90.15,90.84,44.072,+0.14%,1337100
2004-03-12,90.61,90.81,90.22,90.28,43.800,-0.62%,442100
2004-03-15,90.42,90.64,90.23,90.43,43.873,+0.17%,756200
2004-03-16,90.29,91.18,90.05,91.18,44.237,+0.83%,1374200
2004-03-17,91.47,91.48,90.90,91.03,44.164,-0.16%,1936500
2004-03-18,90.71,91.06,90.40,90.55,43.931,-0.53%,1842100
2004-03-19,90.47,90.60,90.21,90.43,43.873,-0.13%,366700
2004-03-22,90.59,90.98,90.59,90.98,44.140,+0.61%,947200
2004-03-23,90.89,91.14,90.75,91.14,44.217,+0.18%,562200
2004-03-24,91.16,91.23,90.92,91.09,44.193,-0.05%,327400
2004-03-25,90.72,90.94,90.65,90.74,44.023,-0.38%,514000
2004-03-26,90.48,90.60,89.60,89.78,43.557,-1.06%,1378600
2004-03-29,89.05,89.23,88.90,89.18,43.266,-0.67%,2454000
2004-03-30,89.30,89.43,89.07,89.12,43.237,-0.07%,1021000
2004-03-31,89.25,89.63,89.21,89.55,43.446,+0.48%,1647300
2004-04-01,88.98,89.06,88.55,88.91,43.304,-0.71%,1309200
2004-04-02,87.13,87.13,86.41,86.71,42.233,-2.47%,2603700
2004-04-05,86.32,86.39,85.91,86.03,41.901,-0.78%,1422700
2004-04-06,86.40,86.50,86.20,86.50,42.130,+0.55%,1695400
2004-04-07,86.30,86.80,86.25,86.30,42.033,-0.23%,659600
2004-04-08,86.17,86.42,85.98,86.05,41.911,-0.29%,893700
2004-04-12,85.81,85.87,85.60,85.74,41.760,-0.36%,311700
2004-04-13,84.93,85.11,84.77,84.81,41.307,-1.08%,1449500
2004-04-14,83.98,84.76,83.98,84.74,41.273,-0.08%,2529200
2004-04-15,84.67,84.80,84.18,84.24,41.030,-0.59%,1184800
2004-04-16,84.68,84.87,84.41,84.56,41.185,+0.38%,986900
2004-04-19,84.85,84.91,84.30,84.38,41.098,-0.21%,682100
2004-04-20,84.27,84.43,83.61,83.61,40.723,-0.91%,1618700
2004-04-21,83.72,84.32,83.72,84.02,40.922,+0.49%,763600
2004-04-22,84.25,84.59,84.14,84.52,41.166,+0.60%,1024300
2004-04-23,84.11,84.34,83.75,84.04,40.932,-0.57%,963200
2004-04-26,84.09,84.29,84.06,84.18,41.000,+0.17%,515800
2004-04-27,84.40,84.55,84.08,84.50,41.156,+0.38%,1033400
2004-04-28,84.30,84.43,83.61,83.71,40.771,-0.93%,1215700
2004-04-29,83.75,84.18,83.01,83.30,40.572,-0.49%,2504900
2004-04-30,83.43,83.80,83.27,83.64,40.737,+0.41%,831500
2004-05-03,83.10,83.57,83.10,83.42,40.789,-0.26%,668800
2004-05-04,83.63,83.90,82.69,82.85,40.510,-0.68%,3950900
2004-05-05,83.26,83.26,82.50,82.62,40.397,-0.28%,2236600
2004-05-06,82.56,82.65,82.37,82.40,40.290,-0.27%,3163200
2004-05-07,81.45,81.50,81.10,81.32,39.762,-1.31%,1756400
2004-05-10,81.48,81.61,81.11,81.13,39.669,-0.23%,958700
2004-05-11,81.11,81.52,81.11,81.50,39.850,+0.46%,766000
2004-05-12,81.40,81.44,80.94,80.96,39.586,-0.66%,1945700
2004-05-13,80.89,80.92,80.51,80.65,39.434,-0.38%,1187000
2004-05-14,81.04,81.39,80.73,81.31,39.757,+0.82%,4086400
2004-05-17,81.87,82.07,81.68,82.03,40.109,+0.89%,1735600
2004-05-18,81.70,81.91,81.57,81.71,39.952,-0.39%,674200
2004-05-19,81.40,81.45,81.15,81.44,39.820,-0.33%,319200
2004-05-20,81.74,82.10,81.62,82.07,40.128,+0.77%,1745900
2004-05-21,82.37,82.38,81.59,81.74,39.967,-0.40%,1461900
2004-05-24,81.93,82.08,81.68,82.00,40.094,+0.32%,314800
2004-05-25,82.03,82.32,82.01,82.24,40.212,+0.29%,645300
2004-05-26,82.40,82.73,82.32,82.68,40.427,+0.54%,505500
2004-05-27,83.03,83.40,82.83,83.33,40.745,+0.79%,1122800
2004-05-28,83.02,83.50,82.75,83.10,40.632,-0.28%,612700
2004-06-01,82.37,82.40,81.70,82.02,40.261,-1.30%,662000
2004-06-02,82.02,82.13,81.76,81.81,40.158,-0.26%,906600
2004-06-03,81.80,82.05,81.59,81.98,40.242,+0.21%,1173600
2004-06-04,82.04,82.13,81.44,81.50,40.006,-0.59%,568200
2004-06-07,81.42,81.59,81.22,81.52,40.016,+0.02%,377200
2004-06-08,81.20,81.68,81.08,81.67,40.089,+0.18%,1294200
2004-06-09,81.45,81.52,81.00,81.32,39.918,-0.43%,589400
2004-06-10,81.36,81.60,81.15,81.48,39.996,+0.20%,336200
2004-06-14,81.20,81.26,80.76,80.83,39.677,-0.80%,892200
2004-06-15,81.81,82.62,81.81,82.54,40.516,+2.12%,1567400
2004-06-16,82.05,82.34,81.99,82.22,40.359,-0.39%,494700
2004-06-17,82.09,82.77,81.97,82.76,40.624,+0.66%,552800
2004-06-18,82.76,82.85,82.37,82.58,40.536,-0.22%,394500
2004-06-21,82.63,82.75,82.49,82.64,40.566,+0.07%,731900
2004-06-22,82.43,82.59,82.36,82.39,40.443,-0.30%,362700
2004-06-23,82.29,82.68,82.18,82.55,40.521,+0.19%,302900
2004-06-24,83.26,83.34,82.90,83.05,40.767,+0.61%,1087900
2004-06-25,82.92,83.15,82.87,83.13,40.806,+0.10%,253200
2004-06-28,82.78,82.87,82.18,82.28,40.389,-1.02%,573100
2004-06-29,82.40,82.84,82.17,82.80,40.644,+0.63%,401500
2004-06-30,83.03,83.75,82.91,83.65,41.061,+1.03%,1730800
2004-07-01,83.35,83.56,82.93,83.47,41.138,-0.22%,1099300
2004-07-02,84.66,84.69,84.26,84.35,41.572,+1.05%,1293300
2004-07-06,84.57,84.59,84.14,84.21,41.503,-0.17%,351600
2004-07-07,84.20,84.42,84.13,84.24,41.517,+0.04%,303500
2004-07-08,84.30,84.54,84.23,84.29,41.542,+0.06%,715200
2004-07-09,84.25,84.42,84.09,84.38,41.586,+0.11%,2152900
2004-07-12,84.61,84.66,84.44,84.50,41.646,+0.14%,1297800
2004-07-13,84.20,84.27,83.95,84.25,41.522,-0.30%,307100
2004-07-14,84.32,84.37,84.15,84.28,41.537,+0.04%,241400
2004-07-15,84.29,84.38,84.17,84.37,41.581,+0.11%,562700
2004-07-16,84.85,85.50,84.85,85.49,42.133,+1.33%,2970600
2004-07-19,85.41,85.57,85.36,85.55,42.163,+0.07%,978300
2004-07-20,85.31,85.38,84.60,84.78,41.784,-0.90%,1091500
2004-07-21,84.41,84.56,84.19,84.55,41.670,-0.27%,662800
2004-07-22,84.58,84.85,84.58,84.67,41.729,+0.14%,154700
2004-07-23,84.78,84.97,84.78,84.95,41.867,+0.33%,209200
2004-07-26,84.84,84.84,84.46,84.55,41.670,-0.47%,712000
2004-07-27,84.40,84.47,83.41,83.41,41.108,-1.35%,961200
2004-07-28,83.22,83.53,83.04,83.42,41.113,+0.01%,495200
2004-07-29,83.27,83.65,83.27,83.61,41.207,+0.23%,519600
2004-07-30,84.07,84.63,84.00,84.59,41.690,+1.17%,578400
2004-08-02,84.50,84.61,84.32,84.37,41.744,-0.26%,714800
2004-08-03,84.49,84.83,84.40,84.71,41.912,+0.40%,509500
2004-08-04,84.68,85.12,84.50,84.75,41.932,+0.05%,481300
2004-08-05,84.88,85.09,84.86,84.99,42.051,+0.28%,623100
2004-08-06,86.41,86.86,86.12,86.42,42.758,+1.68%,1240900
2004-08-09,86.15,86.34,86.07,86.12,42.610,-0.35%,322100
2004-08-10,86.26,86.44,85.81,85.81,42.457,-0.36%,860100
2004-08-11,85.82,86.27,85.73,86.18,42.640,+0.43%,898400
2004-08-12,86.00,86.36,85.89,86.36,42.729,+0.21%,697500
2004-08-13,86.67,86.90,86.52,86.64,42.867,+0.32%,637500
2004-08-16,86.47,86.53,86.02,86.34,42.719,-0.35%,729400
2004-08-17,86.40,86.85,86.36,86.83,42.961,+0.57%,182000
2004-08-18,87.03,87.06,86.40,86.41,42.755,-0.48%,365300
2004-08-19,86.50,86.75,86.34,86.62,42.857,+0.24%,372900
2004-08-20,86.58,86.75,86.40,86.54,42.818,-0.09%,875400
2004-08-23,86.11,86.17,85.97,86.04,42.570,-0.58%,1007200
2004-08-24,85.95,86.14,85.77,86.09,42.595,+0.06%,1044200
2004-08-25,86.32,86.64,86.25,86.39,42.743,+0.35%,588200
2004-08-26,86.56,86.88,86.44,86.88,42.986,+0.57%,478000
2004-08-27,86.83,87.03,86.64,86.82,42.956,-0.07%,304400
2004-08-30,87.00,87.23,86.92,87.23,43.159,+0.47%,259100
2004-08-31,87.30,88.00,87.24,87.77,43.426,+0.62%,1721100
2004-09-01,87.70,87.70,87.15,87.51,43.471,-0.30%,1388900
2004-09-02,87.37,87.37,86.65,86.65,43.044,-0.98%,867000
2004-09-03,86.47,86.66,86.00,86.66,43.049,+0.01%,958100
2004-09-07,86.24,86.58,86.19,86.57,43.004,-0.10%,475500
2004-09-08,86.26,87.32,86.18,87.30,43.367,+0.84%,584800
2004-09-09,87.22,87.58,86.86,86.97,43.203,-0.38%,284800
2004-09-10,87.38,87.53,87.06,87.10,43.267,+0.15%,711700
2004-09-13,87.20,87.53,87.12,87.48,43.456,+0.44%,152900
2004-09-14,87.36,87.68,87.18,87.57,43.501,+0.10%,695700
2004-09-15,87.50,87.50,87.18,87.37,43.401,-0.23%,642500
2004-09-16,87.56,88.48,87.50,88.36,43.893,+1.13%,1103400
2004-09-17,88.13,88.39,87.89,87.92,43.675,-0.50%,765400
2004-09-20,88.26,88.57,88.19,88.50,43.963,+0.66%,727200
2004-09-21,88.36,88.92,88.10,88.76,44.092,+0.29%,1018500
2004-09-22,88.80,89.81,88.65,89.68,44.549,+1.04%,2541200
2004-09-23,89.67,89.88,89.32,89.32,44.370,-0.40%,2391000
2004-09-24,89.35,89.49,89.10,89.43,44.425,+0.12%,1984300
2004-09-27,89.60,89.89,89.57,89.82,44.618,+0.44%,1420800
2004-09-28,89.68,89.95,89.22,89.46,44.440,-0.40%,1161100
2004-09-29,88.70,88.87,88.56,88.59,44.007,-0.97%,1970700
2004-09-30,88.14,88.37,87.96,88.25,43.838,-0.38%,1945700
2004-10-01,87.50,87.63,87.29,87.45,43.620,-0.91%,1999300
2004-10-04,87.00,87.60,87.00,87.58,43.685,+0.15%,1106200
2004-10-05,87.53,87.70,87.42,87.58,43.685,0.00%,501700
2004-10-06,87.45,87.47,87.02,87.18,43.486,-0.46%,531300
2004-10-07,87.00,87.18,86.74,86.80,43.296,-0.44%,2128600
2004-10-08,87.97,88.21,87.75,87.95,43.870,+1.32%,1534500
2004-10-11,87.95,88.10,87.73,88.04,43.915,+0.10%,60800
2004-10-12,88.34,88.39,88.16,88.24,44.014,+0.23%,757900
2004-10-13,88.00,88.56,87.95,88.56,44.174,+0.36%,648000
2004-10-14,88.50,89.01,88.41,88.98,44.383,+0.47%,717100
2004-10-15,88.81,88.99,88.18,88.67,44.229,-0.35%,746400
2004-10-18,88.65,88.79,88.37,88.71,44.249,+0.05%,613600
2004-10-19,88.33,88.99,88.27,88.94,44.363,+0.26%,505400
2004-10-20,89.26,89.61,89.20,89.55,44.668,+0.69%,1127100
2004-10-21,89.44,89.90,89.44,89.61,44.698,+0.07%,1649200
2004-10-22,89.50,89.82,89.37,89.82,44.802,+0.23%,491500
2004-10-25,90.07,90.09,89.80,89.89,44.837,+0.08%,246800
2004-10-26,89.95,90.01,89.62,89.62,44.703,-0.30%,503700
2004-10-27,89.87,90.05,88.72,88.74,44.264,-0.98%,2351800
2004-10-28,88.74,89.16,88.52,89.03,44.408,+0.33%,839200
2004-10-29,89.11,89.49,88.92,89.44,44.613,+0.46%,1169300
2004-11-01,88.75,89.00,88.40,88.52,44.337,-1.03%,923500
2004-11-02,88.48,88.73,88.31,88.65,44.402,+0.15%,709300
2004-11-03,88.03,88.75,88.00,88.69,44.422,+0.05%,1066600
2004-11-04,88.86,89.10,88.75,88.78,44.467,+0.10%,2285100
2004-11-05,87.74,87.93,87.52,87.81,43.981,-1.09%,1838000
2004-11-08,87.50,87.60,87.40,87.50,43.826,-0.35%,454100
2004-11-09,87.40,87.73,87.40,87.45,43.801,-0.06%,373000
2004-11-10,87.31,87.47,86.91,87.12,43.635,-0.38%,1303400
2004-11-11,87.45,87.45,86.93,86.93,43.540,-0.22%,309700
2004-11-12,87.34,88.11,87.33,87.87,44.011,+1.08%,1125900
2004-11-15,87.95,88.00,87.74,87.95,44.051,+0.09%,763200
2004-11-16,87.81,87.95,87.70,87.95,44.051,0.00%,520900
2004-11-17,87.89,88.76,87.89,88.70,44.427,+0.85%,1249400
2004-11-18,88.55,89.06,88.41,88.97,44.562,+0.30%,891500
2004-11-19,88.90,89.03,88.09,88.26,44.206,-0.80%,1244500
2004-11-22,88.35,88.87,88.30,88.72,44.437,+0.52%,511500
2004-11-23,88.50,89.20,88.48,88.83,44.492,+0.12%,746300
2004-11-24,88.91,88.91,88.73,88.83,44.492,0.00%,309700
2004-11-26,88.29,88.34,88.23,88.25,44.201,-0.65%,697100
2004-11-29,87.47,87.60,87.17,87.31,43.731,-1.07%,1546400
2004-11-30,86.94,87.16,86.63,86.94,43.545,-0.42%,1754500
2004-12-01,86.70,86.75,86.18,86.45,43.477,-0.56%,2489800
2004-12-02,86.17,86.30,86.01,86.10,43.301,-0.40%,2881500
2004-12-03,87.15,87.66,86.93,87.44,43.975,+1.56%,2233700
2004-12-06,87.49,87.85,87.45,87.74,44.126,+0.34%,1314100
2004-12-07,87.74,87.89,87.50,87.85,44.182,+0.13%,784300
2004-12-08,88.41,89.22,88.36,89.22,44.871,+1.56%,2639700
2004-12-09,88.99,89.27,88.57,88.63,44.574,-0.66%,1428900
2004-12-10,88.95,89.05,88.67,88.85,44.684,+0.25%,1445000
2004-12-13,88.82,89.29,88.80,89.04,44.780,+0.21%,677400
2004-12-14,88.74,89.44,88.70,89.39,44.956,+0.39%,1568200
2004-12-15,89.95,90.25,89.84,90.20,45.363,+0.91%,2511500
2004-12-16,89.89,89.89,88.85,88.87,44.694,-1.47%,1998200
2004-12-17,88.48,88.88,88.42,88.75,44.634,-0.14%,1319800
2004-12-20,88.87,89.10,88.82,88.91,44.715,+0.18%,230500
2004-12-21,89.06,89.24,88.90,89.18,44.850,+0.30%,245200
2004-12-22,89.21,89.21,88.70,88.88,44.700,-0.34%,511600
2004-12-23,88.74,88.79,88.57,88.59,44.554,-0.33%,738600
2004-12-27,88.33,88.37,87.70,87.90,44.207,-0.78%,1322600
2004-12-28,87.86,87.91,87.40,87.83,44.171,-0.08%,1253500
2004-12-29,87.87,88.00,87.57,87.74,44.126,-0.10%,567500
2004-12-30,87.80,88.45,87.74,88.33,44.423,+0.67%,626400
2004-12-31,88.37,88.65,88.30,88.55,44.702,+0.25%,1056400
2005-01-03,88.18,88.84,88.16,88.74,44.798,+0.21%,1168000
2005-01-04,88.72,88.75,87.81,87.81,44.329,-1.05%,1935400
2005-01-05,87.99,88.55,87.94,88.28,44.566,+0.54%,1094100
2005-01-06,88.29,88.54,88.22,88.34,44.596,+0.07%,1057400
2005-01-07,88.76,88.87,88.35,88.54,44.697,+0.23%,738700
2005-01-10,88.64,88.72,88.47,88.68,44.768,+0.16%,379400
2005-01-11,88.90,89.28,88.74,89.20,45.030,+0.59%,844100
2005-01-12,88.87,89.44,88.80,89.32,45.091,+0.13%,722000
2005-01-13,89.75,90.18,89.73,90.18,45.525,+0.96%,1876700
2005-01-14,89.90,90.40,89.81,90.17,45.520,-0.01%,1043800
2005-01-18,89.80,90.49,89.73,90.47,45.671,+0.33%,1251600
2005-01-19,90.80,90.84,90.27,90.73,45.803,+0.29%,655800
2005-01-20,90.42,91.02,90.35,90.91,45.893,+0.20%,1064200
2005-01-21,90.60,91.05,90.52,91.01,45.944,+0.11%,606300
2005-01-24,91.09,91.50,91.00,91.40,46.141,+0.43%,561400
2005-01-25,91.36,91.40,90.51,90.54,45.707,-0.94%,1942200
2005-01-26,90.85,90.92,90.63,90.71,45.792,+0.19%,709800
2005-01-27,90.52,90.70,90.34,90.54,45.707,-0.19%,463900
2005-01-28,91.22,91.60,91.17,91.45,46.166,+1.01%,1128000
2005-01-31,91.33,91.75,91.29,91.71,46.297,+0.28%,1313900
2005-02-01,91.44,91.50,91.05,91.22,46.224,-0.53%,948200
2005-02-02,91.20,91.46,91.09,91.43,46.330,+0.23%,760300
2005-02-03,91.06,91.44,91.06,91.35,46.290,-0.09%,505800
2005-02-04,92.47,92.94,92.46,92.65,46.949,+1.42%,3483900
2005-02-07,92.74,93.42,92.70,93.34,47.298,+0.74%,1064600
2005-02-08,93.37,94.12,93.33,93.87,47.567,+0.57%,1383800
2005-02-09,93.44,94.24,93.38,94.12,47.693,+0.27%,2125800
2005-02-10,93.49,93.68,92.75,92.85,47.050,-1.35%,1240000
2005-02-11,92.46,92.98,92.40,92.79,47.019,-0.06%,1275200
2005-02-14,92.90,93.21,92.73,93.08,47.166,+0.31%,295000
2005-02-15,92.60,92.86,92.57,92.61,46.928,-0.50%,900200
2005-02-16,92.51,92.57,91.80,92.26,46.751,-0.38%,1189700
2005-02-17,91.76,92.14,91.60,91.68,46.457,-0.63%,1146400
2005-02-18,90.55,90.95,90.46,90.86,46.041,-0.89%,2655800
2005-02-22,90.63,90.75,90.40,90.46,45.839,-0.44%,914600
2005-02-23,91.14,91.17,90.43,90.76,45.991,+0.33%,1115000
2005-02-24,91.16,91.33,90.56,90.56,45.889,-0.22%,798500
2005-02-25,90.89,91.14,90.62,91.00,46.112,+0.49%,588800
2005-02-28,91.10,91.10,89.89,90.02,45.616,-1.08%,2797300
2005-03-01,89.54,89.86,89.45,89.71,45.602,-0.34%,1648500
2005-03-02,89.45,89.72,89.42,89.59,45.541,-0.13%,1139300
2005-03-03,89.62,89.80,89.45,89.54,45.515,-0.06%,1600600
2005-03-04,89.99,90.67,89.87,90.51,46.008,+1.08%,1567000
2005-03-07,90.85,90.99,90.75,90.87,46.191,+0.40%,889800
2005-03-08,90.13,90.27,89.94,90.01,45.754,-0.95%,680400
2005-03-09,89.18,89.40,88.44,88.54,45.007,-1.63%,2549600
2005-03-10,88.74,89.33,88.39,89.08,45.282,+0.61%,1357700
2005-03-11,88.65,88.87,88.40,88.43,44.951,-0.73%,1017900
2005-03-14,88.37,89.00,88.30,88.96,45.221,+0.60%,805000
2005-03-15,89.29,89.30,88.40,88.40,44.936,-0.63%,963900
2005-03-16,88.54,89.36,88.54,88.94,45.210,+0.61%,2097800
2005-03-17,89.35,89.58,89.12,89.23,45.358,+0.33%,1025300
2005-03-18,88.90,88.98,88.67,88.67,45.073,-0.63%,722700
2005-03-21,88.67,88.67,88.38,88.42,44.946,-0.28%,893100
2005-03-22,88.94,89.05,87.54,87.67,44.565,-0.85%,2544900
2005-03-23,87.53,88.16,87.53,88.09,44.778,+0.48%,1951700
2005-03-24,88.32,88.46,88.18,88.27,44.870,+0.20%,746800
2005-03-28,87.99,88.00,87.72,87.73,44.595,-0.61%,382200
2005-03-29,88.08,88.28,87.99,88.25,44.860,+0.59%,1135000
2005-03-30,88.20,88.75,88.16,88.69,45.083,+0.50%,1095600
2005-03-31,89.20,89.39,88.86,89.33,45.409,+0.72%,2410900
2005-04-01,89.53,89.66,88.50,89.30,45.561,-0.03%,2805300
2005-04-04,89.28,89.66,89.17,89.28,45.551,-0.02%,754800
2005-04-05,89.24,89.36,88.93,89.05,45.434,-0.26%,733300
2005-04-06,89.41,89.44,89.20,89.36,45.592,+0.35%,402800
2005-04-07,89.30,89.58,88.61,88.64,45.224,-0.81%,973000
2005-04-08,88.56,89.00,88.34,88.95,45.383,+0.35%,438600
2005-04-11,88.97,89.62,88.94,89.43,45.627,+0.54%,1460200
2005-04-12,89.23,90.40,89.12,90.26,46.051,+0.93%,1931500
2005-04-13,90.35,90.44,89.80,90.04,45.939,-0.24%,1001700
2005-04-14,90.08,90.12,89.66,89.90,45.867,-0.16%,1461800
2005-04-15,90.54,91.12,90.22,91.09,46.474,+1.32%,2807300
2005-04-18,91.37,91.39,90.94,91.02,46.439,-0.08%,3510800
2005-04-19,91.34,92.04,91.32,91.90,46.888,+0.97%,1733600
2005-04-20,91.22,91.77,91.18,91.67,46.770,-0.25%,1617900
2005-04-21,91.30,91.42,90.70,90.75,46.301,-1.00%,1288500
2005-04-22,91.27,91.58,91.09,91.47,46.668,+0.79%,876300
2005-04-25,91.66,91.82,91.51,91.74,46.806,+0.30%,818300
2005-04-26,91.99,92.05,91.34,91.60,46.735,-0.15%,549300
2005-04-27,92.05,92.20,91.80,91.92,46.898,+0.35%,684900
2005-04-28,92.05,92.65,91.95,92.60,47.245,+0.74%,1062000
2005-04-29,92.57,92.94,92.22,92.44,47.163,-0.17%,1445100
2005-05-02,92.15,92.26,91.71,92.09,47.153,-0.38%,1358200
2005-05-03,92.07,92.54,91.92,92.34,47.281,+0.27%,1884900
2005-05-04,91.45,91.72,91.05,91.53,46.866,-0.88%,2211500
2005-05-05,91.30,91.84,91.21,91.74,46.974,+0.23%,1757900
2005-05-06,90.93,91.20,90.81,91.06,46.626,-0.74%,850600
2005-05-09,91.01,91.24,91.00,91.15,46.672,+0.10%,327800
2005-05-10,91.36,91.80,91.34,91.80,47.004,+0.71%,495500
2005-05-11,92.14,92.52,91.99,92.08,47.148,+0.31%,1058700
2005-05-12,92.00,92.47,91.72,92.44,47.332,+0.39%,657000
2005-05-13,92.71,93.02,92.57,92.80,47.517,+0.39%,1698100
2005-05-16,93.04,93.07,92.68,92.69,47.460,-0.12%,824800
2005-05-17,92.96,93.19,92.90,92.95,47.593,+0.28%,856300
2005-05-18,93.70,93.80,93.34,93.57,47.911,+0.67%,1092300
2005-05-19,93.70,93.70,93.28,93.33,47.788,-0.26%,948800
2005-05-20,93.25,93.51,93.21,93.44,47.844,+0.12%,806800
2005-05-23,93.60,94.23,93.57,94.17,48.218,+0.78%,905600
2005-05-24,94.53,94.65,94.18,94.43,48.351,+0.28%,1695400
2005-05-25,94.59,94.65,93.73,93.77,48.013,-0.70%,1923300
2005-05-26,93.59,94.07,93.59,93.74,47.998,-0.03%,978300
2005-05-27,93.74,93.98,93.54,93.84,48.049,+0.11%,650600
2005-05-31,94.22,95.05,94.22,95.00,48.643,+1.24%,1979000
2005-06-01,95.20,95.84,95.19,95.81,49.237,+0.85%,3823200
2005-06-02,95.73,96.19,95.73,96.04,49.355,+0.24%,1703400
2005-06-03,96.90,97.00,95.20,95.25,48.949,-0.82%,5558100
2005-06-06,95.50,95.88,95.35,95.75,49.206,+0.52%,1088700
2005-06-07,96.47,96.58,96.05,96.51,49.596,+0.79%,1503100
2005-06-08,96.31,96.45,96.05,96.05,49.360,-0.48%,1272400
2005-06-09,95.67,96.01,95.43,95.97,49.319,-0.08%,612700
2005-06-10,95.55,95.55,94.86,94.89,48.764,-1.13%,1464800
2005-06-13,94.48,94.53,94.17,94.32,48.471,-0.60%,1616700
2005-06-14,94.05,94.16,93.57,93.70,48.152,-0.66%,1984500
2005-06-15,93.39,93.87,93.33,93.87,48.240,+0.18%,1996800
2005-06-16,93.80,94.42,93.57,94.34,48.481,+0.50%,1370300
2005-06-17,94.11,94.47,94.02,94.33,48.476,-0.01%,555900
2005-06-20,93.82,94.20,93.60,94.17,48.394,-0.17%,453000
2005-06-21,94.38,94.86,94.32,94.86,48.748,+0.73%,503100
2005-06-22,95.49,96.09,95.26,96.01,49.339,+1.21%,952200
2005-06-23,95.80,95.98,95.54,95.91,49.288,-0.10%,996300
2005-06-24,96.24,96.45,96.02,96.39,49.535,+0.50%,928000
2005-06-27,96.49,96.81,96.35,96.65,49.668,+0.27%,1203600
2005-06-28,96.32,96.37,95.91,95.99,49.329,-0.68%,982400
2005-06-29,96.47,96.48,95.60,95.84,49.252,-0.16%,1682400
2005-06-30,95.86,96.72,95.81,96.70,49.694,+0.90%,2159400
2005-07-01,96.04,96.26,94.99,95.20,49.093,-1.55%,2222700
2005-07-05,94.35,94.74,94.27,94.30,48.629,-0.95%,1076100
2005-07-06,94.63,94.83,94.43,94.82,48.898,+0.55%,854100
2005-07-07,95.43,95.55,94.96,95.02,49.001,+0.21%,1678000
2005-07-08,95.25,95.25,94.32,94.63,48.800,-0.41%,1259300
2005-07-11,94.11,94.65,93.95,94.63,48.800,0.00%,982000
2005-07-12,94.35,94.53,94.06,94.10,48.526,-0.56%,743700
2005-07-13,94.05,94.10,93.86,93.96,48.454,-0.15%,886600
2005-07-14,94.10,94.14,93.60,93.72,48.330,-0.26%,874300
2005-07-15,93.50,94.03,93.50,93.97,48.459,+0.27%,1064700
2005-07-18,93.85,93.97,93.10,93.27,48.098,-0.74%,1204500
2005-07-19,93.23,93.72,93.12,93.60,48.268,+0.35%,1226900
2005-07-20,93.51,94.24,93.18,94.11,48.531,+0.54%,1884500
2005-07-21,93.48,93.54,92.68,92.83,47.871,-1.36%,3824200
2005-07-22,93.10,93.62,93.03,93.55,48.243,+0.78%,1614900
2005-07-25,93.40,93.71,93.14,93.21,48.067,-0.36%,305100
2005-07-26,93.27,93.41,93.17,93.36,48.145,+0.16%,340500
2005-07-27,93.07,93.27,93.01,93.21,48.067,-0.16%,593300
2005-07-28,93.38,94.17,93.38,94.04,48.495,+0.89%,578900
2005-07-29,93.80,93.80,92.85,93.11,48.016,-0.99%,1699500
2005-08-01,92.50,92.60,92.02,92.42,47.838,-0.74%,1760300
2005-08-02,92.27,92.46,91.96,92.12,47.683,-0.32%,1071400
2005-08-03,92.25,92.66,92.25,92.57,47.915,+0.49%,591100
2005-08-04,92.59,92.79,92.20,92.38,47.817,-0.21%,1046800
2005-08-05,91.70,91.87,91.55,91.66,47.444,-0.78%,1041600
2005-08-08,91.68,91.85,91.44,91.49,47.356,-0.19%,836600
2005-08-09,91.70,91.85,91.28,91.83,47.532,+0.37%,1474800
2005-08-10,92.01,92.10,91.54,91.73,47.481,-0.11%,909300
2005-08-11,92.03,92.45,91.70,92.37,47.812,+0.70%,881600
2005-08-12,92.62,93.44,92.57,93.31,48.298,+1.02%,1765100
2005-08-15,93.26,93.30,93.05,93.07,48.174,-0.26%,954300
2005-08-16,93.68,93.90,93.50,93.72,48.511,+0.70%,1311000
2005-08-17,93.51,93.73,92.98,93.10,48.190,-0.66%,1278200
2005-08-18,93.45,93.81,93.27,93.79,48.547,+0.74%,833900
2005-08-19,93.36,93.84,93.34,93.78,48.542,-0.01%,439200
2005-08-22,93.54,93.80,93.20,93.68,48.490,-0.11%,599300
2005-08-23,93.73,94.23,93.65,94.11,48.713,+0.46%,491800
2005-08-24,94.27,94.33,93.85,94.20,48.759,+0.10%,998200
2005-08-25,94.28,94.61,94.06,94.50,48.914,+0.32%,812400
2005-08-26,94.65,94.88,94.20,94.47,48.899,-0.03%,874600
2005-08-29,94.83,94.88,94.50,94.59,48.961,+0.13%,550100
2005-08-30,94.83,95.35,94.72,95.19,49.272,+0.63%,1392700
2005-08-31,95.31,96.00,95.30,95.99,49.686,+0.84%,1310800
2005-09-01,95.31,95.74,94.93,95.08,49.388,-0.95%,1899000
2005-09-02,94.88,95.29,94.80,95.16,49.429,+0.08%,621400
2005-09-06,95.01,95.17,94.48,94.49,49.081,-0.70%,965300
2005-09-07,94.18,94.18,93.36,93.60,48.619,-0.94%,1090200
2005-09-08,93.89,93.98,93.60,93.70,48.671,+0.11%,373100
2005-09-09,93.96,94.32,93.88,94.00,48.827,+0.32%,426300
2005-09-12,93.66,93.71,93.19,93.35,48.489,-0.69%,917300
2005-09-13,93.76,94.12,93.64,93.84,48.744,+0.52%,450400
2005-09-14,93.82,93.88,93.38,93.48,48.557,-0.38%,346400
2005-09-15,93.35,93.35,92.40,92.71,48.157,-0.82%,2225800
2005-09-16,92.30,92.48,91.88,92.10,47.840,-0.66%,2145500
2005-09-19,92.18,92.44,92.10,92.30,47.944,+0.22%,886100
2005-09-20,92.29,92.80,91.88,92.54,48.068,+0.26%,1848800
2005-09-21,93.28,93.41,93.13,93.40,48.515,+0.93%,993000
2005-09-22,93.37,93.45,93.13,93.31,48.468,-0.10%,761700
2005-09-23,93.05,93.10,92.61,92.61,48.105,-0.75%,656800
2005-09-26,92.11,92.38,92.10,92.19,47.886,-0.45%,680900
2005-09-27,92.27,92.56,91.94,92.32,47.954,+0.14%,827800
2005-09-28,92.39,93.02,92.26,92.94,48.276,+0.67%,712800
2005-09-29,92.60,92.61,92.36,92.52,48.058,-0.45%,657100
2005-09-30,92.58,92.69,92.00,92.20,47.892,-0.35%,1391800
2005-10-03,91.79,92.20,91.10,91.12,47.519,-1.17%,1370900
2005-10-04,91.37,91.54,91.21,91.42,47.675,+0.33%,783200
2005-10-05,91.68,91.98,91.57,91.82,47.884,+0.44%,1215800
2005-10-06,91.70,91.74,91.44,91.47,47.701,-0.38%,340000
2005-10-07,91.09,91.95,90.96,91.84,47.894,+0.40%,1337800
2005-10-10,91.85,91.97,91.62,91.78,47.863,-0.07%,159700
2005-10-11,91.84,91.92,91.45,91.59,47.764,-0.21%,679100
2005-10-12,91.44,91.44,90.65,90.70,47.300,-0.97%,1105700
2005-10-13,90.25,90.50,90.08,90.37,47.128,-0.36%,1376600
2005-10-14,90.60,90.70,89.82,90.23,47.054,-0.15%,1042600
2005-10-17,90.42,90.61,90.12,90.21,47.044,-0.02%,1058200
2005-10-18,90.46,90.48,90.23,90.31,47.096,+0.11%,878200
2005-10-19,90.66,90.97,90.35,90.35,47.117,+0.04%,904800
2005-10-20,90.28,90.60,90.13,90.59,47.242,+0.27%,810300
2005-10-21,90.83,91.47,90.75,91.43,47.680,+0.93%,1252800
2005-10-24,91.32,91.41,90.49,90.72,47.310,-0.78%,939100
2005-10-25,90.82,91.05,89.93,89.94,46.903,-0.86%,632900
2005-10-26,89.45,89.70,89.16,89.28,46.559,-0.73%,2895800
2005-10-27,89.60,89.79,89.30,89.60,46.726,+0.36%,1197400
2005-10-28,89.72,89.88,89.12,89.61,46.731,+0.01%,750400
2005-10-31,89.77,90.04,89.58,89.78,46.820,+0.19%,547700
2005-11-01,89.43,89.65,89.09,89.28,46.766,-0.56%,647100
2005-11-02,89.08,89.39,88.83,88.86,46.546,-0.47%,781100
2005-11-03,88.89,88.97,88.24,88.26,46.232,-0.68%,962900
2005-11-04,88.42,88.64,87.86,88.12,46.158,-0.16%,1888700
2005-11-07,88.50,88.57,88.35,88.42,46.315,+0.34%,1121600
2005-11-08,88.89,89.32,88.89,89.28,46.766,+0.97%,1396800
2005-11-09,88.78,88.93,88.36,88.36,46.284,-1.03%,1140300
2005-11-10,88.72,89.48,88.63,89.44,46.850,+1.22%,1695200
2005-11-11,89.60,89.70,89.44,89.49,46.876,+0.06%,193700
2005-11-14,89.38,89.45,88.62,88.82,46.525,-0.75%,1230100
2005-11-15,88.75,89.65,88.75,89.40,46.829,+0.65%,839800
2005-11-16,89.80,90.44,89.75,90.34,47.321,+1.05%,1822300
2005-11-17,90.17,90.90,90.05,90.56,47.436,+0.24%,1003100
2005-11-18,90.37,90.45,90.06,90.14,47.216,-0.46%,734200
2005-11-21,90.34,90.66,90.33,90.41,47.358,+0.30%,503300
2005-11-22,90.37,90.67,90.35,90.53,47.421,+0.13%,1026900
2005-11-23,90.59,90.69,89.86,90.18,47.237,-0.39%,768300
2005-11-25,90.41,90.54,90.34,90.51,47.410,+0.37%,421500
2005-11-28,90.52,91.14,90.52,90.96,47.646,+0.50%,883400
2005-11-29,91.08,91.11,90.03,90.10,47.195,-0.95%,889200
2005-11-30,90.30,90.30,89.82,90.00,47.143,-0.11%,1642800
2005-12-01,90.00,90.01,89.18,89.47,47.070,-0.59%,1214800
2005-12-02,89.27,89.55,89.15,89.50,47.086,+0.03%,746200
2005-12-05,89.35,89.35,88.85,89.10,46.875,-0.45%,431100
2005-12-06,89.41,90.12,89.32,90.01,47.354,+1.02%,968800
2005-12-07,89.80,89.91,89.52,89.67,47.175,-0.38%,386600
2005-12-08,89.98,90.36,89.80,90.25,47.480,+0.65%,976200
2005-12-09,89.98,90.01,89.47,89.54,47.107,-0.79%,817400
2005-12-12,89.75,89.75,89.14,89.37,47.017,-0.19%,440500
2005-12-13,89.72,89.82,89.38,89.70,47.191,+0.37%,598700
2005-12-14,90.20,90.82,90.14,90.62,47.675,+1.03%,635000
2005-12-15,90.44,90.44,89.99,90.40,47.559,-0.24%,724300
2005-12-16,90.83,90.93,90.56,90.70,47.717,+0.33%,684500
2005-12-19,90.60,91.10,90.56,90.79,47.764,+0.10%,469800
2005-12-20,90.58,90.80,90.40,90.68,47.706,-0.12%,236000
2005-12-21,90.53,90.58,90.29,90.52,47.622,-0.18%,193100
2005-12-22,90.92,91.31,90.91,91.24,48.001,+0.80%,692700
2005-12-23,91.19,92.04,91.10,91.80,48.296,+0.61%,2295800
2005-12-27,91.97,92.59,91.80,92.55,48.690,+0.82%,519500
2005-12-28,92.03,92.25,91.75,91.91,48.555,-0.69%,1295700
2005-12-29,92.03,92.13,91.69,92.11,48.660,+0.22%,740600
2005-12-30,92.54,92.59,91.70,91.90,48.549,-0.23%,1099500
2006-01-03,91.59,92.25,91.48,91.78,48.486,-0.13%,1392700
2006-01-04,91.54,92.07,91.42,92.00,48.602,+0.24%,387600
2006-01-05,91.88,92.14,91.70,91.89,48.544,-0.12%,453400
2006-01-06,91.77,91.90,91.49,91.72,48.454,-0.19%,1193700
2006-01-09,91.70,91.78,91.54,91.78,48.486,+0.07%,413600
2006-01-10,91.63,91.68,91.03,91.04,48.095,-0.81%,698900
2006-01-11,91.25,91.29,90.75,90.89,48.016,-0.16%,394600
2006-01-12,91.13,91.52,91.00,91.50,48.338,+0.67%,626600
2006-01-13,91.59,92.30,91.58,92.03,48.618,+0.58%,491000
2006-01-17,92.00,92.50,91.93,92.44,48.835,+0.45%,454300
2006-01-18,92.76,92.77,92.12,92.57,48.903,+0.14%,622100
2006-01-19,92.07,92.44,91.96,92.14,48.676,-0.46%,490600
2006-01-20,92.32,92.48,92.05,92.38,48.803,+0.26%,842600
2006-01-23,91.80,92.50,91.73,92.35,48.787,-0.03%,720400
2006-01-24,92.00,92.19,91.76,91.90,48.549,-0.49%,300500
2006-01-25,91.51,91.57,90.79,90.90,48.021,-1.09%,1204500
2006-01-26,90.55,90.60,90.05,90.51,47.815,-0.43%,764100
2006-01-27,90.80,90.80,90.16,90.51,47.815,0.00%,1091400
2006-01-30,90.30,90.50,90.24,90.42,47.768,-0.10%,308500
2006-01-31,90.35,90.73,90.20,90.34,47.725,-0.09%,676100
2006-02-01,90.15,90.46,89.85,90.04,47.736,-0.33%,622300
2006-02-02,90.04,90.41,89.86,90.21,47.826,+0.19%,658500
2006-02-03,90.00,91.00,89.82,90.85,48.166,+0.71%,1524600
2006-02-06,90.98,91.21,90.89,91.03,48.261,+0.20%,755100
2006-02-07,91.12,91.12,90.50,90.60,48.033,-0.47%,280500
2006-02-08,90.88,90.88,90.29,90.39,47.922,-0.23%,261700
2006-02-09,90.14,90.90,90.06,90.80,48.139,+0.45%,1119200
2006-02-10,91.20,91.38,90.24,90.30,47.874,-0.55%,938000
2006-02-13,90.24,90.36,90.16,90.31,47.879,+0.01%,218700
2006-02-14,89.90,90.20,89.72,89.99,47.710,-0.35%,836100
2006-02-15,90.14,90.47,89.88,90.21,47.826,+0.24%,720300
2006-02-16,90.20,90.30,90.00,90.23,47.837,+0.02%,427800
2006-02-17,90.80,91.07,90.80,90.95,48.219,+0.80%,731400
2006-02-21,90.90,91.00,90.78,90.80,48.139,-0.16%,433300
2006-02-22,91.18,91.45,91.09,91.42,48.468,+0.68%,559000
2006-02-23,91.31,91.31,90.93,91.19,48.346,-0.25%,288300
2006-02-24,91.44,91.44,90.95,91.05,48.272,-0.15%,485700
2006-02-27,91.35,91.35,90.73,90.90,48.192,-0.16%,446200
2006-02-28,91.00,91.44,90.92,91.03,48.261,+0.14%,744200
2006-03-01,90.77,90.87,90.38,90.48,48.139,-0.60%,713600
2006-03-02,90.06,90.10,89.40,89.85,47.804,-0.70%,1640000
2006-03-03,89.48,89.55,89.23,89.33,47.527,-0.58%,1253300
2006-03-06,88.98,88.99,88.50,88.55,47.112,-0.87%,872700
2006-03-07,88.40,88.75,88.31,88.61,47.144,+0.07%,1692900
2006-03-08,88.57,88.88,88.45,88.58,47.128,-0.03%,1184700
2006-03-09,88.56,88.67,88.27,88.61,47.144,+0.03%,282100
2006-03-10,88.32,88.47,88.01,88.28,46.968,-0.37%,1086900
2006-03-13,88.09,88.27,88.01,88.21,46.931,-0.08%,1740100
2006-03-14,88.45,88.99,88.45,88.80,47.245,+0.67%,904400
2006-03-15,88.44,88.54,88.15,88.32,46.990,-0.54%,971000
2006-03-16,88.51,89.33,88.43,89.12,47.415,+0.91%,1048000
2006-03-17,88.85,89.00,88.75,88.85,47.272,-0.30%,703500
2006-03-20,89.23,89.24,88.98,88.99,47.346,+0.16%,576000
2006-03-21,89.15,89.15,88.36,88.53,47.101,-0.52%,817200
2006-03-22,88.75,88.98,88.63,88.72,47.203,+0.21%,205500
2006-03-23,88.82,88.87,88.34,88.44,47.054,-0.32%,613400
2006-03-24,88.67,89.29,88.50,89.09,47.399,+0.73%,954800
2006-03-27,89.05,89.05,88.60,88.76,47.224,-0.37%,467100
2006-03-28,88.40,88.43,87.84,87.93,46.782,-0.94%,1094900
2006-03-29,87.83,88.02,87.37,87.51,46.559,-0.48%,1071700
2006-03-30,87.14,87.29,86.59,86.90,46.234,-0.70%,1152000
2006-03-31,86.98,87.14,86.50,86.54,46.043,-0.41%,1167700
2006-04-03,86.24,86.69,86.08,86.57,46.233,+0.03%,1549700
2006-04-04,86.76,86.90,86.36,86.48,46.185,-0.10%,749100
2006-04-05,86.64,86.78,86.50,86.60,46.249,+0.14%,638600
2006-04-06,86.23,86.29,85.76,85.94,45.897,-0.76%,2022100
2006-04-07,85.50,85.63,84.90,85.10,45.448,-0.98%,1956500
2006-04-10,85.25,85.35,84.96,85.26,45.534,+0.19%,1527100
2006-04-11,85.55,85.70,85.33,85.56,45.694,+0.35%,1237300
2006-04-12,85.67,85.73,85.00,85.04,45.416,-0.61%,1902000
2006-04-13,84.54,84.64,84.27,84.44,45.096,-0.71%,3219400
2006-04-17,84.54,84.97,84.35,84.75,45.261,+0.37%,1465400
2006-04-18,84.93,85.27,84.74,84.90,45.341,+0.18%,2680300
2006-04-19,84.52,84.59,84.06,84.38,45.064,-0.61%,1830300
2006-04-20,84.40,84.51,84.12,84.31,45.026,-0.08%,1378200
2006-04-21,84.46,84.86,84.25,84.80,45.288,+0.58%,1303000
2006-04-24,84.99,85.39,84.85,85.14,45.470,+0.40%,991500
2006-04-25,85.00,85.10,84.06,84.13,44.930,-1.19%,2067400
2006-04-26,83.85,84.08,83.73,83.99,44.855,-0.17%,1544900
2006-04-27,83.67,84.30,83.65,84.10,44.914,+0.13%,1864200
2006-04-28,83.97,84.21,83.76,83.83,44.770,-0.32%,809400
2006-05-01,83.66,83.68,83.12,83.20,44.610,-0.75%,1795500
2006-05-02,83.31,83.54,83.26,83.42,44.728,+0.26%,1097900
2006-05-03,83.35,83.43,82.94,83.24,44.631,-0.22%,1114000
2006-05-04,83.38,83.40,83.10,83.10,44.556,-0.17%,977800
2006-05-05,84.00,84.08,83.49,83.60,44.824,+0.60%,1685900
2006-05-08,83.59,83.77,83.53,83.65,44.851,+0.06%,666400
2006-05-09,83.55,83.68,83.33,83.60,44.824,-0.06%,341300
2006-05-10,83.71,84.02,83.35,83.75,44.905,+0.18%,1320200
2006-05-11,83.46,83.46,83.09,83.34,44.685,-0.49%,1189800
2006-05-12,82.82,83.01,82.55,82.65,44.315,-0.83%,1804700
2006-05-15,82.65,83.23,82.65,82.98,44.492,+0.40%,1433500
2006-05-16,83.20,83.64,83.08,83.60,44.824,+0.75%,1677600
2006-05-17,82.91,83.08,82.72,83.08,44.545,-0.62%,1440800
2006-05-18,83.54,84.23,83.53,84.21,45.151,+1.36%,2177700
2006-05-19,84.20,84.86,84.08,84.43,45.269,+0.26%,2619500
2006-05-22,84.86,85.15,84.48,84.61,45.366,+0.21%,2652000
2006-05-23,84.27,84.56,84.03,84.56,45.339,-0.06%,1394900
2006-05-24,84.96,85.00,84.53,84.60,45.360,+0.05%,1226300
2006-05-25,84.55,84.73,84.19,84.27,45.183,-0.39%,678000
2006-05-26,84.24,84.50,84.21,84.21,45.151,-0.07%,398400
2006-05-30,84.19,84.30,84.01,84.17,45.130,-0.05%,482200
2006-05-31,84.34,84.43,83.58,83.67,44.862,-0.59%,880700
2006-06-01,83.43,83.84,83.35,83.71,45.061,+0.05%,1561100
2006-06-02,84.72,84.89,84.50,84.79,45.643,+1.29%,2041900
2006-06-05,84.81,84.82,84.51,84.68,45.583,-0.13%,1102900
2006-06-06,84.66,85.18,84.59,85.08,45.799,+0.47%,2188000
2006-06-07,84.84,85.12,84.65,85.10,45.809,+0.02%,1324100
2006-06-08,85.27,85.78,85.11,85.27,45.901,+0.20%,3496700
2006-06-09,85.35,85.82,85.35,85.72,46.143,+0.53%,657200
2006-06-12,85.62,85.92,85.53,85.79,46.181,+0.08%,528700
2006-06-13,85.83,85.94,85.55,85.85,46.213,+0.07%,1448300
2006-06-14,85.50,85.56,84.91,84.99,45.750,-1.00%,1439100
2006-06-15,84.67,84.84,84.41,84.50,45.486,-0.58%,1734600
2006-06-16,84.68,84.76,84.18,84.31,45.384,-0.22%,1184600
2006-06-19,84.15,84.29,83.98,84.19,45.320,-0.14%,1233700
2006-06-20,84.19,84.19,83.88,84.05,45.244,-0.17%,611400
2006-06-21,84.20,84.25,84.07,84.07,45.255,+0.02%,476000
2006-06-22,83.82,83.90,83.56,83.59,44.997,-0.57%,745500
2006-06-23,83.66,83.73,83.35,83.42,44.905,-0.20%,675500
2006-06-26,83.42,83.47,83.12,83.26,44.819,-0.19%,526100
2006-06-27,83.38,83.74,83.38,83.67,45.040,+0.49%,429100
2006-06-28,83.63,83.63,83.19,83.23,44.803,-0.53%,381300
2006-06-29,83.45,83.82,83.36,83.51,44.954,+0.34%,1609300
2006-06-30,83.50,84.40,83.50,84.32,45.390,+0.97%,1219000
2006-07-03,83.84,83.96,83.73,83.91,45.345,-0.49%,716800
2006-07-05,83.40,83.42,82.95,83.24,44.983,-0.80%,1289200
2006-07-06,83.33,83.79,83.33,83.75,45.258,+0.61%,451400
2006-07-07,84.20,84.46,84.08,84.29,45.550,+0.64%,1356900
2006-07-10,84.09,84.40,84.05,84.37,45.593,+0.09%,480400
2006-07-11,84.59,84.86,84.58,84.64,45.739,+0.32%,423800
2006-07-12,84.30,84.82,84.27,84.66,45.750,+0.02%,641000
2006-07-13,84.90,85.05,84.68,84.99,45.928,+0.39%,1347400
2006-07-14,84.82,85.16,84.82,85.04,45.955,+0.06%,1343900
2006-07-17,85.04,85.19,84.85,85.17,46.026,+0.15%,514100
2006-07-18,84.70,84.75,84.40,84.44,45.631,-0.86%,621000
2006-07-19,84.25,85.30,84.24,85.24,46.064,+0.95%,1267400
2006-07-20,84.97,85.63,84.97,85.49,46.199,+0.29%,1320200
2006-07-21,85.60,85.67,85.20,85.33,46.112,-0.19%,652100
2006-07-24,85.41,85.51,85.21,85.28,46.085,-0.06%,393900
2006-07-25,85.23,85.38,84.90,85.03,45.950,-0.29%,948200
2006-07-26,84.91,85.37,84.87,85.34,46.118,+0.36%,717100
2006-07-27,85.48,85.48,85.12,85.21,46.047,-0.15%,295500
2006-07-28,85.65,85.89,85.60,85.70,46.312,+0.58%,769800
2006-07-31,85.62,85.81,85.55,85.81,46.372,+0.13%,375100
2006-08-01,85.30,85.50,85.04,85.46,46.367,-0.41%,577800
2006-08-02,85.37,85.78,85.20,85.78,46.541,+0.37%,477400
2006-08-03,85.63,86.04,85.52,85.80,46.552,+0.02%,500500
2006-08-04,86.40,86.48,86.29,86.32,46.834,+0.61%,1246000
2006-08-07,86.33,86.39,86.18,86.37,46.861,+0.06%,1127600
2006-08-08,86.38,86.57,86.09,86.18,46.758,-0.22%,844400
2006-08-09,85.75,86.02,85.71,85.90,46.606,-0.32%,372400
2006-08-10,85.85,85.85,85.45,85.77,46.535,-0.15%,539000
2006-08-11,85.47,85.53,85.36,85.40,46.335,-0.43%,450800
2006-08-14,85.35,85.37,85.19,85.25,46.253,-0.18%,662300
2006-08-15,85.78,86.09,85.78,85.97,46.644,+0.84%,1093800
2006-08-16,86.57,86.64,86.46,86.55,46.959,+0.67%,838900
2006-08-17,86.77,86.77,86.42,86.52,46.942,-0.03%,922300
2006-08-18,86.72,86.91,86.65,86.77,47.078,+0.29%,1050700
2006-08-21,86.89,87.08,86.87,87.08,47.246,+0.36%,676400
2006-08-22,87.06,87.23,86.97,87.10,47.257,+0.02%,749300
2006-08-23,87.06,87.24,86.86,87.15,47.284,+0.06%,801700
2006-08-24,87.41,87.44,87.24,87.31,47.371,+0.18%,1206700
2006-08-25,87.24,87.59,87.20,87.44,47.442,+0.15%,569000
2006-08-28,87.41,87.52,87.24,87.52,47.485,+0.09%,582300
2006-08-29,87.25,87.64,86.98,87.64,47.550,+0.14%,1345600
2006-08-30,87.83,87.87,87.66,87.87,47.675,+0.26%,1180500
2006-08-31,87.74,88.20,87.74,88.08,47.789,+0.24%,1272400
2006-09-01,87.62,87.90,87.47,87.76,47.805,-0.36%,893400
2006-09-05,87.59,87.64,87.16,87.26,47.533,-0.57%,2271300
2006-09-06,86.89,87.09,86.72,87.09,47.440,-0.19%,1853400
2006-09-07,86.93,87.32,86.74,87.26,47.533,+0.20%,1716100
2006-09-08,87.49,87.60,87.33,87.33,47.571,+0.08%,540300
2006-09-11,87.49,87.49,86.95,87.25,47.527,-0.09%,557600
2006-09-12,87.15,87.71,87.00,87.69,47.767,+0.50%,820800
2006-09-13,88.03,88.03,87.66,87.73,47.789,+0.05%,797000
2006-09-14,87.65,87.87,87.42,87.53,47.680,-0.23%,672800
2006-09-15,87.76,87.95,87.45,87.46,47.642,-0.08%,1047200
2006-09-18,86.97,87.40,86.97,87.40,47.609,-0.07%,871400
2006-09-19,87.86,88.30,87.84,88.30,48.099,+1.03%,1229600
2006-09-20,88.38,88.48,88.14,88.43,48.170,+0.15%,827400
2006-09-21,88.35,89.28,88.35,89.24,48.611,+0.92%,1698600
2006-09-22,89.37,89.70,89.32,89.61,48.813,+0.41%,1428600
2006-09-25,89.84,90.31,89.81,90.31,49.194,+0.78%,2607600
2006-09-26,90.00,90.10,89.82,89.93,48.987,-0.42%,2200000
2006-09-27,90.25,90.28,89.63,89.63,48.824,-0.33%,1165400
2006-09-28,89.43,89.59,89.27,89.52,48.764,-0.12%,1796800
2006-09-29,89.69,89.73,89.09,89.41,48.704,-0.12%,1398000
2006-10-02,89.10,89.45,88.97,89.30,48.837,-0.12%,1211900
2006-10-03,89.40,89.44,89.15,89.18,48.771,-0.13%,854900
2006-10-04,89.33,89.85,89.33,89.83,49.126,+0.73%,1155500
2006-10-05,89.54,89.54,88.95,89.20,48.782,-0.70%,1241600
2006-10-06,89.00,89.10,88.22,88.27,48.273,-1.04%,2472400
2006-10-09,88.10,88.60,88.01,88.51,48.405,+0.27%,834900
2006-10-10,87.99,88.11,87.63,87.81,48.022,-0.79%,1398700
2006-10-11,87.95,88.03,87.42,87.58,47.896,-0.26%,1521600
2006-10-12,87.63,87.77,87.48,87.60,47.907,+0.02%,586400
2006-10-13,87.29,87.36,87.11,87.16,47.666,-0.50%,1414100
2006-10-16,87.40,87.56,87.37,87.55,47.880,+0.45%,897600
2006-10-17,87.88,88.05,87.51,87.62,47.918,+0.08%,730800
2006-10-18,87.69,87.88,87.55,87.80,48.016,+0.21%,499600
2006-10-19,87.59,87.76,87.36,87.64,47.929,-0.18%,797300
2006-10-20,87.61,87.70,87.55,87.55,47.880,-0.10%,280700
2006-10-23,87.15,87.21,86.88,87.20,47.688,-0.40%,1200600
2006-10-24,87.17,87.25,87.15,87.20,47.688,0.00%,243400
2006-10-25,87.27,87.97,87.23,87.89,48.066,+0.79%,558400
2006-10-26,88.29,88.52,88.15,88.46,48.377,+0.65%,1558300
2006-10-27,89.02,89.05,88.70,88.87,48.601,+0.46%,1601500
2006-10-30,88.89,89.12,88.84,89.12,48.738,+0.28%,901200
2006-10-31,89.25,89.87,89.14,89.46,48.924,+0.38%,964600
2006-11-01,89.61,90.12,89.45,89.96,49.387,+0.56%,1440100
2006-11-02,89.63,89.77,89.48,89.59,49.183,-0.41%,853300
2006-11-03,88.67,88.84,88.30,88.42,48.541,-1.31%,1534100
2006-11-06,88.47,88.79,88.35,88.79,48.744,+0.42%,528000
2006-11-07,89.28,89.51,89.12,89.20,48.969,+0.46%,525900
2006-11-08,89.24,89.53,89.09,89.53,49.150,+0.37%,706300
2006-11-09,89.47,89.59,89.38,89.47,49.118,-0.07%,729600
2006-11-10,89.65,90.04,89.65,89.86,49.332,+0.44%,738100
2006-11-13,89.84,89.84,89.47,89.84,49.321,-0.02%,462400
2006-11-14,90.34,90.39,90.12,90.19,49.513,+0.39%,916400
2006-11-15,89.97,90.05,89.74,89.85,49.326,-0.38%,1803200
2006-11-16,90.00,90.05,89.28,89.44,49.101,-0.46%,1494400
2006-11-17,89.56,90.22,89.51,89.95,49.381,+0.57%,1752000
2006-11-20,90.00,90.12,89.86,90.09,49.458,+0.16%,857200
2006-11-21,90.14,90.39,89.96,90.31,49.579,+0.24%,605100
2006-11-22,90.36,90.51,90.27,90.46,49.661,+0.17%,770300
2006-11-24,90.75,90.90,90.62,90.62,49.749,+0.18%,533400
2006-11-27,90.23,90.95,90.12,90.95,49.930,+0.36%,784500
2006-11-28,91.21,91.25,90.76,91.15,50.040,+0.22%,1466300
2006-11-29,91.30,91.36,90.91,90.93,49.919,-0.24%,1206400
2006-11-30,91.27,91.63,91.14,91.18,50.056,+0.27%,1428600
2006-12-01,91.28,91.80,91.15,91.42,50.376,+0.26%,1156000
2006-12-04,91.30,91.62,91.22,91.58,50.464,+0.18%,460700
2006-12-05,91.36,91.52,91.00,91.15,50.227,-0.47%,1833700
2006-12-06,91.03,91.18,90.89,90.97,50.128,-0.20%,936100
2006-12-07,90.99,91.09,90.75,90.90,50.089,-0.08%,739200
2006-12-08,90.85,90.97,90.19,90.24,49.726,-0.73%,2090300
2006-12-11,90.63,90.74,90.51,90.63,49.941,+0.43%,727700
2006-12-12,90.73,90.97,90.45,90.82,50.045,+0.21%,802800
2006-12-13,90.31,90.35,89.82,90.01,49.599,-0.89%,1217900
2006-12-14,89.82,89.90,89.60,89.68,49.417,-0.37%,687600
2006-12-15,90.54,90.66,89.60,89.73,49.445,+0.06%,1162100
2006-12-18,89.72,89.84,89.59,89.76,49.461,+0.03%,441400
2006-12-19,89.51,89.81,89.51,89.64,49.395,-0.13%,930700
2006-12-20,89.65,89.68,89.55,89.63,49.389,-0.01%,336800
2006-12-21,89.71,90.19,89.60,90.08,49.637,+0.50%,770700
2006-12-22,89.83,89.85,89.21,89.39,49.257,-0.77%,1433200
2006-12-26,89.45,89.69,89.36,89.66,49.406,+0.30%,496200
2006-12-27,89.32,89.33,88.70,88.70,49.044,-1.07%,840700
2006-12-28,88.90,88.96,88.06,88.50,48.933,-0.23%,1080200
2006-12-29,88.35,88.55,88.21,88.43,48.894,-0.08%,775500
2007-01-03,89.22,89.46,88.66,89.07,49.248,+0.72%,1870400
2007-01-04,89.22,89.65,89.22,89.60,49.541,+0.60%,1697000
2007-01-05,88.80,89.40,88.75,89.22,49.331,-0.42%,1298400
2007-01-08,89.12,89.37,89.05,89.37,49.414,+0.17%,414200
2007-01-09,89.43,89.48,89.22,89.37,49.414,0.00%,481500
2007-01-10,89.07,89.13,88.88,88.97,49.193,-0.45%,519600
2007-01-11,88.79,88.80,88.26,88.45,48.906,-0.58%,1293500
2007-01-12,88.15,88.84,87.90,88.04,48.679,-0.46%,846300
2007-01-16,88.23,88.24,88.03,88.20,48.767,+0.18%,702800
2007-01-17,88.21,88.27,87.82,87.96,48.635,-0.27%,724200
2007-01-18,87.94,88.28,87.78,88.23,48.784,+0.31%,918300
2007-01-19,88.15,88.15,87.87,87.99,48.651,-0.27%,882500
2007-01-22,88.15,88.33,88.12,88.20,48.767,+0.24%,432000
2007-01-23,88.02,88.05,87.57,87.62,48.447,-0.66%,1096800
2007-01-24,87.66,87.70,87.50,87.61,48.441,-0.01%,463700
2007-01-25,87.45,87.47,86.88,86.98,48.093,-0.72%,1397000
2007-01-26,86.78,87.08,86.61,86.91,48.054,-0.08%,1576800
2007-01-29,87.06,87.10,86.60,86.72,47.949,-0.22%,1015300
2007-01-30,86.89,86.91,86.76,86.82,48.004,+0.12%,1295100
2007-01-31,86.73,87.61,86.70,87.19,48.209,+0.43%,2078000
2007-02-01,87.65,87.76,87.00,87.09,48.350,-0.11%,986200
2007-02-02,87.08,87.39,87.08,87.20,48.411,+0.13%,814700
2007-02-05,87.40,87.46,87.16,87.32,48.478,+0.14%,395500
2007-02-06,87.20,87.83,87.16,87.80,48.744,+0.55%,770500
2007-02-07,87.90,88.12,87.84,88.06,48.889,+0.30%,836200
2007-02-08,87.99,88.31,87.91,88.13,48.927,+0.08%,980200
2007-02-09,87.89,87.92,87.55,87.63,48.650,-0.57%,878300
2007-02-12,87.49,87.65,87.33,87.43,48.539,-0.23%,467600
2007-02-13,87.49,87.49,87.20,87.24,48.433,-0.22%,1310600
2007-02-14,87.52,88.19,87.52,88.07,48.894,+0.95%,2262500
2007-02-15,88.53,88.58,88.33,88.33,49.038,+0.30%,893800
2007-02-16,88.59,88.72,88.48,88.64,49.211,+0.35%,1476700
2007-02-20,88.50,88.85,88.50,88.84,49.322,+0.23%,847400
2007-02-21,88.53,88.70,88.48,88.69,49.238,-0.17%,379800
2007-02-22,88.41,88.45,88.09,88.21,48.972,-0.54%,485200
2007-02-23,88.53,88.94,88.49,88.84,49.322,+0.71%,735700
2007-02-26,89.20,89.44,89.11,89.43,49.649,+0.66%,763400
2007-02-27,89.74,91.26,89.60,90.56,50.276,+1.26%,3243200
2007-02-28,90.16,90.47,89.89,90.15,50.049,-0.45%,1701900
2007-03-01,90.28,90.43,89.65,89.74,50.011,-0.45%,2423900
2007-03-02,90.02,90.48,89.67,90.16,50.246,+0.47%,1619800
2007-03-05,90.49,90.50,90.06,90.35,50.351,+0.21%,1505200
2007-03-06,90.06,90.36,89.99,90.08,50.201,-0.30%,837400
2007-03-07,90.08,90.50,89.98,90.43,50.396,+0.39%,915400
2007-03-08,90.29,90.42,90.11,90.35,50.351,-0.09%,574700
2007-03-09,89.38,89.90,89.19,89.40,49.822,-1.05%,1534700
2007-03-12,89.73,89.98,89.68,89.75,50.017,+0.39%,594400
2007-03-13,90.23,90.34,89.98,90.29,50.318,+0.60%,553800
2007-03-14,90.15,90.54,89.84,89.88,50.089,-0.45%,1698100
2007-03-15,89.76,89.96,89.67,89.87,50.084,-0.01%,394900
2007-03-16,89.67,89.92,89.65,89.85,50.073,-0.02%,623800
2007-03-19,89.58,89.70,89.52,89.66,49.967,-0.21%,693900
2007-03-20,89.91,89.95,89.69,89.71,49.995,+0.06%,768400
2007-03-21,89.35,90.09,88.69,89.75,50.017,+0.04%,1513400
2007-03-22,89.48,89.48,88.83,89.04,49.621,-0.79%,1484300
2007-03-23,89.19,89.20,88.78,88.79,49.482,-0.28%,1679700
2007-03-26,88.62,89.27,88.50,88.90,49.543,+0.12%,763600
2007-03-27,88.64,88.81,88.56,88.75,49.460,-0.17%,619800
2007-03-28,88.91,89.11,88.41,88.57,49.359,-0.20%,816900
2007-03-29,88.54,88.67,88.32,88.45,49.293,-0.14%,823000
2007-03-30,88.65,88.92,88.22,88.28,49.198,-0.19%,2015100
2007-04-02,88.11,88.22,88.01,88.10,49.279,-0.20%,579600
2007-04-03,88.02,88.17,87.98,87.99,49.218,-0.12%,617000
2007-04-04,88.21,88.34,87.90,88.08,49.268,+0.10%,576900
2007-04-05,88.10,88.12,87.71,87.75,49.083,-0.37%,436400
2007-04-09,87.28,87.31,87.13,87.17,48.759,-0.66%,1283900
2007-04-10,87.39,87.55,87.31,87.43,48.904,+0.30%,674400
2007-04-11,87.47,87.58,87.28,87.37,48.871,-0.07%,476200
2007-04-12,87.50,87.57,87.28,87.39,48.882,+0.02%,495100
2007-04-13,87.41,87.47,87.01,87.12,48.731,-0.31%,557800
2007-04-16,87.40,87.68,87.40,87.60,48.999,+0.55%,833600
2007-04-17,87.89,88.16,87.84,88.09,49.274,+0.56%,1254200
2007-04-18,88.37,88.56,88.36,88.53,49.520,+0.50%,450800
2007-04-19,88.66,88.71,88.20,88.38,49.436,-0.17%,1305900
2007-04-20,88.45,88.45,88.06,88.15,49.307,-0.26%,664500
2007-04-23,88.14,88.59,88.04,88.47,49.486,+0.36%,419000
2007-04-24,88.45,88.82,88.45,88.80,49.671,+0.37%,881300
2007-04-25,88.57,88.79,88.11,88.49,49.497,-0.35%,569000
2007-04-26,88.42,88.43,87.85,87.85,49.139,-0.72%,2048400
2007-04-27,88.01,88.05,87.78,87.83,49.128,-0.02%,428700
2007-04-30,88.33,88.75,88.25,88.42,49.458,+0.67%,485700
2007-05-01,88.58,88.64,88.11,88.49,49.679,+0.08%,487200
2007-05-02,88.44,88.48,88.29,88.44,49.650,-0.06%,443900
2007-05-03,88.37,88.37,88.01,88.24,49.538,-0.23%,427000
2007-05-04,88.52,88.64,88.50,88.60,49.740,+0.41%,262000
2007-05-07,88.70,88.85,88.67,88.84,49.875,+0.27%,210200
2007-05-08,88.70,89.01,88.64,88.64,49.763,-0.23%,488400
2007-05-09,88.65,88.66,88.26,88.29,49.566,-0.39%,634900
2007-05-10,88.40,88.59,88.31,88.50,49.684,+0.24%,519500
2007-05-11,88.64,88.70,88.13,88.19,49.510,-0.35%,1238400
2007-05-14,88.23,88.28,87.96,87.96,49.381,-0.26%,315200
2007-05-15,88.19,88.21,87.66,87.93,49.364,-0.03%,382400
2007-05-16,87.86,88.00,87.83,87.87,49.330,-0.07%,599500
2007-05-17,87.60,87.72,87.41,87.51,49.128,-0.41%,397000
2007-05-18,87.35,87.50,86.88,86.93,48.803,-0.66%,856500
2007-05-21,86.93,87.24,86.83,87.19,48.949,+0.30%,821100
2007-05-22,87.18,87.20,86.68,86.74,48.696,-0.52%,920200
2007-05-23,86.84,86.84,86.31,86.49,48.556,-0.29%,914500
2007-05-24,86.46,86.59,85.96,86.57,48.601,+0.09%,1598200
2007-05-25,86.40,86.61,86.33,86.37,48.488,-0.23%,754900
2007-05-29,86.51,86.57,85.83,86.38,48.494,+0.01%,1055700
2007-05-30,86.79,86.79,86.39,86.54,48.584,+0.19%,612000
2007-05-31,86.56,86.58,86.04,86.38,48.494,-0.18%,1725900
2007-06-01,85.95,86.84,85.54,85.59,48.240,-0.91%,1694300
2007-06-04,85.83,86.02,85.67,85.98,48.460,+0.46%,877700
2007-06-05,85.89,85.94,85.38,85.44,48.155,-0.63%,1145400
2007-06-06,85.36,85.54,85.26,85.40,48.133,-0.05%,1129200
2007-06-07,84.63,84.71,83.73,83.87,47.271,-1.79%,5010400
2007-06-08,83.61,84.12,83.36,83.80,47.231,-0.08%,5307600
2007-06-11,83.49,83.89,83.26,83.56,47.096,-0.29%,2043800
2007-06-12,82.91,83.42,82.20,82.35,46.414,-1.45%,9043900
2007-06-13,82.70,83.76,82.65,83.33,46.966,+1.19%,8751200
2007-06-14,83.14,83.71,83.05,83.12,46.848,-0.25%,3384700
2007-06-15,83.42,83.73,83.20,83.69,47.169,+0.69%,5827200
2007-06-18,83.63,83.65,82.24,83.52,47.073,-0.20%,17704600
2007-06-19,83.80,84.45,83.72,84.30,47.513,+0.93%,4620100
2007-06-20,84.02,84.08,83.59,83.90,47.287,-0.47%,3031700
2007-06-21,83.63,83.70,83.21,83.22,46.904,-0.81%,850400
2007-06-22,83.05,83.77,82.95,83.76,47.209,+0.65%,2118900
2007-06-25,84.15,84.35,83.96,84.22,47.468,+0.55%,1323500
2007-06-26,84.29,84.32,83.97,84.24,47.479,+0.02%,2187800
2007-06-27,84.61,84.74,84.20,84.32,47.524,+0.09%,6109300
2007-06-28,84.32,84.58,84.18,84.30,47.513,-0.02%,3612500
2007-06-29,84.85,85.30,84.64,85.17,48.003,+1.03%,1962200
2007-07-02,84.84,85.37,84.81,85.29,48.254,+0.14%,2811700
2007-07-03,85.25,85.34,84.71,84.77,47.960,-0.61%,1387500
2007-07-05,84.31,84.42,83.72,83.82,47.423,-1.12%,4586800
2007-07-06,83.54,83.55,83.28,83.48,47.230,-0.41%,1437800
2007-07-09,83.87,83.93,83.68,83.78,47.400,+0.36%,795400
2007-07-10,84.48,85.20,84.43,85.20,48.204,+1.69%,2258000
2007-07-11,84.95,85.09,84.32,84.32,47.706,-1.03%,1191300
2007-07-12,84.55,84.58,83.87,84.03,47.542,-0.34%,1941200
2007-07-13,84.45,84.55,83.94,84.26,47.672,+0.27%,725900
2007-07-16,84.52,85.11,84.52,85.07,48.130,+0.96%,952000
2007-07-17,84.86,85.09,84.50,84.89,48.028,-0.21%,734200
2007-07-18,84.93,85.54,84.81,85.21,48.209,+0.38%,1836800
2007-07-19,84.90,85.26,84.80,85.19,48.198,-0.02%,1021000
2007-07-20,85.38,86.08,85.32,85.96,48.634,+0.90%,1459900
2007-07-23,85.69,85.97,85.69,85.82,48.554,-0.16%,777900
2007-07-24,86.01,86.16,85.72,86.14,48.735,+0.37%,1351600
2007-07-25,86.07,86.39,86.00,86.31,48.832,+0.20%,881100
2007-07-26,86.74,87.46,86.65,87.03,49.239,+0.83%,2866400
2007-07-27,87.03,87.56,86.85,87.26,49.369,+0.26%,5367800
2007-07-30,87.19,87.36,86.91,87.03,49.239,-0.26%,1803900
2007-07-31,87.13,87.75,86.95,87.66,49.595,+0.72%,2467600
2007-08-01,87.31,87.54,87.09,87.13,49.488,-0.60%,2154700
2007-08-02,87.21,87.45,86.99,87.35,49.613,+0.25%,2079400
2007-08-03,87.28,87.93,87.28,87.93,49.943,+0.66%,1577600
2007-08-06,87.70,87.72,87.17,87.29,49.579,-0.73%,1298400
2007-08-07,87.43,87.71,86.92,87.22,49.539,-0.08%,1890800
2007-08-08,86.89,86.89,85.86,86.16,48.937,-1.22%,6453000
2007-08-09,86.75,86.86,85.72,86.28,49.005,+0.14%,2637500
2007-08-10,86.49,86.70,85.98,86.08,48.892,-0.23%,1496400
2007-08-13,85.92,86.40,85.90,86.33,49.034,+0.29%,1312600
2007-08-14,86.02,86.78,86.01,86.56,49.164,+0.27%,1314700
2007-08-15,86.65,86.75,86.25,86.25,48.988,-0.36%,1101700
2007-08-16,86.87,87.60,86.76,87.14,49.494,+1.03%,2410200
2007-08-17,86.40,86.91,86.05,86.75,49.272,-0.45%,2114400
2007-08-20,86.96,87.27,86.83,86.84,49.323,+0.10%,1048700
2007-08-21,87.10,87.41,87.05,87.26,49.562,+0.48%,1517200
2007-08-22,87.05,87.31,86.81,87.12,49.482,-0.16%,1137800
2007-08-23,87.09,87.68,87.03,87.42,49.653,+0.34%,1618800
2007-08-24,87.77,88.08,87.56,87.85,49.897,+0.49%,1614600
2007-08-27,88.28,88.48,88.15,88.31,50.158,+0.52%,1585400
2007-08-28,88.43,88.74,88.28,88.46,50.244,+0.17%,1298900
2007-08-29,88.49,88.77,88.16,88.22,50.107,-0.27%,2686700
2007-08-30,88.61,88.96,88.47,88.81,50.442,+0.67%,1806800
2007-08-31,88.60,89.20,88.54,88.88,50.482,+0.08%,2763200
2007-09-04,88.83,89.13,88.20,88.56,50.506,-0.36%,931000
2007-09-05,88.76,89.35,88.72,89.27,50.911,+0.80%,1271500
2007-09-06,89.31,89.49,88.95,89.04,50.780,-0.26%,1768400
2007-09-07,89.75,90.50,89.69,90.30,51.498,+1.42%,2852200
2007-09-10,90.50,91.27,90.50,91.00,51.897,+0.78%,2495200
2007-09-11,90.88,91.27,90.70,90.93,51.857,-0.08%,3925400
2007-09-12,90.88,90.94,90.42,90.59,51.664,-0.37%,4458300
2007-09-13,90.30,90.33,89.58,89.78,51.202,-0.89%,2020600
2007-09-14,90.58,90.59,89.62,90.03,51.344,+0.28%,1357200
2007-09-17,89.82,90.39,89.76,90.34,51.521,+0.34%,1285400
2007-09-18,89.80,90.24,89.00,89.66,51.133,-0.75%,3132800
2007-09-19,88.71,89.01,88.37,88.83,50.660,-0.93%,3854700
2007-09-20,88.18,88.29,87.10,87.15,49.702,-1.89%,5903200
2007-09-21,87.58,88.13,87.58,87.89,50.124,+0.85%,2217600
2007-09-24,88.03,88.28,87.91,88.14,50.266,+0.28%,1943600
2007-09-25,88.50,88.62,87.83,87.83,50.090,-0.35%,2513500
2007-09-26,87.62,88.13,87.43,87.91,50.135,+0.09%,2646400
2007-09-27,88.23,88.78,88.15,88.52,50.483,+0.69%,1802900
2007-09-28,89.23,89.33,88.22,88.72,50.597,+0.23%,1254700
2007-10-01,88.55,88.98,88.43,88.88,50.885,+0.18%,1399400
2007-10-02,88.74,89.37,88.68,89.16,51.045,+0.32%,887800
2007-10-03,89.33,89.43,88.73,88.90,50.896,-0.29%,1164600
2007-10-04,88.98,89.32,88.91,89.24,51.091,+0.38%,1128700
2007-10-05,88.28,88.44,87.71,88.28,50.541,-1.08%,2184700
2007-10-08,88.00,88.50,87.77,88.21,50.501,-0.08%,280100
2007-10-09,88.17,88.36,87.78,88.10,50.438,-0.12%,901000
2007-10-10,87.90,88.43,87.79,88.15,50.467,+0.06%,855500
2007-10-11,87.48,88.09,87.45,88.06,50.415,-0.10%,1533400
2007-10-12,87.48,88.18,87.48,87.63,50.169,-0.49%,1133900
2007-10-15,87.49,87.72,87.40,87.65,50.181,+0.02%,553300
2007-10-16,87.62,87.98,87.54,87.68,50.198,+0.03%,855500
2007-10-17,87.81,88.95,87.77,88.64,50.748,+1.09%,2377000
2007-10-18,89.10,89.34,89.02,89.13,51.028,+0.55%,1374100
2007-10-19,89.63,90.60,89.61,90.46,51.790,+1.49%,2561800
2007-10-22,90.57,90.65,90.07,90.47,51.795,+0.01%,1866500
2007-10-23,90.22,90.52,90.10,90.35,51.727,-0.13%,1046600
2007-10-24,90.63,91.39,90.56,91.02,52.110,+0.74%,2829300
2007-10-25,91.07,91.18,90.70,90.71,51.933,-0.34%,3062200
2007-10-26,90.37,91.00,90.34,90.50,51.812,-0.23%,1366500
2007-10-29,90.52,90.99,90.48,90.85,52.013,+0.39%,881000
2007-10-30,90.81,91.01,90.42,90.80,51.984,-0.06%,1439600
2007-10-31,90.43,90.70,89.75,89.98,51.515,-0.90%,2498500
2007-11-01,90.00,91.01,89.96,90.75,52.181,+0.86%,2563400
2007-11-02,90.45,91.54,90.21,91.04,52.348,+0.32%,1927700
2007-11-05,91.16,91.39,90.80,91.00,52.325,-0.04%,1021500
2007-11-06,90.54,91.15,90.48,90.56,52.072,-0.48%,575800
2007-11-07,90.55,90.76,90.32,90.72,52.164,+0.18%,1456100
2007-11-08,90.72,90.94,90.43,90.56,52.072,-0.18%,2179600
2007-11-09,91.04,91.59,90.93,91.33,52.514,+0.85%,887200
2007-11-12,91.70,91.99,91.34,91.66,52.704,+0.36%,460600
2007-11-13,91.43,91.49,91.17,91.32,52.509,-0.37%,1116600
2007-11-14,90.95,91.51,90.92,91.42,52.566,+0.11%,684400
2007-11-15,91.61,92.56,91.49,92.28,53.061,+0.94%,1312900
2007-11-16,92.27,92.70,92.21,92.41,53.135,+0.14%,1333800
2007-11-19,92.54,93.42,92.41,93.01,53.480,+0.65%,1343900
2007-11-20,93.09,93.29,92.80,92.91,53.423,-0.11%,1367800
2007-11-21,93.46,93.58,93.24,93.45,53.733,+0.58%,1297800
2007-11-23,93.44,93.80,93.31,93.73,53.894,+0.30%,437400
2007-11-26,94.24,96.36,94.12,95.58,54.958,+1.97%,4427000
2007-11-27,94.96,95.25,93.99,94.67,54.435,-0.95%,3100300
2007-11-28,94.66,94.69,93.84,94.03,54.067,-0.68%,2088100
2007-11-29,94.82,95.42,94.66,94.84,54.533,+0.86%,1594500
2007-11-30,93.87,94.39,93.74,94.38,54.268,-0.49%,1952100
2007-12-03,94.81,95.10,94.28,94.75,54.697,+0.39%,1272700
2007-12-04,94.99,95.06,94.15,94.74,54.691,-0.01%,1721200
2007-12-05,94.15,94.47,93.56,93.61,54.039,-1.19%,1866000
2007-12-06,93.32,93.34,92.54,92.79,53.566,-0.88%,2270200
2007-12-07,92.16,92.35,91.38,91.75,52.965,-1.12%,2171000
2007-12-10,91.64,91.69,90.75,91.20,52.648,-0.60%,2242500
2007-12-11,91.78,93.23,91.58,92.99,53.681,+1.96%,2892400
2007-12-12,91.45,92.65,91.27,92.03,53.127,-1.03%,2225400
2007-12-13,91.54,91.82,90.90,91.03,52.550,-1.09%,1222100
2007-12-14,90.76,90.92,90.50,90.61,52.307,-0.46%,1354900
2007-12-17,91.07,91.54,90.93,91.42,52.775,+0.89%,2046200
2007-12-18,91.56,92.30,91.55,92.01,53.115,+0.65%,1417100
2007-12-19,92.40,93.56,91.88,93.23,53.820,+1.33%,2252400
2007-12-20,93.26,93.87,93.02,93.03,53.704,-0.21%,1659400
2007-12-21,92.92,92.92,91.66,91.67,52.919,-1.46%,1767600
2007-12-24,91.21,91.47,91.08,91.24,52.671,-0.47%,550300
2007-12-26,91.10,91.63,90.28,90.44,52.209,-0.88%,674700
2007-12-27,90.88,91.16,90.51,91.06,52.776,+0.69%,468600
2007-12-28,91.69,92.58,91.50,92.48,53.599,+1.56%,1967800
2007-12-31,92.75,93.28,92.60,93.05,53.926,+0.62%,1647600
2008-01-02,93.27,94.73,93.20,94.38,54.700,+1.43%,2959600
2008-01-03,93.97,94.38,93.67,94.25,54.625,-0.14%,1256700
2008-01-04,94.44,94.79,94.20,94.27,54.636,+0.02%,2420200
2008-01-07,94.08,94.78,94.03,94.68,54.874,+0.43%,1315500
2008-01-08,94.44,94.71,93.93,94.57,54.810,-0.12%,1604800
2008-01-09,94.95,95.30,94.62,94.75,54.914,+0.19%,2203500
2008-01-10,94.82,94.95,93.31,93.47,54.173,-1.35%,2681800
2008-01-11,93.48,94.28,93.40,94.20,54.596,+0.78%,1872900
2008-01-14,94.19,94.55,94.00,94.55,54.798,+0.37%,906100
2008-01-15,95.21,95.63,95.07,95.61,55.413,+1.12%,1435300
2008-01-16,95.61,95.89,94.73,94.92,55.013,-0.72%,3505100
2008-01-17,94.97,96.29,94.93,96.15,55.726,+1.30%,2940500
2008-01-18,95.55,95.77,95.22,95.49,55.343,-0.69%,2676800
2008-01-22,96.31,96.62,95.30,96.51,55.934,+1.07%,5423500
2008-01-23,97.99,98.16,95.88,96.29,55.807,-0.23%,7636600
2008-01-24,95.62,95.75,94.34,94.36,54.688,-2.00%,5676700
2008-01-25,94.23,96.00,94.13,95.95,55.610,+1.69%,4371100
2008-01-28,95.65,96.00,95.36,95.59,55.401,-0.38%,1633500
2008-01-29,95.12,95.32,94.58,94.94,55.025,-0.68%,3100200
2008-01-30,94.60,94.77,93.59,94.32,54.665,-0.65%,3468000
2008-01-31,95.30,95.43,94.63,94.99,55.053,+0.71%,11441000
2008-02-01,95.07,95.40,94.56,95.23,55.383,+0.25%,4163700
2008-02-04,94.35,94.66,94.13,94.25,54.813,-1.03%,1729600
2008-02-05,95.34,95.61,94.77,94.97,55.232,+0.76%,2594600
2008-02-06,94.63,94.85,94.36,94.68,55.063,-0.31%,1339800
2008-02-07,94.42,94.53,92.05,92.64,53.877,-2.15%,5419700
2008-02-08,93.27,93.73,93.09,93.70,54.493,+1.14%,2832800
2008-02-11,94.20,94.70,93.73,94.09,54.720,+0.42%,2960200
2008-02-12,93.27,93.65,92.96,93.53,54.394,-0.60%,2897700
2008-02-13,92.93,93.42,92.40,92.54,53.819,-1.06%,3697500
2008-02-14,91.80,92.10,90.66,91.18,53.028,-1.47%,7505000
2008-02-15,91.62,92.07,91.46,91.88,53.435,+0.77%,3687800
2008-02-19,91.13,91.70,90.64,90.95,52.894,-1.01%,2911600
2008-02-20,90.61,91.58,90.56,91.58,53.260,+0.69%,2550100
2008-02-21,92.15,92.85,92.05,92.55,53.825,+1.06%,4197200
2008-02-22,92.41,92.85,91.87,92.02,53.516,-0.57%,1959700
2008-02-25,91.93,92.14,90.65,91.08,52.970,-1.02%,3460900
2008-02-26,90.89,91.34,90.73,91.11,52.987,+0.03%,2618900
2008-02-27,91.57,91.57,90.61,91.19,53.034,+0.09%,2494400
2008-02-28,92.34,92.84,92.19,92.81,53.976,+1.78%,3410900
2008-02-29,93.62,94.46,93.52,94.23,54.802,+1.53%,3822000
2008-03-03,93.60,94.20,93.25,93.64,54.661,-0.63%,2036900
2008-03-04,93.94,94.12,92.53,92.73,54.130,-0.97%,3401100
2008-03-05,93.06,93.06,91.50,91.62,53.482,-1.20%,3871200
2008-03-06,91.84,92.44,91.67,92.11,53.768,+0.53%,1342600
2008-03-07,93.29,93.35,91.74,92.23,53.838,+0.13%,3601300
2008-03-10,92.71,94.13,92.61,93.59,54.632,+1.47%,3579000
2008-03-11,93.00,93.03,92.21,92.79,54.165,-0.85%,3309200
2008-03-12,93.13,94.68,92.97,94.58,55.210,+1.93%,4752900
2008-03-13,95.03,95.19,93.26,93.84,54.778,-0.78%,5763500
2008-03-14,94.68,95.81,94.62,95.00,55.455,+1.24%,6174800
2008-03-17,95.59,96.31,95.31,95.73,55.881,+0.77%,3329300
2008-03-18,95.30,96.16,94.95,95.36,55.665,-0.39%,4022300
2008-03-19,95.12,97.47,95.12,96.94,56.587,+1.66%,5206400
2008-03-20,97.00,97.75,96.87,97.18,56.728,+0.25%,3905900
2008-03-24,96.48,96.48,95.20,95.30,55.630,-1.93%,5596200
2008-03-25,95.38,95.82,95.28,95.70,55.863,+0.42%,2038200
2008-03-26,95.78,96.20,95.23,95.30,55.630,-0.42%,1652000
2008-03-27,94.64,95.36,94.54,94.63,55.239,-0.70%,2405700
2008-03-28,95.09,95.56,94.75,95.55,55.776,+0.97%,1745500
2008-03-31,96.11,96.32,95.67,95.89,55.974,+0.36%,2546300
2008-04-01,94.81,94.85,93.78,93.93,55.067,-2.04%,3821800
2008-04-02,93.99,94.86,93.99,94.13,55.184,+0.21%,3794200
2008-04-03,94.50,94.67,94.12,94.34,55.308,+0.22%,2839100
2008-04-04,95.17,95.56,94.99,95.20,55.812,+0.91%,1745200
2008-04-07,94.62,94.78,93.90,94.70,55.519,-0.53%,2231800
2008-04-08,95.18,95.24,94.26,94.37,55.325,-0.35%,1305200
2008-04-09,94.56,95.64,94.55,95.35,55.900,+1.04%,2883600
2008-04-10,95.31,95.50,94.57,95.03,55.712,-0.34%,1846500
2008-04-11,95.60,95.92,95.47,95.67,56.087,+0.67%,1987700
2008-04-14,95.34,95.70,94.99,95.11,55.759,-0.59%,3195300
2008-04-15,94.35,94.58,93.90,93.93,55.067,-1.24%,2821600
2008-04-16,93.80,94.06,92.43,93.01,54.528,-0.98%,4691100
2008-04-17,93.01,93.18,92.24,92.85,54.434,-0.17%,2020000
2008-04-18,92.00,92.88,91.82,92.77,54.387,-0.09%,2199700
2008-04-21,92.41,93.28,92.30,93.14,54.604,+0.40%,2805800
2008-04-22,92.91,93.67,92.91,93.46,54.792,+0.34%,1799700
2008-04-23,93.09,93.63,92.53,93.15,54.610,-0.33%,1221100
2008-04-24,92.13,92.46,91.81,92.36,54.147,-0.85%,3213600
2008-04-25,91.85,92.25,91.50,91.82,53.830,-0.58%,1742000
2008-04-28,91.53,92.35,91.41,92.10,53.994,+0.30%,1883900
2008-04-29,92.43,92.86,92.15,92.45,54.200,+0.38%,1269100
2008-04-30,92.43,93.20,91.85,93.11,54.589,+0.71%,2827500
2008-05-01,93.47,93.65,92.38,92.78,54.590,-0.35%,3226500
2008-05-02,91.80,92.41,91.54,91.61,53.902,-1.26%,2730800
2008-05-05,91.86,91.87,91.14,91.61,53.902,0.00%,1309300
2008-05-06,92.04,92.08,90.79,90.95,53.513,-0.72%,4037500
2008-05-07,90.84,91.43,90.62,91.34,53.743,+0.43%,3876200
2008-05-08,91.47,92.20,91.42,92.16,54.225,+0.90%,2829500
2008-05-09,92.73,92.87,92.21,92.50,54.425,+0.37%,2064300
2008-05-12,92.76,93.16,92.35,92.36,54.343,-0.15%,1947400
2008-05-13,91.86,92.05,91.31,91.35,53.749,-1.09%,2123300
2008-05-14,92.00,92.01,90.72,91.39,53.772,+0.04%,2600900
2008-05-15,91.17,92.33,91.09,92.22,54.261,+0.91%,2164300
2008-05-16,91.88,92.89,91.78,91.84,54.037,-0.41%,1902600
2008-05-19,92.08,92.26,91.30,91.96,54.109,+0.13%,1348200
2008-05-20,92.44,92.50,91.90,92.44,54.390,+0.52%,1466000
2008-05-21,92.05,92.67,91.86,92.46,54.402,+0.02%,1762100
2008-05-22,91.93,91.93,90.84,91.37,53.761,-1.18%,2855900
2008-05-23,91.83,92.30,91.70,91.77,53.996,+0.44%,1802000
2008-05-27,91.38,91.56,90.98,91.15,53.631,-0.68%,1985800
2008-05-28,90.54,90.66,90.14,90.34,53.155,-0.89%,3250700
2008-05-29,90.01,90.10,89.14,89.69,52.772,-0.72%,3302400
2008-05-30,90.13,90.44,90.06,90.28,53.119,+0.66%,2514600
2008-06-02,89.98,90.64,89.62,90.30,53.323,+0.02%,3076400
2008-06-03,90.06,91.41,89.81,90.95,53.707,+0.72%,2447700
2008-06-04,91.39,91.39,89.90,90.14,53.229,-0.89%,2813000
2008-06-05,89.82,90.03,89.45,89.60,52.910,-0.60%,2632200
2008-06-06,90.69,91.09,90.21,90.76,53.595,+1.29%,3864800
2008-06-09,90.45,91.39,90.19,90.76,53.595,0.00%,1812000
2008-06-10,90.65,90.71,89.70,90.17,53.246,-0.65%,1935300
2008-06-11,90.05,90.72,89.71,89.96,53.122,-0.23%,2265400
2008-06-12,89.56,89.64,88.82,89.06,52.591,-1.00%,4413100
2008-06-13,88.80,89.54,88.68,88.87,52.479,-0.21%,1983600
2008-06-16,89.11,89.18,88.62,88.89,52.491,+0.02%,1756800
2008-06-17,89.16,89.27,88.59,89.07,52.597,+0.20%,1712200
2008-06-18,89.11,89.97,89.09,89.82,53.040,+0.84%,2590000
2008-06-19,89.52,89.75,89.03,89.29,52.727,-0.59%,1700500
2008-06-20,89.95,90.07,89.69,89.81,53.034,+0.58%,4580900
2008-06-23,90.08,90.43,89.83,90.00,53.146,+0.21%,1594100
2008-06-24,90.38,90.81,90.14,90.59,53.497,+0.66%,3118400
2008-06-25,90.52,90.76,89.81,90.64,53.524,+0.06%,3251600
2008-06-26,91.00,91.44,90.79,91.25,53.884,+0.67%,4052300
2008-06-27,91.67,92.44,91.45,92.32,54.516,+1.17%,4144800
2008-06-30,92.31,92.82,92.08,92.34,54.528,+0.02%,3743000
2008-07-01,92.69,92.77,91.68,91.79,54.399,-0.60%,3805100
2008-07-02,91.96,92.38,91.87,92.27,54.683,+0.52%,2413700
2008-07-03,91.71,92.30,91.54,92.07,54.565,-0.22%,1405100
2008-07-07,92.07,93.15,91.58,92.49,54.814,+0.46%,3528400
2008-07-08,92.50,93.14,92.42,93.09,55.169,+0.65%,2176600
2008-07-09,92.94,93.64,92.92,93.50,55.412,+0.44%,1582000
2008-07-10,93.33,93.76,92.94,93.49,55.406,-0.01%,2723600
2008-07-11,93.52,93.74,91.86,92.16,54.618,-1.42%,5466000
2008-07-14,92.38,93.26,92.29,92.97,55.098,+0.88%,4135400
2008-07-15,93.07,93.43,92.70,92.94,55.080,-0.03%,4541400
2008-07-16,92.08,92.24,91.21,91.26,54.085,-1.81%,3435900
2008-07-17,91.26,91.61,90.56,90.79,53.806,-0.52%,5899900
2008-07-18,90.76,91.20,90.30,90.45,53.605,-0.37%,3475200
2008-07-21,90.59,90.90,90.25,90.80,53.812,+0.39%,3657200
2008-07-22,90.64,90.76,90.03,90.35,53.546,-0.50%,2675200
2008-07-23,90.22,90.37,89.75,90.17,53.439,-0.20%,2871900
2008-07-24,90.35,91.25,90.35,91.05,53.960,+0.98%,2613300
2008-07-25,90.55,90.84,90.00,90.14,53.421,-1.00%,3765300
2008-07-28,90.95,91.47,90.70,91.05,53.960,+1.01%,1275900
2008-07-29,90.66,90.99,90.31,90.68,53.741,-0.41%,1349100
2008-07-30,90.09,91.29,90.03,90.77,53.794,+0.10%,1667500
2008-07-31,91.72,92.05,91.27,91.67,54.328,+0.99%,3898700
2008-08-01,90.97,91.56,90.83,91.54,54.448,-0.14%,1804800
2008-08-04,91.09,91.64,91.01,91.33,54.323,-0.23%,2029900
2008-08-05,91.35,91.60,90.62,90.65,53.918,-0.74%,2191200
2008-08-06,90.41,90.41,89.82,90.28,53.698,-0.41%,3139500
2008-08-07,90.63,91.90,90.43,91.75,54.573,+1.63%,2765600
2008-08-08,91.89,92.08,91.54,92.00,54.721,+0.27%,1035400
2008-08-11,91.78,91.78,90.60,91.12,54.198,-0.96%,3939400
2008-08-12,91.81,92.03,91.70,91.97,54.704,+0.93%,1315000
2008-08-13,92.30,92.35,91.46,91.65,54.513,-0.35%,1940300
2008-08-14,92.26,92.60,92.07,92.24,54.864,+0.64%,2605300
2008-08-15,92.67,93.20,92.57,93.04,55.340,+0.87%,1964900
2008-08-18,93.08,93.54,92.96,93.41,55.560,+0.40%,1262200
2008-08-19,93.44,93.53,92.89,93.05,55.346,-0.39%,1944700
2008-08-20,93.38,93.71,93.15,93.31,55.501,+0.28%,2500000
2008-08-21,93.63,93.63,92.75,93.14,55.400,-0.18%,2267000
2008-08-22,93.11,93.17,92.64,93.08,55.364,-0.06%,1990000
2008-08-25,94.12,94.33,93.85,94.01,55.917,+1.00%,2028300
2008-08-26,93.96,94.20,93.71,94.09,55.965,+0.09%,1270900
2008-08-27,93.49,94.29,93.44,94.25,56.060,+0.17%,1555300
2008-08-28,93.91,94.41,93.69,94.26,56.066,+0.01%,1886500
2008-08-29,94.02,94.16,93.51,93.84,55.816,-0.45%,1739100
2008-09-02,92.98,94.41,92.84,94.37,56.333,+0.56%,2916000
2008-09-03,94.27,94.89,94.26,94.77,56.572,+0.42%,2105000
2008-09-04,95.00,95.56,94.81,95.53,57.023,+0.80%,3049800
2008-09-05,96.02,96.31,95.41,95.48,56.996,-0.05%,4167800
2008-09-08,94.90,95.88,94.56,95.88,57.235,+0.42%,5426200
2008-09-09,95.83,96.88,95.54,96.83,57.802,+0.99%,3890200
2008-09-10,95.98,96.66,95.82,96.23,57.444,-0.62%,2407900
2008-09-11,96.79,96.86,96.00,96.18,57.414,-0.05%,3592000
2008-09-12,96.21,96.33,94.75,94.94,56.674,-1.29%,4138200
2008-09-15,96.28,98.17,96.07,98.02,58.512,+3.24%,5889900
2008-09-16,100.71,100.86,97.91,98.00,58.500,-0.02%,6684400
2008-09-17,98.92,99.38,97.73,98.49,58.793,+0.50%,4371300
2008-09-18,97.95,98.49,96.92,97.05,57.933,-1.46%,4188300
2008-09-19,93.86,95.02,93.70,93.97,56.095,-3.17%,7169200
2008-09-22,92.93,93.96,92.60,93.96,56.089,-0.01%,4726300
2008-09-23,93.61,94.10,93.13,93.60,55.874,-0.38%,2236000
2008-09-24,93.97,94.75,93.60,94.01,56.118,+0.44%,1014900
2008-09-25,94.59,94.59,93.15,93.82,56.005,-0.20%,1881200
2008-09-26,94.07,94.79,94.07,94.50,56.411,+0.72%,1992800
2008-09-29,95.17,97.93,95.16,97.25,58.053,+2.91%,4799800
2008-09-30,97.04,97.29,94.60,94.88,56.638,-2.44%,1358100
2008-10-01,96.04,96.90,94.95,95.78,57.348,+0.95%,1767800
2008-10-02,96.57,96.84,96.07,96.55,57.809,+0.80%,931900
2008-10-03,97.38,97.79,95.49,97.40,58.318,+0.88%,1903100
2008-10-06,98.74,99.86,98.62,99.17,59.378,+1.82%,2906200
2008-10-07,98.32,99.67,97.98,98.87,59.198,-0.30%,1972000
2008-10-08,99.68,99.94,96.68,97.45,58.348,-1.44%,3386300
2008-10-09,97.37,97.70,96.22,96.63,57.857,-0.84%,1785400
2008-10-10,96.61,96.91,95.51,95.95,57.450,-0.70%,2200000
2008-10-13,95.11,95.95,94.26,94.72,56.713,-1.28%,1532100
2008-10-14,94.25,95.26,93.90,94.11,56.348,-0.64%,2100000
2008-10-15,94.12,95.04,93.42,95.01,56.887,+0.96%,1449500
2008-10-16,94.99,95.27,94.18,94.52,56.593,-0.52%,1063200
2008-10-17,94.69,94.90,93.02,93.87,56.205,-0.69%,1691800
2008-10-20,93.44,94.94,93.36,94.62,56.654,+0.80%,1146800
2008-10-21,95.09,95.99,94.74,95.12,56.953,+0.53%,1243700
2008-10-22,96.12,97.49,95.85,97.05,58.109,+2.03%,1069800
2008-10-23,97.95,98.89,96.82,97.77,58.540,+0.74%,1802000
2008-10-24,98.82,99.05,96.45,96.73,57.917,-1.06%,1495400
2008-10-27,97.77,98.21,96.29,96.80,57.959,+0.07%,1534100
2008-10-28,96.18,96.90,95.15,95.39,57.115,-1.46%,1505500
2008-10-29,95.77,96.01,94.43,94.91,56.827,-0.50%,1745800
2008-10-30,94.50,94.80,93.80,94.05,56.312,-0.91%,1326000
2008-10-31,94.64,94.92,92.65,92.83,55.582,-1.30%,2282500
2008-11-03,92.72,93.11,92.35,92.71,55.732,-0.13%,1111600
2008-11-04,92.96,94.71,92.59,94.45,56.777,+1.88%,1608800
2008-11-05,94.89,95.67,94.40,95.57,57.451,+1.19%,1931700
2008-11-06,94.60,95.05,93.81,94.88,57.036,-0.72%,919700
2008-11-07,94.52,94.52,93.55,94.26,56.663,-0.65%,1277100
2008-11-10,93.80,95.10,93.68,94.72,56.940,+0.49%,1352100
2008-11-11,95.21,95.81,94.96,95.00,57.108,+0.30%,696000
2008-11-12,95.58,96.07,95.16,95.61,57.475,+0.64%,1199400
2008-11-13,94.91,95.25,93.25,93.32,56.098,-2.40%,1631900
2008-11-14,95.11,95.46,94.79,95.17,57.210,+1.98%,1059300
2008-11-17,95.68,96.03,95.29,95.59,57.463,+0.44%,490300
2008-11-18,96.38,97.00,95.96,96.82,58.202,+1.29%,924800
2008-11-19,97.47,99.37,97.21,99.30,59.693,+2.56%,2090400
2008-11-20,101.82,104.44,101.10,104.43,62.777,+5.17%,5459800
2008-11-21,103.25,103.98,101.45,102.92,61.869,-1.45%,3249300
2008-11-24,102.15,102.29,101.00,101.31,60.901,-1.56%,1587300
2008-11-25,103.95,104.47,102.68,104.29,62.693,+2.94%,2632700
2008-11-26,104.72,105.62,104.09,104.43,62.777,+0.13%,2577600
2008-11-28,105.25,105.97,104.94,105.72,63.552,+1.24%,986400
2008-12-01,107.75,110.41,107.13,109.40,65.978,+3.48%,4031600
2008-12-02,108.56,110.37,108.19,109.82,66.231,+0.38%,3289300
2008-12-03,110.27,110.81,108.56,110.13,66.418,+0.28%,2951000
2008-12-04,111.13,112.49,110.37,112.30,67.727,+1.97%,2825400
2008-12-05,111.95,113.00,110.42,110.48,66.629,-1.62%,4557600
2008-12-08,110.48,111.25,109.69,110.24,66.485,-0.22%,2119500
2008-12-09,110.58,112.53,110.25,112.42,67.799,+1.98%,2055500
2008-12-10,111.37,112.15,111.12,112.15,67.636,-0.24%,2414900
2008-12-11,112.18,112.43,110.87,112.37,67.769,+0.20%,2416900
2008-12-12,112.54,112.56,110.34,112.37,67.769,0.00%,2547100
2008-12-15,112.35,113.94,112.05,113.65,68.541,+1.14%,1707700
2008-12-16,114.10,116.90,113.97,116.46,70.236,+2.47%,4015100
2008-12-17,120.77,121.13,119.26,119.62,72.141,+2.71%,6407500
2008-12-18,120.74,123.15,120.45,122.13,73.655,+2.10%,4442000
2008-12-19,121.97,122.99,121.28,122.26,73.734,+0.11%,2668500
2008-12-22,122.39,122.39,120.73,121.32,73.167,-0.77%,2221400
2008-12-23,120.14,121.50,119.90,121.16,73.070,-0.13%,1746400
2008-12-24,120.73,121.32,120.62,120.90,72.913,-0.21%,717200
2008-12-26,121.59,121.97,121.20,121.30,73.155,+0.33%,454400
2008-12-29,121.43,122.01,120.61,120.75,73.067,-0.45%,1416000
2008-12-30,120.49,121.92,120.07,121.90,73.763,+0.95%,2590500
2008-12-31,121.41,122.00,118.85,119.35,72.220,-2.09%,2738000
2009-01-02,120.05,120.45,116.35,116.35,70.405,-2.51%,3464200
2009-01-05,115.60,116.16,112.60,113.35,68.589,-2.58%,5395200
2009-01-06,111.62,113.26,111.00,112.21,67.900,-1.01%,4109300
2009-01-07,111.96,112.68,111.40,112.65,68.166,+0.39%,2565600
2009-01-08,112.64,112.92,111.99,112.56,68.111,-0.08%,2603600
2009-01-09,111.46,113.35,111.27,112.73,68.214,+0.15%,2727900
2009-01-12,111.57,114.05,111.57,113.90,68.922,+1.04%,2462800
2009-01-13,113.50,114.08,112.96,114.02,68.995,+0.11%,1767400
2009-01-14,114.65,116.04,114.65,115.90,70.133,+1.65%,2494800
2009-01-15,116.20,116.92,115.58,116.09,70.247,+0.16%,2827200
2009-01-16,113.42,116.09,113.36,114.30,69.164,-1.54%,2994800
2009-01-20,112.27,114.63,112.23,114.28,69.152,-0.02%,3268300
2009-01-21,111.93,113.04,110.40,110.67,66.968,-3.16%,2838100
2009-01-22,110.60,110.77,107.88,108.54,65.679,-1.92%,4016600
2009-01-23,107.92,108.32,106.69,107.69,65.165,-0.78%,2676200
2009-01-26,107.40,107.82,106.30,106.75,64.596,-0.87%,2240900
2009-01-27,107.80,109.59,107.63,109.26,66.115,+2.35%,3420800
2009-01-28,109.31,109.81,105.72,106.53,64.463,-2.50%,4348100
2009-01-29,105.56,106.31,103.66,104.08,62.980,-2.30%,3724400
2009-01-30,104.64,104.87,103.44,103.75,62.780,-0.32%,2630000
2009-02-02,104.02,105.68,103.39,105.39,63.945,+1.58%,2700200
2009-02-03,104.30,104.83,102.75,102.88,62.422,-2.38%,2846400
2009-02-04,102.75,102.87,101.62,102.52,62.204,-0.35%,2305400
2009-02-05,103.24,103.88,102.21,102.61,62.259,+0.09%,2279500
2009-02-06,102.25,102.86,101.90,102.29,62.064,-0.31%,1667500
2009-02-09,101.65,102.67,101.06,102.62,62.265,+0.32%,2257300
2009-02-10,104.05,104.96,103.45,104.85,63.618,+2.17%,3782800
2009-02-11,105.71,106.50,105.53,106.21,64.443,+1.30%,2774200
2009-02-12,105.98,106.18,104.74,105.21,63.836,-0.94%,1818400
2009-02-13,103.95,103.95,102.23,102.41,62.137,-2.66%,2466800
2009-02-17,104.55,105.66,104.35,105.60,64.073,+3.11%,2813900
2009-02-18,106.06,106.56,104.30,104.70,63.527,-0.85%,2768600
2009-02-19,102.69,104.06,102.23,102.92,62.447,-1.70%,3219400
2009-02-20,104.27,105.16,103.30,103.92,63.053,+0.97%,4272000
2009-02-23,103.60,104.88,103.17,104.88,63.636,+0.92%,2688700
2009-02-24,105.68,106.68,104.77,104.77,63.569,-0.10%,4197100
2009-02-25,105.24,105.49,103.03,103.56,62.835,-1.15%,3908100
2009-02-26,102.69,103.26,101.98,102.47,62.174,-1.05%,2611100
2009-02-27,102.57,103.01,101.21,101.88,61.816,-0.58%,3267700
2009-03-02,102.22,103.28,102.09,103.28,62.836,+1.37%,3302000
2009-03-03,102.23,103.57,101.81,102.59,62.417,-0.67%,3084900
2009-03-04,101.49,102.25,101.16,102.12,62.131,-0.46%,3178400
2009-03-05,104.02,105.44,103.44,104.96,63.858,+2.78%,4562400
2009-03-06,104.26,105.97,104.09,104.26,63.433,-0.67%,3125900
2009-03-09,104.51,104.55,103.12,103.65,63.061,-0.59%,2070500
2009-03-10,102.43,102.75,101.51,101.66,61.851,-1.92%,2602600
2009-03-11,101.29,102.76,100.93,102.76,62.520,+1.08%,3101500
2009-03-12,102.66,103.97,102.31,103.25,62.818,+0.48%,3558900
2009-03-13,102.75,103.88,102.33,102.73,62.502,-0.50%,2504000
2009-03-16,100.82,101.45,100.50,101.11,61.516,-1.58%,3265600
2009-03-17,101.72,102.33,100.39,100.56,61.181,-0.54%,3076200
2009-03-18,101.12,108.07,100.90,104.37,63.499,+3.79%,8578800
2009-03-19,105.62,105.66,104.22,104.50,63.579,+0.12%,3650900
2009-03-20,104.62,105.00,103.78,103.92,63.226,-0.56%,3479700
2009-03-23,104.29,104.42,102.97,103.02,62.678,-0.87%,2097000
2009-03-24,102.19,105.16,101.93,103.98,63.262,+0.93%,5477100
2009-03-25,103.29,103.72,102.31,102.60,62.423,-1.33%,2549600
2009-03-26,102.44,104.06,102.16,103.79,63.147,+1.16%,2385300
2009-03-27,104.15,104.93,103.56,104.56,63.615,+0.74%,1853900
2009-03-30,105.44,105.87,103.94,104.96,63.858,+0.38%,2300100
2009-03-31,105.04,105.80,105.00,105.71,64.315,+0.71%,1094600
2009-04-01,106.12,106.56,105.53,106.37,64.900,+0.62%,2383400
2009-04-02,105.89,106.07,104.84,105.07,64.107,-1.22%,1766300
2009-04-03,104.91,105.16,102.66,102.92,62.795,-2.05%,3316800
2009-04-06,103.54,103.59,102.22,102.48,62.527,-0.43%,1418100
2009-04-07,102.54,103.31,102.48,102.74,62.685,+0.25%,1312600
2009-04-08,103.07,103.86,102.95,103.65,63.241,+0.89%,1007800
2009-04-09,102.47,103.18,101.98,102.35,62.447,-1.25%,1088800
2009-04-13,102.96,103.51,102.93,103.29,63.021,+0.92%,946600
2009-04-14,103.25,104.21,102.93,103.83,63.350,+0.52%,1336000
2009-04-15,104.13,104.30,102.88,103.65,63.241,-0.17%,1152500
2009-04-16,102.85,103.45,102.78,102.83,62.740,-0.79%,1055600
2009-04-17,102.47,102.71,101.37,101.70,62.051,-1.10%,2582800
2009-04-20,102.63,103.40,102.45,103.24,62.990,+1.51%,1714400
2009-04-21,104.04,104.21,102.22,102.22,62.368,-0.99%,909100
2009-04-22,102.45,102.56,101.11,101.60,61.990,-0.61%,2278100
2009-04-23,101.35,101.75,100.94,101.59,61.984,-0.01%,1688300
2009-04-24,100.79,100.98,100.10,100.57,61.361,-1.00%,2830000
2009-04-27,101.07,101.19,100.06,101.00,61.624,+0.43%,2294600
2009-04-28,101.50,101.58,99.09,99.35,60.617,-1.63%,2332500
2009-04-29,99.67,100.08,98.15,98.47,60.080,-0.89%,3752600
2009-04-30,97.98,98.36,97.39,98.08,59.842,-0.40%,2778100
2009-05-01,97.12,97.29,96.57,97.11,59.431,-0.99%,2772200
2009-05-04,97.36,97.82,96.79,97.43,59.627,+0.33%,2246700
2009-05-05,97.46,97.83,96.76,97.31,59.554,-0.12%,1369000
2009-05-06,97.12,98.00,97.00,97.08,59.413,-0.24%,2045900
2009-05-07,95.94,96.70,94.33,94.71,57.962,-2.44%,5755200
2009-05-08,95.02,95.39,94.64,94.94,58.103,+0.24%,2193400
2009-05-11,96.05,96.45,95.79,96.29,58.929,+1.42%,2167400
2009-05-12,96.18,97.02,95.80,96.64,59.144,+0.36%,2304800
2009-05-13,97.36,97.93,97.24,97.69,59.786,+1.09%,1917500
2009-05-14,97.60,98.25,97.30,98.07,60.019,+0.39%,1704600
2009-05-15,98.00,98.05,97.46,98.04,60.000,-0.03%,2306600
2009-05-18,98.01,98.11,96.37,96.52,59.070,-1.55%,2234700
2009-05-19,96.19,96.47,95.71,96.01,58.758,-0.53%,1624300
2009-05-20,95.93,97.16,95.83,97.02,59.376,+1.05%,2825700
2009-05-21,97.55,97.64,94.35,94.58,57.883,-2.51%,4771700
2009-05-22,93.82,94.49,93.35,93.53,57.240,-1.11%,4483400
2009-05-26,94.05,94.10,92.12,92.12,56.377,-1.51%,3633100
2009-05-27,92.24,92.58,90.38,90.49,55.381,-1.77%,7490200
2009-05-28,91.77,91.98,90.23,91.80,56.182,+1.45%,9824300
2009-05-29,91.70,94.23,91.64,94.17,57.632,+2.58%,4746700
2009-06-01,92.34,92.38,90.57,91.09,55.934,-3.27%,6987000
2009-06-02,91.61,91.77,90.78,91.58,56.235,+0.54%,5063600
2009-06-03,91.96,92.61,91.33,92.44,56.763,+0.94%,6727200
2009-06-04,91.43,91.72,90.24,90.53,55.590,-2.07%,5438600
2009-06-05,89.91,90.90,89.55,89.84,55.166,-0.76%,8439600
2009-06-08,90.41,90.73,89.48,89.61,55.025,-0.26%,4084000
2009-06-09,90.19,90.31,89.25,89.60,55.019,-0.01%,6046300
2009-06-10,88.87,89.43,87.56,88.19,54.153,-1.57%,12142000
2009-06-11,87.76,89.52,87.69,89.17,54.755,+1.11%,10692800
2009-06-12,89.42,90.65,89.42,89.97,55.246,+0.90%,6606800
2009-06-15,90.54,91.15,90.48,90.78,55.744,+0.90%,4518700
2009-06-16,90.96,92.43,90.80,92.36,56.714,+1.74%,5376000
2009-06-17,92.45,93.33,91.84,91.84,56.395,-0.56%,7197200
2009-06-18,91.25,91.58,90.11,90.45,55.541,-1.51%,6794000
2009-06-19,90.33,91.70,90.21,91.69,56.302,+1.37%,4750700
2009-06-22,92.44,92.91,92.06,92.58,56.849,+0.97%,3952300
2009-06-23,92.77,93.81,92.58,93.67,57.518,+1.18%,5356900
2009-06-24,93.65,94.07,92.66,92.73,56.941,-1.00%,6550400
2009-06-25,93.22,94.50,92.67,94.43,57.985,+1.83%,7140000
2009-06-26,94.62,94.90,94.21,94.59,58.083,+0.17%,4050400
2009-06-29,95.07,95.37,94.58,94.73,58.169,+0.15%,4334900
2009-06-30,94.19,95.11,93.81,94.57,58.071,-0.17%,3743700
2009-07-01,93.42,94.09,93.24,94.08,57.956,-0.52%,3379900
2009-07-02,94.33,94.61,94.00,94.30,58.092,+0.23%,2645100
2009-07-06,94.05,94.29,93.39,94.12,57.981,-0.19%,1886700
2009-07-07,93.62,94.88,93.61,94.75,58.369,+0.67%,2592400
2009-07-08,95.12,96.81,94.89,96.50,59.447,+1.85%,7912900
2009-07-09,95.35,95.73,94.45,95.35,58.739,-1.19%,5241400
2009-07-10,95.62,96.33,95.43,96.23,59.281,+0.92%,3981900
2009-07-13,96.32,96.60,95.56,95.69,58.948,-0.56%,2604300
2009-07-14,94.76,95.13,93.70,94.10,57.969,-1.66%,3629100
2009-07-15,92.66,93.00,91.67,91.68,56.478,-2.57%,4664200
2009-07-16,92.81,93.18,92.50,92.67,57.088,+1.08%,4225200
2009-07-17,91.90,92.36,91.24,91.24,56.207,-1.54%,3845700
2009-07-20,90.85,92.49,90.80,91.72,56.502,+0.53%,4436500
2009-07-21,91.45,93.70,91.29,93.55,57.630,+2.00%,3895300
2009-07-22,93.40,93.53,92.36,92.71,57.112,-0.90%,1986700
2009-07-23,92.76,92.80,90.57,91.01,56.065,-1.83%,3818800
2009-07-24,91.00,91.45,90.77,91.45,56.336,+0.48%,1765300
2009-07-27,90.23,90.66,89.94,90.40,55.689,-1.15%,2755900
2009-07-28,90.72,91.82,90.43,91.20,56.182,+0.88%,3324800
2009-07-29,92.17,92.29,90.94,91.70,56.490,+0.55%,2910200
2009-07-30,91.54,93.15,91.23,93.00,57.291,+1.42%,4040700
2009-07-31,93.85,94.86,93.28,94.81,58.406,+1.95%,5697000
2009-08-03,93.81,93.87,92.61,93.06,57.524,-1.85%,4029300
2009-08-04,93.63,93.72,91.67,92.32,57.067,-0.80%,3832200
2009-08-05,91.31,92.75,90.87,90.94,56.214,-1.49%,4458300
2009-08-06,90.90,91.89,90.42,91.25,56.405,+0.34%,3228500
2009-08-07,90.42,90.93,90.22,90.49,55.935,-0.83%,3543200
2009-08-10,90.51,91.64,90.41,91.62,56.634,+1.25%,3150100
2009-08-11,92.39,92.87,91.99,92.68,57.289,+1.16%,3677800
2009-08-12,92.95,93.07,91.09,91.69,56.677,-1.07%,4729200
2009-08-13,91.80,93.15,91.50,92.99,57.481,+1.42%,3922300
2009-08-14,93.30,94.20,93.21,93.35,57.703,+0.39%,4410400
2009-08-17,93.95,94.75,93.87,94.73,58.556,+1.48%,3569700
2009-08-18,94.66,94.77,94.01,94.18,58.216,-0.58%,2557900
2009-08-19,95.17,95.37,94.41,94.96,58.699,+0.83%,3518200
2009-08-20,95.38,95.87,94.78,95.74,59.181,+0.82%,3282700
2009-08-21,95.64,95.73,93.75,93.77,57.963,-2.06%,6258300
2009-08-24,93.49,95.47,93.46,95.47,59.014,+1.81%,4460200
2009-08-25,95.37,96.09,94.91,96.01,59.348,+0.57%,3359700
2009-08-26,96.18,96.55,95.91,96.45,59.620,+0.46%,3225800
2009-08-27,96.18,96.62,95.73,96.07,59.385,-0.39%,2514000
2009-08-28,95.44,96.51,95.31,96.51,59.657,+0.46%,2072500
2009-08-31,96.36,96.86,95.76,96.60,59.712,+0.09%,2899800
2009-09-01,95.82,96.58,95.14,96.06,59.569,-0.56%,3304200
2009-09-02,96.48,97.66,96.24,97.46,60.437,+1.46%,4345000
2009-09-03,96.84,97.12,96.55,96.86,60.065,-0.62%,2703800
2009-09-04,96.44,96.60,95.06,95.21,59.041,-1.70%,3643000
2009-09-08,94.48,95.37,94.36,94.54,58.626,-0.70%,2468900
2009-09-09,93.89,94.43,93.52,94.43,58.558,-0.12%,3182400
2009-09-10,94.93,96.71,94.91,96.17,59.637,+1.84%,4417300
2009-09-11,96.82,97.68,96.60,96.70,59.965,+0.55%,4826200
2009-09-14,96.02,96.67,95.65,95.74,59.370,-0.99%,2119500
2009-09-15,95.19,95.77,95.07,95.25,59.066,-0.51%,2187900
2009-09-16,95.34,95.95,94.60,95.42,59.172,+0.18%,3732300
2009-09-17,95.69,96.73,95.17,96.62,59.916,+1.26%,2832000
2009-09-18,96.20,96.53,95.67,95.76,59.383,-0.89%,2813300
2009-09-21,96.10,96.49,95.36,95.98,59.519,+0.23%,3050200
2009-09-22,95.65,96.37,95.51,96.18,59.643,+0.21%,2068000
2009-09-23,95.94,96.58,95.20,96.47,59.823,+0.30%,5712000
2009-09-24,96.50,97.09,96.17,96.75,59.996,+0.29%,4658400
2009-09-25,97.36,98.06,96.77,97.98,60.759,+1.27%,3854500
2009-09-28,98.32,98.93,98.11,98.84,61.292,+0.88%,4263300
2009-09-29,98.32,99.17,98.15,98.75,61.237,-0.09%,3123200
2009-09-30,98.56,99.13,98.36,98.66,61.181,-0.09%,2744800
2009-10-01,98.96,100.06,98.80,99.70,62.016,+1.05%,5754400
2009-10-02,100.28,100.31,98.88,99.01,61.587,-0.69%,4827700
2009-10-05,99.47,99.66,98.77,99.02,61.593,+0.01%,2910100
2009-10-06,98.76,98.80,97.98,98.04,60.984,-0.99%,3936200
2009-10-07,98.67,99.33,98.60,99.19,61.699,+1.17%,3591000
2009-10-08,99.71,99.76,97.68,98.15,61.052,-1.05%,5871600
2009-10-09,97.62,97.71,95.50,95.90,59.653,-2.29%,8135900
2009-10-12,96.03,96.33,95.60,96.05,59.746,+0.16%,1939700
2009-10-13,96.62,96.85,96.26,96.55,60.057,+0.52%,2886500
2009-10-14,95.51,96.10,94.90,95.12,59.167,-1.48%,5421000
2009-10-15,94.57,95.42,94.37,94.68,58.894,-0.46%,3736900
2009-10-16,95.19,95.53,94.73,95.45,59.373,+0.81%,3716800
2009-10-19,95.59,96.21,95.38,96.20,59.839,+0.79%,3163800
2009-10-20,97.02,97.25,96.54,96.72,60.163,+0.54%,2912400
2009-10-21,96.16,96.21,95.51,96.14,59.802,-0.60%,3355200
2009-10-22,95.38,95.83,95.33,95.67,59.510,-0.49%,2572200
2009-10-23,94.88,95.42,94.87,94.95,59.062,-0.75%,2996200
2009-10-26,94.44,94.51,93.55,93.72,58.297,-1.30%,4127400
2009-10-27,93.97,95.11,93.92,95.00,59.093,+1.37%,4476300
2009-10-28,95.14,95.80,94.96,95.45,59.373,+0.47%,4585400
2009-10-29,94.82,95.06,93.95,94.41,58.726,-1.09%,4645300
2009-10-30,95.10,96.01,94.87,95.78,59.578,+1.45%,5118000
2009-11-02,95.51,95.58,94.80,95.05,59.316,-0.76%,3463800
2009-11-03,95.28,95.36,94.00,94.10,58.723,-1.00%,4470700
2009-11-04,93.61,94.07,92.80,93.24,58.186,-0.91%,5349500
2009-11-05,92.87,93.24,92.80,93.24,58.186,0.00%,2852000
2009-11-06,93.38,93.45,92.46,93.33,58.242,+0.10%,3381100
2009-11-09,93.28,93.70,93.13,93.44,58.311,+0.12%,1697800
2009-11-10,94.05,94.10,92.91,93.27,58.205,-0.18%,2549900
2009-11-11,93.63,94.16,93.48,93.66,58.448,+0.42%,1771100
2009-11-12,93.24,93.59,92.45,93.49,58.342,-0.18%,3431300
2009-11-13,93.83,94.06,93.45,93.92,58.611,+0.46%,1594200
2009-11-16,94.65,95.45,94.52,95.02,59.297,+1.17%,5175700
2009-11-17,94.99,95.80,94.81,95.53,59.615,+0.54%,3174400
2009-11-18,95.44,95.53,94.74,94.97,59.266,-0.59%,2413600
2009-11-19,95.24,95.82,94.91,95.14,59.372,+0.18%,2969800
2009-11-20,95.00,95.37,94.59,95.12,59.359,-0.02%,4136300
2009-11-23,94.54,95.10,94.34,95.00,59.284,-0.13%,3219300
2009-11-24,95.11,95.70,94.99,95.60,59.659,+0.63%,2895200
2009-11-25,95.49,96.23,94.97,96.04,59.933,+0.46%,2789300
2009-11-27,96.40,96.56,96.09,96.40,60.158,+0.37%,2249100
2009-11-30,96.20,96.73,96.00,96.63,60.302,+0.24%,3115800
2009-12-01,95.76,95.93,95.19,95.25,59.632,-1.43%,3979100
2009-12-02,95.29,95.96,94.99,95.33,59.682,+0.08%,2193900
2009-12-03,94.43,94.84,94.24,94.34,59.062,-1.04%,3947300
2009-12-04,93.29,93.65,92.91,93.34,58.436,-1.06%,6108100
2009-12-07,93.27,93.74,93.09,93.46,58.511,+0.13%,2774200
2009-12-08,94.05,94.37,93.37,93.60,58.599,+0.15%,2378600
2009-12-09,93.69,94.05,92.68,93.17,58.330,-0.46%,3494300
2009-12-10,92.69,92.80,91.95,92.10,57.660,-1.15%,4446300
2009-12-11,91.84,92.26,91.31,92.09,57.653,-0.01%,3053400
2009-12-14,92.35,92.50,92.05,92.20,57.722,+0.12%,2380400
2009-12-15,91.57,92.00,91.49,91.79,57.466,-0.44%,2993900
2009-12-16,91.93,92.25,91.36,91.68,57.397,-0.12%,3301600
2009-12-17,92.50,93.23,92.19,93.19,58.342,+1.65%,4428900
2009-12-18,93.20,93.50,92.65,92.79,58.092,-0.43%,3789500
2009-12-21,92.06,92.20,91.14,91.14,57.059,-1.78%,3524000
2009-12-22,90.80,90.87,90.42,90.63,56.739,-0.56%,3078800
2009-12-23,90.96,91.39,90.50,90.65,56.752,+0.02%,2336000
2009-12-24,90.33,90.36,89.67,89.71,56.163,-1.04%,1698900
2009-12-28,89.46,89.63,89.30,89.46,56.007,-0.28%,3170900
2009-12-29,89.26,89.89,89.20,89.73,56.375,+0.30%,2617000
2009-12-30,89.92,90.48,89.86,90.32,56.746,+0.66%,1919100
2009-12-31,89.76,90.11,89.05,89.89,56.476,-0.48%,3242400
2010-01-04,89.84,90.10,89.58,89.81,56.425,-0.09%,2829100
2010-01-05,90.05,90.63,90.00,90.39,56.790,+0.65%,2841600
2010-01-06,90.17,90.26,89.12,89.18,56.030,-1.34%,4099600
2010-01-07,89.22,89.64,89.12,89.33,56.124,+0.17%,2793200
2010-01-08,89.51,89.56,88.76,89.29,56.099,-0.04%,2910700
2010-01-11,88.99,89.36,88.77,88.80,55.791,-0.55%,2181300
2010-01-12,90.16,90.39,89.84,90.32,56.746,+1.71%,4321200
2010-01-13,89.93,90.28,89.22,89.27,56.086,-1.16%,4755000
2010-01-14,89.69,90.52,89.54,90.52,56.872,+1.40%,4188800
2010-01-15,91.03,91.33,90.98,91.08,57.223,+0.62%,4142800
2010-01-19,90.72,91.12,90.42,90.82,57.060,-0.29%,2496000
2010-01-20,91.32,91.77,91.27,91.74,57.638,+1.01%,2800500
2010-01-21,91.55,92.39,91.46,92.16,57.902,+0.46%,4363100
2010-01-22,92.09,92.31,91.77,92.00,57.801,-0.17%,3666900
2010-01-25,91.54,91.92,91.49,91.58,57.538,-0.46%,2419500
2010-01-26,92.02,92.11,91.31,91.61,57.556,+0.03%,3138100
2010-01-27,91.75,92.09,91.37,91.56,57.525,-0.05%,3325700
2010-01-28,91.13,91.70,91.06,91.51,57.494,-0.05%,3058200
2010-01-29,91.41,92.36,91.25,92.31,57.996,+0.87%,4930600
2010-02-01,91.71,91.73,91.05,91.15,57.471,-1.26%,3598500
2010-02-02,91.18,91.45,91.04,91.41,57.635,+0.29%,3047500
2010-02-03,90.81,90.97,90.27,90.35,56.967,-1.16%,5343700
2010-02-04,90.99,91.82,90.90,91.78,57.869,+1.58%,6095000
2010-02-05,91.37,92.42,91.21,91.98,57.995,+0.22%,6875800
2010-02-08,91.87,92.15,91.65,92.10,58.070,+0.13%,3386000
2010-02-09,91.74,92.22,91.14,91.18,57.490,-1.00%,4790000
2010-02-10,91.32,91.60,90.20,90.31,56.942,-0.95%,5068000
2010-02-11,90.20,90.28,89.38,89.82,56.633,-0.54%,5087500
2010-02-12,90.31,90.42,89.95,90.19,56.866,+0.41%,2833800
2010-02-16,89.73,90.44,89.73,90.36,56.973,+0.19%,2440900
2010-02-17,89.92,90.09,89.08,89.33,56.324,-1.14%,4368200
2010-02-18,89.46,89.50,88.51,88.97,56.097,-0.40%,5121800
2010-02-19,89.24,89.51,88.90,89.45,56.400,+0.54%,3502500
2010-02-22,89.12,89.32,88.92,89.08,56.166,-0.41%,3382600
2010-02-23,89.34,90.54,89.30,90.47,57.043,+1.56%,5474500
2010-02-24,90.55,90.88,90.18,90.69,57.181,+0.24%,4423200
2010-02-25,91.18,91.29,90.90,91.20,57.503,+0.56%,3707700
2010-02-26,91.46,92.06,91.41,91.67,57.799,+0.52%,4349100
2010-03-01,91.33,91.53,90.96,91.34,57.774,-0.36%,2415200
2010-03-02,90.88,91.28,90.70,91.22,57.698,-0.13%,2260600
2010-03-03,91.01,91.08,90.70,90.99,57.552,-0.25%,2156100
2010-03-04,90.96,91.68,90.83,91.47,57.856,+0.53%,2374700
2010-03-05,90.83,90.87,90.12,90.27,57.097,-1.31%,3823200
2010-03-08,89.90,89.97,89.70,89.80,56.800,-0.52%,2850400
2010-03-09,89.98,90.00,89.40,89.82,56.812,+0.02%,2573700
2010-03-10,89.49,89.70,89.19,89.59,56.667,-0.26%,3216200
2010-03-11,89.39,90.14,89.37,89.92,56.876,+0.37%,2621000
2010-03-12,89.77,90.65,89.73,90.48,57.230,+0.62%,3099100
2010-03-15,90.35,90.47,90.05,90.36,57.154,-0.13%,1936800
2010-03-16,90.56,91.09,90.54,91.08,57.609,+0.80%,3932600
2010-03-17,91.31,91.47,91.07,91.47,57.856,+0.43%,3481200
2010-03-18,91.42,91.48,91.01,91.17,57.666,-0.33%,2750300
2010-03-19,91.26,91.58,90.87,91.26,57.723,+0.10%,2976300
2010-03-22,91.35,91.49,91.22,91.36,57.786,+0.11%,2452300
2010-03-23,91.07,91.32,90.91,90.93,57.514,-0.47%,2910000
2010-03-24,89.84,90.25,89.06,89.27,56.465,-1.83%,8049300
2010-03-25,89.13,89.24,88.37,88.70,56.104,-0.64%,8268400
2010-03-26,88.54,89.12,88.49,88.95,56.262,+0.28%,4110700
2010-03-29,88.78,88.85,88.31,88.61,56.047,-0.38%,3245100
2010-03-30,88.52,88.95,88.27,88.89,56.224,+0.32%,3254600
2010-03-31,89.22,89.52,88.95,89.50,56.610,+0.69%,4263900
2010-04-01,88.77,89.03,88.43,88.95,56.472,-0.61%,2912400
2010-04-05,87.98,88.14,87.41,87.47,55.532,-1.66%,5652000
2010-04-06,87.80,87.85,87.35,87.61,55.621,+0.16%,3584600
2010-04-07,87.45,88.92,87.30,88.73,56.332,+1.28%,6389900
2010-04-08,88.89,89.13,88.48,88.77,56.358,+0.05%,3797600
2010-04-09,88.61,89.06,88.41,88.98,56.491,+0.24%,2311300
2010-04-12,89.17,89.56,89.09,89.45,56.789,+0.53%,2939600
2010-04-13,89.89,89.95,89.52,89.74,56.973,+0.32%,3090900
2010-04-14,89.76,89.87,89.11,89.11,56.573,-0.70%,3570100
2010-04-15,88.85,89.50,88.68,89.21,56.637,+0.11%,3698000
2010-04-16,89.40,89.99,89.24,89.86,57.050,+0.73%,8303900
2010-04-19,89.87,90.03,89.52,89.64,56.910,-0.24%,3211500
2010-04-20,89.85,89.99,89.64,89.96,57.113,+0.36%,2285000
2010-04-21,90.27,90.83,90.26,90.70,57.583,+0.82%,4162200
2010-04-22,90.90,91.09,90.33,90.43,57.412,-0.30%,2841400
2010-04-23,90.21,90.36,89.87,90.11,57.208,-0.35%,4776000
2010-04-26,90.51,90.65,89.94,90.21,57.272,+0.11%,4753900
2010-04-27,90.85,91.92,90.70,91.48,58.078,+1.41%,13199200
2010-04-28,91.13,91.35,90.48,90.70,57.583,-0.85%,8379500
2010-04-29,90.86,91.22,90.52,91.08,57.824,+0.42%,4067200
2010-04-30,91.28,92.17,91.11,92.13,58.491,+1.15%,6924800
2010-05-03,91.42,92.02,91.28,91.69,58.415,-0.48%,4211800
2010-05-04,92.81,93.47,92.56,93.34,59.466,+1.80%,11054800
2010-05-05,94.06,94.85,93.35,93.89,59.816,+0.59%,12219100
2010-05-06,94.16,100.00,93.78,96.79,61.664,+3.09%,19578200
2010-05-07,95.88,98.09,95.27,95.58,60.893,-1.25%,18740600
2010-05-10,93.16,93.94,93.08,93.60,59.631,-2.07%,10240100
2010-05-11,93.98,94.02,92.99,93.36,59.479,-0.26%,7729100
2010-05-12,93.14,93.26,92.61,92.65,59.026,-0.76%,5530800
2010-05-13,93.26,93.55,92.20,93.26,59.415,+0.66%,6849700
2010-05-14,94.12,95.50,94.09,94.88,60.447,+1.74%,9796500
2010-05-17,94.72,95.71,94.47,94.53,60.224,-0.37%,6302200
2010-05-18,94.90,96.17,94.77,95.98,61.148,+1.53%,9904100
2010-05-19,95.94,96.95,95.93,96.30,61.352,+0.33%,14121200
2010-05-20,97.91,98.57,97.53,98.33,62.645,+2.11%,17666900
2010-05-21,99.61,99.75,97.86,98.43,62.709,+0.10%,18670600
2010-05-24,98.74,98.87,97.90,98.09,62.492,-0.35%,7721100
2010-05-25,99.65,99.89,98.40,98.57,62.798,+0.49%,12952700
2010-05-26,98.22,98.40,97.40,98.29,62.619,-0.28%,12644800
2010-05-27,96.83,96.99,95.88,96.06,61.199,-2.27%,7653200
2010-05-28,96.49,96.78,96.02,96.50,61.479,+0.46%,5805500
2010-06-01,97.23,97.29,96.25,96.85,61.910,+0.36%,5536200
2010-06-02,96.99,97.19,95.82,95.93,61.322,-0.95%,5656400
2010-06-03,95.21,95.91,95.10,95.23,60.874,-0.73%,8499500
2010-06-04,96.94,97.95,96.70,97.79,62.510,+2.69%,7479600
2010-06-07,97.52,98.59,97.33,98.54,62.990,+0.77%,5288200
2010-06-08,97.93,98.51,97.76,98.05,62.677,-0.50%,5510800
2010-06-09,97.60,98.12,97.21,97.94,62.606,-0.11%,5598000
2010-06-10,97.20,97.29,96.09,96.19,61.488,-1.79%,6075100
2010-06-11,97.09,97.81,96.61,97.41,62.268,+1.27%,6266700
2010-06-14,96.32,97.04,96.22,96.91,61.948,-0.51%,5310400
2010-06-15,97.11,97.25,96.05,96.51,61.692,-0.41%,4920100
2010-06-16,97.19,97.22,96.39,97.06,62.044,+0.57%,4011100
2010-06-17,97.15,98.23,97.07,97.85,62.549,+0.81%,5650900
2010-06-18,97.89,98.11,97.57,97.69,62.447,-0.16%,4171700
2010-06-21,96.46,97.55,96.41,97.41,62.268,-0.29%,5740900
2010-06-22,97.68,98.60,97.42,98.57,63.009,+1.19%,5658900
2010-06-23,98.61,99.57,98.57,99.24,63.437,+0.68%,9137800
2010-06-24,99.35,99.59,98.35,98.65,63.060,-0.59%,6184600
2010-06-25,98.32,99.33,98.16,99.05,63.316,+0.41%,5148300
2010-06-28,99.60,100.00,99.42,99.98,63.910,+0.94%,5436000
2010-06-29,100.32,101.12,100.16,101.07,64.607,+1.09%,7334200
2010-06-30,101.41,101.79,100.80,101.75,65.042,+0.67%,7205700
2010-07-01,101.57,102.66,101.38,101.60,65.144,-0.15%,12893400
2010-07-02,101.11,101.44,100.16,100.79,64.624,-0.80%,6297600
2010-07-06,100.83,101.75,100.74,101.62,65.157,+0.82%,6620400
2010-07-07,101.46,101.51,100.34,100.43,64.394,-1.17%,5727800
2010-07-08,99.82,100.16,99.55,99.79,63.983,-0.64%,6260600
2010-07-09,99.40,99.64,99.18,99.22,63.618,-0.57%,4286000
2010-07-12,99.33,99.84,99.04,99.18,63.592,-0.04%,4062100
2010-07-13,98.85,98.89,98.18,98.33,63.047,-0.86%,5842500
2010-07-14,98.72,99.49,98.39,99.32,63.682,+1.01%,5417300
2010-07-15,99.74,100.59,99.70,100.31,64.317,+1.00%,6996100
2010-07-16,100.31,101.13,100.27,100.80,64.631,+0.49%,7512400
2010-07-19,100.56,100.75,99.98,100.18,64.233,-0.62%,4305800
2010-07-20,100.67,100.90,100.18,100.33,64.330,+0.15%,5076600
2010-07-21,100.45,102.28,100.41,102.03,65.420,+1.69%,7894200
2010-07-22,101.51,101.52,100.82,100.85,64.663,-1.16%,5759700
2010-07-23,100.80,100.97,99.69,99.78,63.977,-1.06%,6259100
2010-07-26,99.63,99.81,99.00,99.61,63.868,-0.17%,4856400
2010-07-27,98.78,99.18,98.57,98.65,63.252,-0.96%,5328000
2010-07-28,98.49,99.19,98.27,98.97,63.458,+0.32%,5507200
2010-07-29,98.10,99.02,97.92,98.94,63.438,-0.03%,6305500
2010-07-30,100.20,100.61,99.85,100.48,64.426,+1.56%,7683200
2010-08-02,99.24,99.33,98.75,98.75,63.524,-1.72%,5769200
2010-08-03,99.20,99.66,98.93,99.32,63.891,+0.58%,4363500
2010-08-04,99.50,99.51,98.56,98.56,63.402,-0.77%,3820400
2010-08-05,99.34,99.49,98.84,99.02,63.698,+0.47%,3704200
2010-08-06,99.79,100.21,99.49,100.10,64.393,+1.09%,6042400
2010-08-09,99.74,99.98,99.61,99.73,64.155,-0.37%,2578500
2010-08-10,100.06,101.01,99.47,99.94,64.290,+0.21%,11251000
2010-08-11,100.31,101.39,100.31,101.28,65.152,+1.34%,6778300
2010-08-12,101.58,101.94,100.87,101.03,64.991,-0.25%,7590100
2010-08-13,101.62,102.45,101.48,102.29,65.802,+1.25%,7843600
2010-08-16,104.21,104.89,104.07,104.85,67.449,+2.50%,7976200
2010-08-17,104.85,104.86,104.00,104.25,67.063,-0.57%,6756800
2010-08-18,105.00,105.65,104.49,104.53,67.243,+0.27%,7721600
2010-08-19,104.79,106.61,104.64,106.16,68.291,+1.56%,13128500
2010-08-20,106.41,106.83,105.84,106.04,68.214,-0.11%,7040300
2010-08-23,105.65,106.19,105.25,106.06,68.227,+0.02%,6360100
2010-08-24,107.04,108.13,106.67,107.76,69.320,+1.60%,9812100
2010-08-25,108.80,109.34,107.07,107.41,69.095,-0.32%,13299800
2010-08-26,107.56,108.49,107.29,108.42,69.745,+0.94%,7039900
2010-08-27,107.77,108.33,105.20,105.35,67.770,-2.83%,13514000
2010-08-30,106.21,107.40,105.82,107.37,69.067,+1.92%,5535300
2010-08-31,108.22,108.65,107.62,108.56,69.835,+1.11%,8397000
2010-09-01,107.02,107.05,105.09,106.00,68.396,-2.36%,12480700
2010-09-02,105.20,105.30,104.40,104.88,67.673,-1.06%,8167600
2010-09-03,102.72,103.94,102.70,103.58,66.834,-1.24%,9210700
2010-09-07,105.09,105.78,104.81,105.70,68.202,+2.05%,6018400
2010-09-08,105.09,105.21,104.36,104.86,67.660,-0.79%,6698400
2010-09-09,103.70,103.84,102.64,102.79,66.324,-1.97%,8588900
2010-09-10,102.25,102.70,101.85,102.32,66.021,-0.46%,6910300
2010-09-13,101.80,103.05,101.77,102.83,66.347,+0.50%,7054800
2010-09-14,103.03,103.82,102.97,103.81,66.983,+0.95%,5978100
2010-09-15,102.75,103.26,102.14,102.27,65.989,-1.48%,7919100
2010-09-16,101.53,101.82,100.85,101.26,65.337,-0.99%,17116200
2010-09-17,101.83,102.16,101.32,101.67,65.602,+0.40%,9203600
2010-09-20,102.15,102.45,101.69,102.26,65.982,+0.58%,5277800
2010-09-21,102.67,104.02,102.26,103.68,66.899,+1.39%,12664000
2010-09-22,104.55,105.07,103.85,104.61,67.499,+0.90%,8229400
2010-09-23,105.41,105.45,104.24,104.91,67.694,+0.29%,7412200
2010-09-24,103.96,104.11,103.50,103.50,66.782,-1.34%,8942500
2010-09-27,104.53,105.44,104.48,105.30,67.944,+1.74%,7061600
2010-09-28,105.38,106.32,105.34,106.02,68.408,+0.68%,8262900
2010-09-29,106.17,106.27,105.35,105.58,68.125,-0.42%,5507100
2010-09-30,105.40,105.58,104.03,105.51,68.079,-0.07%,10618400
2010-10-01,104.23,105.14,103.98,104.61,67.752,-0.85%,9368400
2010-10-04,104.62,104.93,104.41,104.88,67.927,+0.26%,4422700
2010-10-05,104.73,104.81,103.93,104.25,67.519,-0.60%,8491800
2010-10-06,104.90,106.10,104.86,105.56,68.367,+1.26%,6476100
2010-10-07,105.17,105.38,104.67,104.68,67.797,-0.83%,5780700
2010-10-08,104.87,105.46,104.22,104.22,67.499,-0.44%,6128700
2010-10-11,104.11,104.43,103.94,104.24,67.512,+0.02%,1474200
2010-10-12,104.41,104.76,103.18,103.21,66.845,-0.99%,6122400
2010-10-13,102.35,103.12,102.04,103.05,66.741,-0.16%,8168400
2010-10-14,103.29,103.65,101.47,101.51,65.743,-1.49%,10945000
2010-10-15,100.60,101.05,99.89,100.27,64.941,-1.22%,12694700
2010-10-18,101.20,101.45,100.78,101.08,65.466,+0.81%,5592200
2010-10-19,100.58,102.09,100.55,101.69,65.861,+0.60%,8017500
2010-10-20,101.37,102.28,101.21,101.91,66.003,+0.22%,5515800
2010-10-21,101.69,101.91,100.69,100.70,65.219,-1.19%,6836100
2010-10-22,100.44,101.47,100.41,101.38,65.660,+0.68%,4770700
2010-10-25,102.12,102.29,101.55,101.67,65.848,+0.29%,5632300
2010-10-26,100.86,101.06,100.05,100.10,64.831,-1.54%,8432000
2010-10-27,99.68,100.17,99.22,99.22,64.261,-0.88%,9245200
2010-10-28,99.58,99.83,99.16,99.49,64.436,+0.27%,8052600
2010-10-29,99.82,100.46,99.62,100.42,65.038,+0.93%,6753800
2010-11-01,100.80,100.81,99.49,99.67,64.759,-0.75%,5921000
2010-11-02,100.46,101.09,100.42,100.98,65.610,+1.31%,6537400
2010-11-03,101.73,102.27,98.43,98.92,64.272,-2.04%,25541800
2010-11-04,99.17,99.87,99.08,99.69,64.772,+0.78%,13246500
2010-11-05,98.35,98.80,97.98,97.98,63.661,-1.72%,12435000
2010-11-08,98.59,98.92,97.82,98.42,63.947,+0.45%,6795200
2010-11-09,98.49,98.52,96.19,96.25,62.537,-2.20%,15061700
2010-11-10,96.35,96.74,95.00,96.38,62.622,+0.14%,18540400
2010-11-11,96.45,96.63,96.14,96.33,62.589,-0.05%,3368100
2010-11-12,96.21,96.74,95.81,95.81,62.251,-0.54%,11739500
2010-11-15,95.33,95.72,93.81,93.81,60.952,-2.09%,14978700
2010-11-16,94.91,96.25,93.99,96.14,62.464,+2.48%,19901300
2010-11-17,95.80,96.76,95.34,95.61,62.121,-0.55%,9915600
2010-11-18,95.68,96.00,94.80,96.00,62.375,+0.41%,12424800
2010-11-19,96.09,96.59,95.79,96.59,62.758,+0.61%,8359500
2010-11-22,97.37,97.62,96.24,97.00,63.024,+0.42%,10413500
2010-11-23,97.67,97.95,97.24,97.48,63.336,+0.49%,9566900
2010-11-24,96.81,96.99,95.58,95.74,62.206,-1.78%,11467600
2010-11-26,96.72,97.12,96.55,97.07,63.070,+1.39%,4848900
2010-11-29,97.56,97.94,97.09,97.90,63.609,+0.86%,8950000
2010-11-30,99.21,99.27,98.11,98.41,63.941,+0.52%,11947600
2010-12-01,96.65,97.11,95.89,95.89,62.527,-2.56%,15441200
2010-12-02,95.96,96.54,95.53,95.64,62.361,-0.26%,9318700
2010-12-03,96.28,96.33,94.85,94.89,61.872,-0.78%,10194800
2010-12-06,95.52,96.25,95.31,96.23,62.746,+1.41%,7001800
2010-12-07,94.72,94.92,93.16,94.17,61.402,-2.14%,18533100
2010-12-08,93.72,93.80,92.11,93.26,60.809,-0.97%,19275900
2010-12-09,93.60,94.27,92.73,93.72,61.109,+0.49%,17477100
2010-12-10,93.29,93.86,93.14,93.15,60.737,-0.61%,7078500
2010-12-13,93.05,94.03,92.56,93.50,60.966,+0.38%,12399900
2010-12-14,92.40,93.02,91.44,92.14,60.076,-1.45%,23516400
2010-12-15,92.08,92.24,90.47,90.94,59.296,-1.30%,26084000
2010-12-16,91.03,91.58,90.57,91.57,59.707,+0.69%,17939000
2010-12-17,91.88,93.77,91.86,93.24,60.796,+1.82%,16849700
2010-12-20,93.75,94.23,92.64,93.14,60.731,-0.11%,13703500
2010-12-21,93.13,93.79,92.49,93.79,61.155,+0.70%,8985100
2010-12-22,93.47,93.55,92.93,93.12,60.718,-0.71%,6440900
2010-12-23,93.18,93.23,92.53,92.93,60.594,-0.20%,7091800
2010-12-27,92.76,93.88,92.30,93.76,61.135,+0.89%,5285900
2010-12-28,92.93,93.07,91.31,91.61,59.942,-2.29%,13972100
2010-12-29,91.76,93.52,91.47,93.16,60.956,+1.69%,13115400
2010-12-30,92.88,93.28,92.41,93.09,60.911,-0.08%,7029900
2010-12-31,93.51,94.70,93.44,94.12,61.584,+1.11%,8516000
2011-01-03,93.20,94.31,92.95,93.41,61.120,-0.75%,13799400
2011-01-04,93.41,93.77,92.91,93.52,61.192,+0.12%,10466900
2011-01-05,92.49,92.69,91.19,91.46,59.844,-2.20%,17568000
2011-01-06,91.54,92.12,91.16,91.86,60.106,+0.44%,9317500
2011-01-07,91.51,92.63,91.03,92.35,60.426,+0.53%,12694600
2011-01-10,92.58,92.99,92.18,92.85,60.754,+0.54%,8295200
2011-01-11,92.49,92.60,91.69,92.33,60.413,-0.56%,9495400
2011-01-12,91.74,92.17,91.45,91.61,59.942,-0.78%,9522900
2011-01-13,91.62,92.77,91.45,92.43,60.479,+0.90%,14502400
2011-01-14,92.78,92.90,91.76,91.83,60.089,-0.65%,8960700
2011-01-18,91.29,91.71,90.73,91.41,59.811,-0.46%,10663600
2011-01-19,91.41,92.07,91.36,92.07,60.243,+0.72%,8886900
2011-01-20,91.50,91.61,90.39,90.80,59.412,-1.38%,14203400
2011-01-21,90.69,91.52,90.51,91.52,59.883,+0.79%,9085600
2011-01-24,91.87,91.90,91.38,91.56,59.909,+0.04%,7700200
2011-01-25,91.94,92.90,91.32,92.43,60.479,+0.95%,13438100
2011-01-26,92.22,92.26,90.89,91.03,59.563,-1.51%,13322900
2011-01-27,91.07,91.65,90.67,91.44,59.831,+0.45%,10868700
2011-01-28,90.81,92.28,90.77,91.92,60.145,+0.52%,11993200
2011-01-31,91.66,91.98,91.05,91.22,59.687,-0.76%,8647600
2011-02-01,90.55,90.84,90.14,90.45,59.392,-0.84%,11508400
2011-02-02,90.90,91.00,89.90,90.47,59.406,+0.02%,13624600
2011-02-03,89.96,90.57,89.71,89.72,58.913,-0.83%,12785800
2011-02-04,89.50,89.65,88.77,88.81,58.316,-1.01%,17172200
2011-02-07,88.70,89.30,88.57,89.27,58.618,+0.52%,8554800
2011-02-08,89.31,89.54,88.36,88.45,58.079,-0.92%,10454200
2011-02-09,88.69,89.66,88.14,89.22,58.585,+0.87%,13078600
2011-02-10,88.90,89.14,88.18,88.19,57.909,-1.15%,10486800
2011-02-11,89.03,89.53,88.74,89.46,58.742,+1.44%,11333400
2011-02-14,89.31,89.93,89.31,89.52,58.782,+0.07%,8033500
2011-02-15,89.56,89.97,89.37,89.92,59.044,+0.45%,7298000
2011-02-16,89.87,90.32,89.34,89.63,58.854,-0.32%,8446300
2011-02-17,90.02,90.18,89.66,89.77,58.946,+0.16%,6732500
2011-02-18,89.42,89.55,89.08,89.49,58.762,-0.31%,6080700
2011-02-22,89.91,90.94,89.71,90.83,59.642,+1.50%,11905700
2011-02-23,91.10,91.55,90.74,91.16,59.859,+0.36%,14522600
2011-02-24,91.63,92.04,91.44,91.74,60.240,+0.64%,12110900
2011-02-25,91.74,92.28,91.64,92.28,60.594,+0.59%,6841700
2011-02-28,92.30,92.52,92.08,92.40,60.673,+0.13%,9682500
2011-03-01,91.52,92.40,91.47,92.37,60.848,-0.03%,8048700
2011-03-02,91.84,91.99,90.94,90.95,59.913,-1.54%,8526400
2011-03-03,90.53,90.78,89.98,90.06,59.326,-0.98%,10607600
2011-03-04,90.10,90.85,90.00,90.81,59.821,+0.83%,9316200
2011-03-07,90.02,90.86,89.85,90.23,59.438,-0.64%,7522300
2011-03-08,90.11,90.34,89.65,89.68,59.076,-0.61%,8498700
2011-03-09,90.09,90.82,89.85,90.55,59.649,+0.97%,8904800
2011-03-10,90.87,92.10,90.64,92.08,60.654,+1.69%,13385800
2011-03-11,92.04,92.08,91.33,91.55,60.308,-0.58%,8407600
2011-03-14,91.48,91.92,91.32,91.51,60.282,-0.04%,6765200
2011-03-15,92.80,93.05,92.36,92.88,61.184,+1.50%,14893800
2011-03-16,93.37,94.94,93.08,93.93,61.876,+1.13%,24294200
2011-03-17,93.24,93.61,92.76,93.21,61.402,-0.77%,10528500
2011-03-18,92.75,93.48,92.69,93.46,61.566,+0.27%,7260900
2011-03-21,93.13,93.18,92.57,92.91,61.204,-0.59%,10542900
2011-03-22,92.81,93.29,92.74,93.22,61.408,+0.33%,6904700
2011-03-23,93.85,93.88,92.93,93.10,61.329,-0.13%,8358000
2011-03-24,92.76,92.88,92.39,92.40,60.868,-0.75%,9477600
2011-03-25,92.86,92.96,92.02,92.17,60.716,-0.25%,6447200
2011-03-28,92.12,92.67,92.00,92.30,60.802,+0.14%,3996800
2011-03-29,91.98,92.50,91.57,91.59,60.334,-0.77%,6487200
2011-03-30,91.72,92.32,91.56,92.32,60.815,+0.80%,5048300
2011-03-31,92.67,92.72,91.61,92.13,60.690,-0.21%,9654300
2011-04-01,91.50,92.27,91.42,92.19,60.984,+0.07%,7860400
2011-04-04,92.20,92.58,92.13,92.29,61.050,+0.11%,4469100
2011-04-05,92.16,92.38,91.67,91.92,60.805,-0.40%,9951600
2011-04-06,91.77,91.79,90.54,90.54,59.892,-1.50%,9090900
2011-04-07,90.53,90.76,90.13,90.36,59.773,-0.20%,9265100
2011-04-08,89.93,90.32,89.85,89.88,59.456,-0.53%,7605700
2011-04-11,89.83,90.22,89.65,89.96,59.509,+0.09%,5734000
2011-04-12,90.61,91.24,90.56,90.93,60.150,+1.08%,7686500
2011-04-13,90.54,91.50,90.44,91.50,60.527,+0.63%,7959300
2011-04-14,91.54,91.77,91.22,91.43,60.481,-0.08%,7609600
2011-04-15,92.26,92.71,92.07,92.67,61.301,+1.36%,10222900
2011-04-18,91.99,93.10,91.45,92.88,61.440,+0.23%,12036700
2011-04-19,92.86,93.28,92.76,93.28,61.705,+0.43%,5295100
2011-04-20,93.07,93.26,92.61,92.68,61.308,-0.64%,6754100
2011-04-21,92.89,93.23,92.56,92.60,61.255,-0.09%,3365600
2011-04-25,92.63,92.97,92.50,92.95,61.487,+0.38%,3626900
2011-04-26,93.27,93.87,93.18,93.85,62.082,+0.97%,7506300
2011-04-27,93.44,93.57,92.75,92.89,61.447,-1.02%,8869300
2011-04-28,93.22,93.60,92.97,93.60,61.916,+0.76%,8110200
2011-04-29,93.47,93.92,93.35,93.89,62.108,+0.31%,5900000
2011-05-02,93.32,93.68,93.17,93.64,62.208,-0.27%,5285100
2011-05-03,93.96,94.17,93.58,94.17,62.560,+0.57%,6486600
2011-05-04,94.31,94.72,94.27,94.59,62.839,+0.45%,7406300
2011-05-05,94.92,95.63,94.81,95.49,63.437,+0.95%,9600000
2011-05-06,94.51,95.49,94.35,95.07,63.158,-0.44%,9451500
2011-05-09,94.90,95.20,94.84,94.97,63.091,-0.11%,3731200
2011-05-10,94.70,94.89,94.29,94.29,62.639,-0.72%,5458300
2011-05-11,94.32,95.09,94.18,94.83,62.998,+0.57%,6078700
2011-05-12,94.95,95.11,93.91,94.23,62.600,-0.63%,8015800
2011-05-13,94.65,95.49,94.53,95.08,63.164,+0.90%,8380000
2011-05-16,95.03,95.79,94.76,95.61,63.516,+0.56%,6053600
2011-05-17,96.03,96.60,95.98,96.59,64.167,+1.02%,9826900
2011-05-18,96.27,96.39,95.28,95.31,63.317,-1.33%,7707600
2011-05-19,94.46,95.32,94.46,95.27,63.290,-0.04%,8052400
2011-05-20,95.02,95.41,94.72,95.32,63.324,+0.05%,5602300
2011-05-23,95.73,96.19,95.59,95.78,63.629,+0.48%,6300000
2011-05-24,95.64,96.14,95.46,96.14,63.868,+0.38%,5549100
2011-05-25,96.15,96.28,95.54,95.69,63.569,-0.47%,5664500
2011-05-26,95.97,96.55,95.89,96.51,64.114,+0.86%,8307900
2011-05-27,96.13,96.51,95.88,96.47,64.088,-0.04%,5390600
2011-05-31,96.18,96.76,96.09,96.69,64.234,+0.23%,7003900
2011-06-01,96.92,97.72,96.89,97.64,65.099,+0.98%,12746400
2011-06-02,96.49,96.91,95.78,95.78,63.859,-1.90%,15738700
2011-06-03,96.58,96.60,95.57,96.33,64.225,+0.57%,10644100
2011-06-06,95.47,95.99,95.21,95.60,63.739,-0.76%,8776900
2011-06-07,95.23,96.06,95.12,96.04,64.032,+0.46%,7399200
2011-06-08,96.26,96.84,96.17,96.79,64.532,+0.78%,7401800
2011-06-09,97.10,97.33,95.93,96.40,64.272,-0.40%,9963000
2011-06-10,96.91,97.39,96.80,97.14,64.765,+0.77%,7710800
2011-06-13,96.74,97.29,96.64,96.65,64.439,-0.50%,5540000
2011-06-14,95.74,95.90,95.13,95.19,63.465,-1.51%,8672400
2011-06-15,95.38,96.94,95.37,96.92,64.619,+1.82%,12979100
2011-06-16,97.10,97.53,96.80,97.36,64.912,+0.45%,10961200
2011-06-17,96.86,97.15,96.64,96.90,64.605,-0.47%,9622900
2011-06-20,97.33,97.36,96.58,97.02,64.685,+0.12%,6613800
2011-06-21,96.70,97.03,96.27,96.59,64.399,-0.44%,7894900
2011-06-22,96.96,97.06,96.41,96.65,64.439,+0.06%,5503700
2011-06-23,97.24,97.74,97.15,97.39,64.932,+0.77%,8587584
2011-06-24,97.36,97.69,96.98,96.98,64.659,-0.42%,7960827
2011-06-27,96.85,96.87,95.55,95.65,63.772,-1.37%,9331299
2011-06-28,95.48,95.68,94.72,94.88,63.259,-0.81%,12634249
2011-06-29,94.95,95.20,94.02,94.25,62.839,-0.66%,11084827
2011-06-30,94.23,94.31,93.14,94.10,62.739,-0.16%,11555558
2011-07-01,94.13,94.23,93.36,93.63,62.638,-0.50%,6637186
2011-07-05,94.04,94.17,93.69,93.84,62.779,+0.22%,4615555
2011-07-06,94.19,94.45,93.84,94.32,63.100,+0.51%,5652608
2011-07-07,93.83,94.14,93.55,94.04,62.913,-0.30%,6823639
2011-07-08,94.84,95.61,94.83,95.37,63.802,+1.41%,12129235
2011-07-11,96.04,96.80,95.75,96.80,64.759,+1.50%,9760755
2011-07-12,97.30,97.31,96.56,97.13,64.980,+0.34%,9083869
2011-07-13,96.71,97.43,96.11,97.40,65.160,+0.28%,13112006
2011-07-14,96.62,97.90,96.01,96.01,64.231,-1.43%,11471407
2011-07-15,95.29,96.20,95.24,96.17,64.338,+0.17%,7086625
2011-07-18,96.06,96.17,95.20,95.24,63.715,-0.97%,8206444
2011-07-19,95.32,97.27,95.17,97.22,65.040,+2.08%,15249165
2011-07-20,96.72,96.84,95.87,96.07,64.271,-1.18%,9647264
2011-07-21,95.24,95.86,94.90,95.33,63.776,-0.77%,11099702
2011-07-22,95.69,96.09,95.53,96.05,64.257,+0.76%,4974442
2011-07-25,94.97,96.05,94.83,95.00,63.555,-1.09%,10869156
2011-07-26,95.30,95.87,95.24,95.65,63.990,+0.68%,7682708
2011-07-27,95.34,95.84,95.10,95.66,63.996,+0.01%,11221720
2011-07-28,96.11,96.31,95.71,96.02,64.237,+0.38%,7081515
2011-07-29,96.89,98.53,96.78,97.92,65.508,+1.98%,19582350
2011-08-01,97.39,98.94,97.35,98.58,66.167,+0.67%,14348108
2011-08-02,99.22,101.57,98.89,101.54,68.154,+3.00%,20829783
2011-08-03,101.57,103.42,101.36,101.74,68.288,+0.20%,21179847
2011-08-04,102.38,105.55,102.27,105.36,70.718,+3.56%,34070830
2011-08-05,103.44,105.50,102.28,102.32,68.678,-2.89%,41677674
2011-08-08,103.18,105.79,102.95,105.55,70.846,+3.16%,38259186
2011-08-09,105.01,109.37,103.00,105.87,71.060,+0.30%,39881326
2011-08-10,107.63,109.07,106.94,109.02,73.175,+2.98%,46220942
2011-08-11,107.34,107.81,103.20,103.52,69.483,-5.04%,37790047
2011-08-12,104.44,105.66,104.07,105.57,70.859,+1.98%,15590705
2011-08-15,104.94,105.48,104.47,104.50,70.141,-1.01%,10051650
2011-08-16,104.66,106.64,104.63,106.23,71.302,+1.66%,15993120
2011-08-17,106.32,108.10,105.77,108.09,72.551,+1.75%,15906442
2011-08-18,110.09,112.14,109.28,110.31,74.041,+2.05%,27274526
2011-08-19,110.65,111.41,110.23,111.20,74.638,+0.81%,15708210
2011-08-22,110.46,111.26,110.39,110.92,74.450,-0.25%,13157693
2011-08-23,109.76,111.17,109.35,109.39,73.423,-1.38%,16017695
2011-08-24,109.29,109.41,106.15,106.28,71.336,-2.84%,14621594
2011-08-25,106.69,107.90,106.36,107.43,72.108,+1.08%,10565894
2011-08-26,108.69,109.27,107.33,108.49,72.819,+0.99%,11504781
2011-08-29,106.70,107.40,106.60,106.99,71.812,-1.38%,6764296
2011-08-30,108.43,109.15,108.25,108.71,72.967,+1.61%,9508630
2011-08-31,108.81,108.96,107.03,107.03,71.839,-1.55%,12185520
2011-09-01,107.47,108.98,106.08,108.97,73.358,+1.81%,10686517
2011-09-02,111.39,112.58,110.66,112.51,75.741,+3.25%,16557008
2011-09-06,114.42,114.93,113.39,113.68,76.528,+1.04%,14016833
2011-09-07,112.28,112.37,111.31,111.51,75.068,-1.91%,11524280
2011-09-08,112.30,112.63,111.34,112.51,75.741,+0.90%,11480686
2011-09-09,112.54,114.18,112.21,113.71,76.549,+1.07%,11492630
2011-09-12,113.57,114.25,113.10,113.83,76.629,+0.11%,7602169
2011-09-13,113.40,113.59,112.11,112.21,75.539,-1.42%,9281860
2011-09-14,111.97,113.35,111.82,113.16,76.178,+0.85%,11948411
2011-09-15,111.98,112.49,111.43,111.43,75.014,-1.53%,8883789
2011-09-16,111.31,112.59,111.25,112.24,75.559,+0.73%,10053417
2011-09-19,114.20,115.19,114.12,114.38,77.000,+1.91%,13033466
2011-09-20,114.37,114.87,114.05,114.86,77.323,+0.42%,6360590
2011-09-21,114.63,118.79,114.20,118.66,79.881,+3.31%,18687066
2011-09-22,121.41,123.87,121.23,123.12,82.883,+3.76%,25041354
2011-09-23,123.12,123.36,120.83,120.83,81.342,-1.86%,15173514
2011-09-26,120.12,120.57,118.58,118.89,80.036,-1.61%,15110036
2011-09-27,116.75,117.30,116.26,117.07,78.810,-1.53%,13589514
2011-09-28,116.90,117.11,115.76,117.03,78.784,-0.03%,12642547
2011-09-29,117.61,118.82,117.09,117.84,79.329,+0.69%,12341797
2011-09-30,120.02,120.91,118.99,120.80,81.322,+2.51%,13546346
2011-10-03,121.88,123.81,121.11,123.81,83.554,+2.49%,15881373
2011-10-04,124.37,125.03,122.18,122.24,82.494,-1.27%,17300664
2011-10-05,121.66,121.78,120.66,121.36,81.900,-0.72%,14274932
2011-10-06,120.64,121.01,119.12,119.12,80.389,-1.85%,9681503
2011-10-07,117.75,119.05,116.85,118.24,79.795,-0.74%,11564527
2011-10-10,116.82,116.91,115.80,116.57,78.668,-1.41%,3567530
2011-10-11,117.29,117.36,115.90,116.18,78.405,-0.33%,7520113
2011-10-12,114.70,115.12,113.48,114.49,77.264,-1.45%,14033398
2011-10-13,115.03,116.55,114.96,115.63,78.033,+1.00%,11263300
2011-10-14,113.88,114.61,113.61,113.95,76.900,-1.45%,8410961
2011-10-17,114.30,115.97,114.22,115.92,78.229,+1.73%,9663340
2011-10-18,116.14,116.82,114.30,115.20,77.743,-0.62%,12495570
2011-10-19,114.54,115.74,114.16,115.16,77.716,-0.03%,6629256
2011-10-20,114.46,115.67,114.07,114.34,77.163,-0.71%,7832019
2011-10-21,113.86,114.20,113.13,113.13,76.346,-1.06%,9906282
2011-10-24,113.93,114.08,113.05,113.32,76.475,+0.17%,6344484
2011-10-25,113.38,116.35,113.35,116.20,78.418,+2.54%,11790858
2011-10-26,115.39,116.21,114.07,114.17,77.048,-1.75%,12746720
2011-10-27,112.52,112.85,109.82,110.30,74.436,-3.39%,19474500
2011-10-28,110.90,111.96,110.76,111.46,75.219,+1.05%,10127838
2011-10-31,113.61,115.88,113.46,115.88,78.202,+3.97%,15241943
2011-11-01,118.71,119.49,117.17,119.45,80.813,+3.08%,24400580
2011-11-02,116.63,118.36,116.42,117.96,79.805,-1.25%,13180085
2011-11-03,116.34,117.35,115.99,116.34,78.709,-1.37%,8386003
2011-11-04,115.72,117.05,115.53,116.48,78.804,+0.12%,7583667
2011-11-07,116.64,118.35,116.32,117.22,79.305,+0.64%,9279368
2011-11-08,116.75,117.54,115.50,115.72,78.290,-1.28%,7539364
2011-11-09,118.26,119.13,117.07,118.12,79.914,+2.07%,13004493
2011-11-10,116.78,117.61,115.21,116.36,78.723,-1.49%,11644596
2011-11-11,115.83,116.17,115.50,115.65,78.243,-0.61%,2483889
2011-11-14,116.39,117.60,116.21,117.51,79.501,+1.61%,9252519
2011-11-15,117.70,118.46,116.72,117.35,79.393,-0.14%,7587448
2011-11-16,117.96,118.43,117.18,118.42,80.117,+0.91%,7469974
2011-11-17,118.04,120.16,118.04,119.37,80.759,+0.80%,9907881
2011-11-18,119.18,119.55,118.32,119.34,80.739,-0.03%,6792530
2011-11-21,120.38,120.73,119.91,120.05,81.219,+0.59%,7345539
2011-11-22,120.35,121.41,119.85,121.39,82.126,+1.12%,7866299
2011-11-23,121.16,123.05,121.03,122.58,82.931,+0.98%,10129292
2011-11-25,121.80,121.87,120.74,120.80,81.727,-1.45%,4311861
2011-11-28,118.63,121.15,118.58,120.74,81.686,-0.05%,7660673
2011-11-29,120.03,120.92,119.08,119.75,81.016,-0.82%,8952729
2011-11-30,118.34,118.56,117.26,117.88,79.751,-1.56%,11806772
2011-12-01,116.29,117.24,115.80,117.00,79.352,-0.75%,9647137
2011-12-02,116.62,118.68,116.56,118.64,80.464,+1.40%,7764842
2011-12-05,117.00,118.83,116.88,118.40,80.302,-0.20%,7862774
2011-12-06,117.81,118.29,116.77,117.27,79.535,-0.95%,8496663
2011-12-07,117.33,118.24,116.85,117.69,79.820,+0.36%,6588269
2011-12-08,117.72,119.33,117.41,119.16,80.817,+1.25%,8800333
2011-12-09,119.07,119.13,116.63,116.71,79.155,-2.06%,9855072
2011-12-12,117.91,118.49,117.61,118.01,80.037,+1.11%,5734340
2011-12-13,117.28,119.63,117.16,119.11,80.783,+0.93%,8896178
2011-12-14,119.79,121.39,119.49,121.36,82.309,+1.89%,11247671
2011-12-15,120.66,121.32,120.37,120.91,82.004,-0.37%,5438609
2011-12-16,121.38,122.62,121.29,122.32,82.960,+1.17%,9321865
2011-12-19,122.32,124.02,122.26,123.87,84.011,+1.27%,7845061
2011-12-20,122.66,122.67,120.61,120.78,81.916,-2.49%,13944703
2011-12-21,120.63,120.83,119.07,119.10,80.776,-1.39%,11600084
2011-12-22,120.00,120.42,119.35,119.60,81.115,+0.42%,5247376
2011-12-23,118.56,118.71,117.74,118.27,80.213,-1.11%,5409603
2011-12-27,117.94,118.45,117.62,118.45,80.593,+0.15%,4270259
2011-12-28,118.74,121.05,118.45,120.64,82.083,+1.85%,8301924
2011-12-29,120.48,121.09,120.06,120.86,82.233,+0.18%,4304960
2011-12-30,121.11,121.76,120.89,121.25,82.498,+0.32%,5948796
2012-01-03,119.42,120.20,118.93,119.43,81.260,-1.50%,9076885
2012-01-04,119.26,119.28,117.68,118.01,80.294,-1.19%,8417068
2012-01-05,118.17,119.10,117.57,117.80,80.151,-0.18%,6465775
2012-01-06,117.75,118.96,117.71,118.73,80.784,+0.79%,7348338
2012-01-09,118.47,119.54,118.30,118.52,80.641,-0.18%,5580980
2012-01-10,117.73,118.87,117.68,118.32,80.505,-0.17%,8932484
2012-01-11,119.04,120.06,118.98,119.86,81.552,+1.30%,8634306
2012-01-12,119.95,120.19,119.24,119.69,81.437,-0.14%,7205319
2012-01-13,121.10,121.64,120.81,120.88,82.246,+0.99%,9818711
2012-01-17,120.95,121.63,120.83,121.44,82.627,+0.46%,5449836
2012-01-18,121.53,121.61,119.91,119.97,81.627,-1.21%,5803675
2012-01-19,119.33,119.56,117.92,118.32,80.505,-1.38%,8625694
2012-01-20,117.71,117.96,116.97,116.98,79.593,-1.13%,6548162
2012-01-23,116.13,116.64,115.55,116.24,79.089,-0.63%,7274802
2012-01-24,116.71,116.71,115.78,116.45,79.232,+0.18%,5776452
2012-01-25,116.06,118.53,115.89,116.17,79.042,-0.24%,12867095
2012-01-26,116.65,117.71,116.59,117.71,80.090,+1.33%,7638469
2012-01-27,117.83,118.33,117.01,118.08,80.341,+0.31%,5165261
2012-01-30,119.84,120.39,119.34,119.47,81.287,+1.18%,8388363
2012-01-31,119.26,120.91,119.19,120.85,82.226,+1.16%,7998257
2012-02-01,119.75,119.90,118.81,119.18,81.286,-1.38%,7925120
2012-02-02,118.96,119.48,118.64,119.13,81.252,-0.04%,5596854
2012-02-03,116.46,116.80,115.97,116.57,79.506,-2.15%,12467360
2012-02-06,116.69,117.80,116.34,117.73,80.297,+1.00%,6180544
2012-02-07,116.62,116.88,115.77,116.27,79.301,-1.24%,8790501
2012-02-08,116.20,116.79,115.98,116.36,79.363,+0.08%,7612897
2012-02-09,115.86,116.04,114.62,115.49,78.769,-0.75%,11476886
2012-02-10,116.80,117.33,116.52,116.99,79.793,+1.30%,7193085
2012-02-13,116.60,117.37,116.43,117.14,79.895,+0.13%,6422849
2012-02-14,117.44,118.28,117.23,117.76,80.318,+0.53%,8270710
2012-02-15,117.66,118.27,117.49,117.55,80.175,-0.18%,6846076
2012-02-16,117.27,117.60,116.13,116.61,79.533,-0.80%,9036124
2012-02-17,115.86,116.61,115.76,116.58,79.513,-0.03%,6337946
2012-02-21,115.77,115.92,114.95,115.29,78.633,-1.11%,8331967
2012-02-22,115.89,116.76,115.81,116.74,79.622,+1.26%,7735910
2012-02-23,116.14,117.22,115.93,116.74,79.622,0.00%,5163865
2012-02-24,117.23,117.58,116.95,117.50,80.140,+0.65%,5676829
2012-02-27,118.50,118.85,118.12,118.54,80.850,+0.89%,8180753
2012-02-28,118.87,119.14,117.94,118.15,80.584,-0.33%,6615652
2012-02-29,118.37,118.42,116.96,117.43,80.093,-0.61%,14234959
2012-03-01,116.17,116.68,115.54,116.06,79.340,-1.17%,12265622
2012-03-02,116.60,117.48,116.55,117.15,80.085,+0.94%,6669512
2012-03-05,116.96,117.44,116.22,116.22,79.450,-0.79%,6921898
2012-03-06,117.45,118.11,117.44,117.63,80.413,+1.21%,6299634
2012-03-07,117.46,117.61,116.81,116.91,79.921,-0.61%,5567472
2012-03-08,116.32,116.57,115.64,115.74,79.121,-1.00%,7982019
2012-03-09,115.49,115.99,114.90,115.97,79.279,+0.20%,6975597
2012-03-12,116.32,116.52,115.87,115.95,79.265,-0.02%,5279971
2012-03-13,115.27,115.41,113.89,113.91,77.870,-1.76%,14414038
2012-03-14,112.70,112.75,110.95,111.04,75.908,-2.52%,24515009
2012-03-15,110.90,111.74,110.88,111.21,76.025,+0.15%,14153606
2012-03-16,110.50,111.44,110.20,111.43,76.175,+0.20%,13427151
2012-03-19,111.36,111.48,109.69,110.10,75.266,-1.19%,14011232
2012-03-20,110.43,110.87,109.85,110.54,75.567,+0.40%,9443784
2012-03-21,110.86,111.89,110.81,111.79,76.421,+1.13%,10241629
2012-03-22,112.29,112.37,111.87,112.15,76.667,+0.32%,8009786
2012-03-23,112.69,113.39,112.66,113.21,77.392,+0.95%,8461242
2012-03-26,112.83,113.01,111.80,112.63,76.995,-0.51%,8118600
2012-03-27,112.78,113.70,112.70,113.44,77.549,+0.72%,6972257
2012-03-28,112.92,113.94,112.85,113.28,77.440,-0.14%,7885895
2012-03-29,114.02,114.19,113.58,114.13,78.021,+0.75%,7692776
2012-03-30,114.21,114.27,112.19,112.20,76.701,-1.69%,9467448
2012-04-02,113.00,113.30,112.20,112.53,77.125,+0.29%,8944053
2012-04-03,113.01,113.44,110.57,110.58,75.789,-1.73%,14774279
2012-04-04,111.77,112.12,111.41,112.10,76.831,+1.37%,10095599
2012-04-05,113.00,113.07,112.33,112.91,77.386,+0.72%,6364087
2012-04-09,115.54,115.77,115.24,115.55,79.195,+2.34%,14374511
2012-04-10,115.95,117.29,115.78,116.86,80.093,+1.13%,14421245
2012-04-11,115.71,116.06,115.35,115.46,79.133,-1.20%,8712928
2012-04-12,115.67,115.75,114.82,114.98,78.804,-0.42%,9008477
2012-04-13,116.15,116.90,116.12,116.84,80.079,+1.62%,8607685
2012-04-16,116.70,117.60,116.57,116.67,79.963,-0.15%,7734950
2012-04-17,116.53,116.83,116.25,116.60,79.915,-0.06%,5398578
2012-04-18,117.05,117.12,116.73,116.94,80.148,+0.29%,4074331
2012-04-19,117.25,117.47,117.02,117.05,80.223,+0.09%,5374260
2012-04-20,116.56,117.13,116.33,117.07,80.237,+0.02%,5043269
2012-04-23,118.11,118.41,117.79,117.92,80.819,+0.73%,5170085
2012-04-24,117.61,117.76,117.08,117.09,80.251,-0.70%,4336567
2012-04-25,116.41,117.32,115.69,116.49,79.839,-0.51%,8859429
2012-04-26,117.42,117.46,116.59,117.19,80.319,+0.60%,5132089
2012-04-27,117.02,117.36,116.79,117.29,80.388,+0.09%,2815028
2012-04-30,117.57,117.75,117.19,117.32,80.408,+0.03%,4198334
2012-05-01,117.43,117.62,116.07,116.43,79.993,-0.76%,7214901
2012-05-02,117.22,117.32,116.80,117.25,80.556,+0.70%,3565669
2012-05-03,116.64,117.37,116.56,117.22,80.535,-0.03%,3522807
2012-05-04,117.48,118.19,117.40,118.14,81.167,+0.78%,6367227
2012-05-07,118.32,118.46,118.02,118.16,81.181,+0.02%,3228158
2012-05-08,118.69,119.51,118.66,118.79,81.614,+0.53%,6051598
2012-05-09,119.45,119.57,118.44,118.87,81.669,+0.07%,5828828
2012-05-10,118.02,118.62,117.44,118.52,81.428,-0.29%,6302559
2012-05-11,119.49,119.60,118.96,119.50,82.102,+0.83%,5234272
2012-05-14,120.87,121.30,120.60,121.17,83.249,+1.40%,8789341
2012-05-15,121.09,121.73,120.82,121.66,83.586,+0.40%,6766174
2012-05-16,120.98,122.18,120.72,122.01,83.826,+0.29%,6462312
2012-05-17,122.03,124.28,122.02,124.17,85.310,+1.77%,14859136
2012-05-18,123.27,124.44,123.11,124.20,85.331,+0.02%,10137901
2012-05-21,123.90,124.45,123.62,123.94,85.152,-0.21%,9583466
2012-05-22,122.75,122.88,122.06,122.56,84.204,-1.11%,12475466
2012-05-23,123.55,124.52,123.36,123.41,84.788,+0.69%,11744790
2012-05-24,123.23,123.79,122.75,122.94,84.465,-0.38%,10256193
2012-05-25,123.43,123.54,123.14,123.40,84.781,+0.37%,4723541
2012-05-29,123.39,123.81,123.00,123.02,84.520,-0.31%,5874072
2012-05-30,125.32,126.32,125.30,126.14,86.664,+2.54%,17170376
2012-05-31,127.03,129.08,126.67,127.60,87.667,+1.16%,31174444
2012-06-01,128.87,130.38,128.53,130.36,89.744,+2.16%,23525949
2012-06-04,129.31,130.18,128.94,129.33,89.034,-0.79%,11681548
2012-06-05,128.53,128.64,127.59,127.60,87.843,-1.34%,12482709
2012-06-06,127.56,127.60,125.05,125.05,86.088,-2.00%,20805420
2012-06-07,124.65,125.74,124.39,125.24,86.219,+0.15%,18897998
2012-06-08,126.75,126.95,124.57,125.21,86.198,-0.02%,11238640
2012-06-11,124.79,126.21,124.77,125.78,86.591,+0.46%,10693793
2012-06-12,124.97,125.63,124.50,124.63,85.799,-0.91%,10921579
2012-06-13,124.85,126.28,124.38,125.86,86.646,+0.99%,11099969
2012-06-14,125.95,126.28,125.19,125.70,86.535,-0.13%,7688149
2012-06-15,126.58,126.85,126.14,126.40,87.017,+0.56%,6421386
2012-06-18,127.15,127.34,126.26,127.08,87.486,+0.54%,6698222
2012-06-19,126.28,126.37,125.33,125.42,86.343,-1.31%,8227900
2012-06-20,124.57,126.51,124.09,126.04,86.770,+0.49%,13720209
2012-06-21,125.95,127.25,125.89,126.71,87.231,+0.53%,9776554
2012-06-22,125.90,126.22,125.01,125.02,86.067,-1.33%,7830352
2012-06-25,126.36,127.02,126.27,126.84,87.320,+1.46%,6113802
2012-06-26,126.11,126.95,125.94,126.34,86.976,-0.39%,5359564
2012-06-27,126.56,126.79,126.03,126.54,87.114,+0.16%,5860672
2012-06-28,127.30,127.48,126.79,126.85,87.327,+0.24%,5257740
2012-06-29,125.03,125.63,124.63,125.20,86.191,-1.30%,8881875
2012-07-02,125.45,127.21,125.37,126.22,87.079,+0.81%,7817729
2012-07-03,125.95,126.00,125.21,125.25,86.409,-0.77%,5773778
2012-07-05,125.35,126.32,125.25,125.89,86.851,+0.51%,5974553
2012-07-06,126.67,127.21,126.61,127.06,87.658,+0.93%,5817701
2012-07-09,127.38,128.26,127.11,128.18,88.431,+0.88%,5646969
2012-07-10,127.86,128.74,127.72,128.44,88.610,+0.20%,4287887
2012-07-11,128.59,129.47,128.26,128.60,88.720,+0.12%,5960873
2012-07-12,129.05,129.56,128.90,129.51,89.348,+0.71%,6420984
2012-07-13,129.23,129.24,128.60,129.17,89.114,-0.26%,4175373
2012-07-16,130.30,130.61,129.61,129.77,89.528,+0.46%,5263015
2012-07-17,129.26,129.82,128.64,128.75,88.824,-0.79%,5590882
2012-07-18,129.26,129.34,128.79,128.82,88.872,+0.05%,4009626
2012-07-19,128.46,129.10,128.11,128.49,88.645,-0.26%,5246268
2012-07-20,129.60,130.30,129.42,130.06,89.728,+1.22%,6365879
2012-07-23,131.31,131.44,130.51,130.79,90.231,+0.56%,6140543
2012-07-24,130.35,132.04,130.28,131.82,90.942,+0.79%,6748486
2012-07-25,131.63,132.21,131.48,132.16,91.176,+0.26%,5327969
2012-07-26,131.53,131.78,130.90,130.95,90.342,-0.92%,6606220
2012-07-27,129.89,130.01,126.96,128.48,88.638,-1.89%,14685089
2012-07-30,128.39,129.48,128.25,129.44,89.300,+0.75%,6025242
2012-07-31,129.81,129.88,128.58,129.70,89.479,+0.20%,7446993
2012-08-01,128.53,129.74,128.15,128.78,89.033,-0.71%,7971952
2012-08-02,129.59,130.69,129.13,129.51,89.537,+0.57%,7971931
2012-08-03,127.84,128.03,126.77,127.42,88.092,-1.61%,9084076
2012-08-06,127.67,128.14,127.37,127.47,88.127,+0.04%,3673259
2012-08-07,125.96,126.13,125.43,125.83,86.993,-1.29%,6612511
2012-08-08,126.16,126.39,125.04,125.16,86.530,-0.53%,7250198
2012-08-09,124.77,125.30,123.75,125.07,86.468,-0.07%,7553431
2012-08-10,126.20,126.32,125.60,125.70,86.903,+0.50%,4670404
2012-08-13,126.11,126.38,125.49,125.49,86.758,-0.17%,3543699
2012-08-14,123.96,124.41,123.75,123.79,85.583,-1.35%,7992937
2012-08-15,123.02,123.20,121.90,122.05,84.380,-1.41%,11190912
2012-08-16,122.21,122.50,120.52,121.01,83.661,-0.85%,13238187
2012-08-17,121.40,122.12,121.32,121.60,84.069,+0.49%,6140245
2012-08-20,121.55,122.19,121.50,121.85,84.242,+0.21%,4427023
2012-08-21,121.47,122.45,120.66,122.39,84.615,+0.44%,9380746
2012-08-22,123.52,124.51,123.21,124.41,86.011,+1.65%,11084322
2012-08-23,124.74,125.14,124.65,124.93,86.371,+0.42%,6839013
2012-08-24,125.47,125.56,124.67,124.81,86.288,-0.10%,5001358
2012-08-27,125.34,125.80,125.27,125.54,86.793,+0.58%,3905786
2012-08-28,125.75,126.36,125.59,125.84,87.000,+0.24%,3412537
2012-08-29,125.61,125.63,124.95,125.29,86.620,-0.44%,3762342
2012-08-30,126.27,126.44,125.73,125.94,87.069,+0.52%,3886374
2012-08-31,125.78,127.72,125.73,127.72,88.300,+1.41%,9192284
2012-09-04,126.92,127.63,126.76,127.32,88.211,-0.31%,6008260
2012-09-05,126.82,127.19,126.55,126.72,87.795,-0.47%,3466654
2012-09-06,125.53,125.53,124.55,124.61,86.334,-1.67%,6505063
2012-09-07,126.14,126.18,123.92,124.03,85.932,-0.47%,7135093
2012-09-10,123.69,124.33,123.51,124.33,86.140,+0.24%,4912087
2012-09-11,124.02,124.10,123.29,123.55,85.599,-0.63%,3523300
2012-09-12,122.22,122.41,121.68,122.01,84.532,-1.25%,7040901
2012-09-13,122.39,123.09,120.27,121.53,84.200,-0.39%,12280179
2012-09-14,119.76,119.85,118.05,118.30,81.962,-2.66%,16871543
2012-09-17,118.87,119.90,118.80,119.72,82.946,+1.20%,5573250
2012-09-18,120.71,120.90,119.96,120.32,83.361,+0.50%,5363844
2012-09-19,121.34,121.38,120.61,121.11,83.909,+0.66%,5903301
2012-09-20,122.14,122.32,120.98,121.41,84.117,+0.25%,4604157
2012-09-21,120.75,121.64,120.67,121.55,84.214,+0.12%,4144263
2012-09-24,122.25,122.70,122.18,122.50,84.872,+0.78%,3627320
2012-09-25,122.80,123.74,122.13,123.71,85.710,+0.99%,5893406
2012-09-26,124.56,125.09,124.45,125.04,86.631,+1.08%,7193305
2012-09-27,124.55,124.80,123.77,124.15,86.015,-0.71%,5146080
2012-09-28,124.75,125.24,123.81,124.22,86.063,+0.06%,7173350
2012-10-01,123.97,124.47,123.38,124.42,86.382,+0.16%,4842566
2012-10-02,123.91,124.52,123.81,124.25,86.264,-0.14%,3540098
2012-10-03,123.86,124.30,123.62,124.29,86.292,+0.03%,3800052
2012-10-04,123.46,123.80,122.57,122.74,85.215,-1.25%,6214730
2012-10-05,121.57,121.68,120.92,121.15,84.112,-1.30%,8340461
2012-10-08,121.98,122.27,121.69,122.17,84.820,+0.84%,1568391
2012-10-09,121.47,122.18,121.38,121.95,84.667,-0.18%,4752701
2012-10-10,121.46,122.96,121.26,122.81,85.264,+0.71%,5429704
2012-10-11,121.96,123.66,121.89,123.66,85.854,+0.69%,5194034
2012-10-12,124.07,124.78,123.78,123.97,86.069,+0.25%,4934839
2012-10-15,123.78,124.14,123.43,123.69,85.875,-0.23%,3036046
2012-10-16,122.90,122.94,121.94,121.98,84.688,-1.38%,5398643
2012-10-17,121.17,121.26,120.57,120.85,83.903,-0.93%,6931539
2012-10-18,121.12,121.53,119.87,120.11,83.390,-0.61%,8558559
2012-10-19,120.34,121.81,120.28,121.74,84.521,+1.36%,7616611
2012-10-22,121.43,121.84,120.94,120.96,83.980,-0.64%,6910526
2012-10-23,122.10,122.73,122.02,122.69,85.181,+1.43%,5760396
2012-10-24,121.86,122.29,121.48,121.48,84.341,-0.99%,6824490
2012-10-25,120.56,121.54,120.33,120.86,83.910,-0.51%,5292472
2012-10-26,121.44,122.65,121.27,122.64,85.146,+1.47%,5889384
2012-10-31,122.68,123.70,122.63,123.36,85.646,+0.59%,5025519
2012-11-01,122.77,122.88,122.08,122.35,85.132,-0.82%,3659628
2012-11-02,121.28,122.31,121.24,122.26,85.069,-0.07%,3527781
2012-11-05,122.82,123.25,122.79,122.95,85.549,+0.56%,2932874
2012-11-06,122.55,122.86,121.78,121.79,84.742,-0.94%,4484592
2012-11-07,123.95,124.53,123.76,124.00,86.280,+1.81%,10070915
2012-11-08,123.79,125.86,123.43,125.84,87.560,+1.48%,8579426
2012-11-09,125.63,125.98,125.18,125.98,87.658,+0.11%,5036872
2012-11-12,125.84,126.38,125.79,126.19,87.804,+0.17%,2072128
2012-11-13,126.80,126.82,125.99,126.61,88.096,+0.33%,2863761
2012-11-14,125.72,126.79,125.60,126.73,88.179,+0.09%,4694593
2012-11-15,126.10,127.02,126.00,126.48,88.006,-0.20%,5549529
2012-11-16,126.36,127.19,126.28,126.37,87.929,-0.09%,4591065
2012-11-19,125.46,125.81,125.30,125.66,87.435,-0.56%,3621542
2012-11-20,125.48,125.67,124.38,124.40,86.558,-1.00%,4659214
2012-11-21,124.19,124.42,124.02,124.33,86.510,-0.06%,2422759
2012-11-23,124.30,124.45,124.11,124.21,86.426,-0.10%,987173
2012-11-26,125.16,125.52,124.75,124.80,86.837,+0.48%,2798977
2012-11-27,124.94,125.39,124.70,125.29,87.178,+0.39%,2544314
2012-11-28,125.97,126.20,125.09,125.11,87.052,-0.14%,3569675
2012-11-29,124.86,125.44,124.66,125.13,87.066,+0.02%,2760924
2012-11-30,125.48,125.54,124.71,124.79,86.830,-0.27%,3702298
2012-12-03,123.72,124.79,123.62,124.66,86.910,-0.10%,5427704
2012-12-04,125.02,125.41,124.84,125.38,87.411,+0.58%,2586243
2012-12-05,125.40,125.81,125.17,125.32,87.370,-0.05%,1978111
2012-12-06,125.86,126.08,125.51,125.59,87.558,+0.22%,2301120
2012-12-07,124.50,124.96,124.34,124.43,86.749,-0.92%,4020831
2012-12-10,124.96,125.08,124.54,124.98,87.133,+0.44%,2134231
2012-12-11,124.26,124.31,123.83,124.03,86.470,-0.76%,3777883
2012-12-12,123.83,124.34,122.57,122.59,85.466,-1.16%,7119692
2012-12-13,122.29,123.18,122.13,122.68,85.529,+0.07%,6381446
2012-12-14,123.19,123.71,123.08,123.60,86.171,+0.75%,3832799
2012-12-17,123.50,123.52,121.71,121.75,84.881,-1.50%,6869984
2012-12-18,121.40,121.78,119.90,120.51,84.016,-1.02%,12024123
2012-12-19,120.97,121.65,120.72,120.91,84.295,+0.33%,4880495
2012-12-20,121.29,121.64,120.62,120.93,84.309,+0.02%,4567812
2012-12-21,122.31,122.43,121.95,122.25,85.229,+1.09%,6087603
2012-12-24,122.00,122.08,121.87,122.03,85.076,-0.18%,1071090
2012-12-26,121.95,122.21,121.81,122.20,85.381,+0.14%,2247827
2012-12-27,121.88,123.29,121.83,122.61,85.668,+0.34%,4262619
2012-12-28,123.14,123.34,122.78,123.31,86.157,+0.57%,3928158
2012-12-31,122.87,122.97,120.91,121.18,84.669,-1.73%,6422918
2013-01-02,119.76,119.90,119.41,119.56,83.537,-1.34%,7472685
2013-01-03,119.38,119.49,117.90,117.94,82.405,-1.35%,10004064
2013-01-04,117.66,118.44,117.36,118.40,82.726,+0.39%,9574507
2013-01-07,118.37,118.73,118.00,118.45,82.761,+0.04%,4183879
2013-01-08,119.04,119.29,118.82,119.23,83.306,+0.66%,4380803
2013-01-09,119.25,119.54,118.87,119.12,83.229,-0.09%,3870220
2013-01-10,118.63,119.30,118.36,118.79,82.999,-0.28%,5599077
2013-01-11,118.52,119.86,118.35,119.85,83.740,+0.89%,4770695
2013-01-14,120.04,120.28,119.37,119.52,83.509,-0.28%,3062158
2013-01-15,120.61,120.70,119.97,120.07,83.893,+0.46%,5357733
2013-01-16,120.63,120.68,120.01,120.32,84.068,+0.21%,4286085
2013-01-17,119.33,119.55,118.75,119.12,83.229,-1.00%,7019098
2013-01-18,119.57,120.21,119.46,120.04,83.872,+0.77%,4659908
2013-01-22,119.55,120.30,119.38,120.27,84.033,+0.19%,3874061
2013-01-23,120.34,120.58,119.95,120.09,83.907,-0.15%,2848717
2013-01-24,119.87,119.97,119.26,119.67,83.614,-0.35%,4178881
2013-01-25,118.42,118.60,117.77,118.03,82.468,-1.37%,8750604
2013-01-28,117.02,117.72,117.00,117.60,82.167,-0.36%,6059822
2013-01-29,117.62,118.08,116.87,116.95,81.713,-0.55%,5553869
2013-01-30,116.67,116.96,116.16,116.75,81.574,-0.17%,9584565
2013-01-31,117.03,117.34,116.55,117.32,81.972,+0.49%,6788472
2013-02-01,117.73,117.85,115.51,115.54,80.910,-1.52%,10928586
2013-02-04,116.59,117.28,116.42,117.02,81.946,+1.28%,9291806
2013-02-05,116.27,116.43,115.86,115.98,81.218,-0.89%,6676433
2013-02-06,116.52,116.97,116.05,116.93,81.883,+0.82%,5890851
2013-02-07,116.77,117.59,116.62,116.67,81.701,-0.22%,5951508
2013-02-08,116.80,117.16,116.23,117.12,82.016,+0.39%,5603353
2013-02-11,117.05,117.38,116.92,117.03,81.953,-0.08%,3679862
2013-02-12,116.69,117.02,116.46,116.74,81.750,-0.25%,4513646
2013-02-13,115.80,116.27,115.55,115.79,81.085,-0.81%,6586216
2013-02-14,116.29,117.04,115.99,116.84,81.820,+0.91%,7095959
2013-02-15,116.66,116.74,116.07,116.50,81.582,-0.29%,5861727
2013-02-19,116.86,116.90,115.84,115.92,81.176,-0.50%,7383415
2013-02-20,115.69,116.37,115.57,116.27,81.421,+0.30%,9603842
2013-02-21,116.90,117.31,116.74,116.95,81.897,+0.58%,8297365
2013-02-22,116.98,117.34,116.88,117.03,81.953,+0.07%,5316873
2013-02-25,116.35,119.35,116.29,119.33,83.564,+1.97%,15948442
2013-02-26,118.73,119.67,118.59,118.64,83.081,-0.58%,9822075
2013-02-27,119.49,119.54,118.00,118.29,82.836,-0.30%,7459370
2013-02-28,118.43,118.66,117.98,118.51,82.990,+0.19%,6022894
2013-03-01,118.84,119.21,118.54,118.90,83.441,+0.33%,7786708
2013-03-04,118.79,118.97,118.26,118.27,82.998,-0.53%,4511307
2013-03-05,118.07,118.20,117.68,117.93,82.760,-0.29%,6539210
2013-03-06,117.11,117.50,116.85,116.86,82.009,-0.91%,6514884
2013-03-07,116.41,116.51,115.91,115.96,81.377,-0.77%,8526324
2013-03-08,114.87,115.36,114.62,114.75,80.528,-1.04%,15423563
2013-03-11,115.12,115.23,114.74,114.86,80.605,+0.10%,5815748
2013-03-12,115.25,115.79,115.23,115.69,81.188,+0.72%,9264166
2013-03-13,115.24,115.74,115.03,115.57,81.104,-0.10%,7371420
2013-03-14,115.09,115.64,114.98,115.22,80.858,-0.30%,9352089
2013-03-15,115.33,115.88,115.30,115.76,81.237,+0.47%,9673395
2013-03-18,116.83,116.88,116.15,116.64,81.855,+0.76%,9152175
2013-03-19,116.78,117.89,116.70,117.43,82.409,+0.68%,11986195
2013-03-20,116.71,116.99,116.08,116.12,81.490,-1.12%,8543893
2013-03-21,116.86,117.25,116.53,117.24,82.276,+0.96%,6119189
2013-03-22,117.30,117.50,116.77,117.33,82.339,+0.08%,6323721
2013-03-25,116.77,117.78,116.67,117.22,82.262,-0.09%,5839792
2013-03-26,116.87,117.91,116.78,117.36,82.360,+0.12%,5093190
2013-03-27,118.30,118.77,118.18,118.36,83.062,+0.85%,7742886
2013-03-28,118.12,118.45,117.68,117.76,82.641,-0.51%,5826335
2013-04-01,117.52,118.42,117.49,118.39,83.262,+0.53%,6113747
2013-04-02,118.07,118.14,117.75,117.91,82.924,-0.41%,5437907
2013-04-03,118.31,119.29,118.25,118.97,83.670,+0.90%,9527382
2013-04-04,119.59,120.41,119.47,120.39,84.668,+1.19%,9365635
2013-04-05,122.88,123.43,122.63,122.82,86.377,+2.02%,18626086
2013-04-08,122.67,122.87,121.78,121.88,85.716,-0.77%,8020245
2013-04-09,122.03,122.24,121.38,121.58,85.505,-0.25%,7176031
2013-04-10,120.59,120.66,119.90,119.91,84.331,-1.37%,10765147
2013-04-11,120.17,120.49,119.89,120.14,84.492,+0.19%,7501745
2013-04-12,121.33,121.94,120.90,121.93,85.751,+1.49%,9251625
2013-04-15,122.13,123.03,121.87,122.99,86.497,+0.87%,12948302
2013-04-16,121.92,122.52,121.88,121.98,85.787,-0.82%,6553463
2013-04-17,122.30,123.53,122.30,122.79,86.356,+0.66%,9020829
2013-04-18,122.81,123.22,122.60,123.09,86.567,+0.24%,7009460
2013-04-19,122.94,122.98,122.63,122.83,86.384,-0.21%,5474211
2013-04-22,122.84,123.29,122.67,122.92,86.448,+0.07%,4519327
2013-04-23,123.26,123.79,122.38,122.49,86.145,-0.35%,8042881
2013-04-24,122.47,122.82,122.30,122.80,86.363,+0.25%,3673536
2013-04-25,122.25,122.37,122.10,122.27,85.990,-0.43%,4296817
2013-04-26,123.20,123.51,123.01,123.39,86.778,+0.92%,4898797
2013-04-29,123.58,123.73,122.76,122.94,86.462,-0.36%,4915923
2013-04-30,123.26,123.69,122.67,123.01,86.511,+0.06%,4477344
2013-05-01,123.46,124.26,123.43,124.01,87.397,+0.81%,10724568
2013-05-02,123.59,123.97,123.51,123.85,87.285,-0.13%,4171750
2013-05-03,122.16,122.19,120.83,120.93,85.227,-2.36%,11283577
2013-05-06,121.15,121.25,120.32,120.63,85.015,-0.25%,5121827
2013-05-07,120.19,120.50,120.05,120.16,84.684,-0.39%,5046418
2013-05-08,120.27,120.83,120.17,120.35,84.818,+0.16%,5732883
2013-05-09,120.51,121.32,119.98,120.04,84.600,-0.26%,7526916
2013-05-10,119.76,119.79,117.85,118.75,83.690,-1.07%,11688961
2013-05-13,117.88,118.19,117.63,117.84,83.049,-0.77%,8050776
2013-05-14,118.35,118.44,116.54,116.56,82.147,-1.09%,9235843
2013-05-15,117.53,117.72,116.42,117.34,82.697,+0.67%,14608535
2013-05-16,117.97,118.94,117.93,118.56,83.557,+1.04%,8459776
2013-05-17,117.95,118.15,116.98,117.06,82.499,-1.27%,7435446
2013-05-20,117.63,117.67,116.79,116.92,82.401,-0.12%,5839704
2013-05-21,116.93,117.87,116.42,117.84,83.049,+0.79%,7781791
2013-05-22,118.02,118.55,115.80,116.09,81.816,-1.49%,18361434
2013-05-23,117.15,117.24,115.77,116.64,82.203,+0.47%,9207043
2013-05-24,116.98,117.42,116.71,116.80,82.316,+0.14%,5357495
2013-05-28,116.09,116.27,113.82,113.84,80.230,-2.53%,13567407
2013-05-29,114.62,115.18,114.46,115.12,81.132,+1.12%,11298527
2013-05-30,115.25,115.37,114.53,114.84,80.935,-0.24%,10011762
2013-05-31,114.97,115.02,113.17,114.45,80.660,-0.34%,18180869
2013-06-03,113.78,115.49,113.70,114.78,81.086,+0.29%,15564441
2013-06-04,113.96,114.49,113.66,113.72,80.338,-0.92%,7504245
2013-06-05,114.29,115.32,114.13,115.29,81.447,+1.38%,8056013
2013-06-06,114.88,116.79,114.41,115.22,81.397,-0.06%,8924767
2013-06-07,114.22,114.83,113.16,113.16,79.942,-1.79%,10459270
2013-06-10,112.70,113.12,112.38,112.62,79.560,-0.48%,7892554
2013-06-11,112.27,113.96,112.12,113.96,80.507,+1.19%,12840575
2013-06-12,113.00,113.83,112.27,112.33,79.356,-1.43%,10192999
2013-06-13,113.07,114.17,112.89,114.09,80.599,+1.57%,12505284
2013-06-14,114.10,114.66,113.82,113.82,80.408,-0.24%,6678688
2013-06-17,114.02,114.08,113.00,113.22,79.984,-0.53%,5982073
2013-06-18,112.85,113.68,112.72,113.28,80.027,+0.05%,5192646
2013-06-19,113.74,113.79,111.62,112.11,79.200,-1.03%,17136942
2013-06-20,110.75,111.21,109.28,110.27,77.900,-1.64%,27898586
2013-06-21,110.15,110.41,108.37,108.40,76.579,-1.70%,19780952
2013-06-24,107.83,109.39,107.76,108.85,76.897,+0.42%,24588849
2013-06-25,108.90,109.02,107.86,107.88,76.212,-0.89%,11076695
2013-06-26,109.00,109.05,108.04,108.58,76.706,+0.65%,13582107
2013-06-27,109.54,109.97,108.95,109.69,77.491,+1.02%,12026002
2013-06-28,109.01,110.48,108.72,110.44,78.020,+0.68%,12016601
2013-07-01,109.73,110.50,109.43,110.41,78.177,-0.03%,5500182
2013-07-02,110.50,110.80,110.24,110.34,78.127,-0.06%,5333892
2013-07-03,110.31,110.65,110.01,110.01,77.894,-0.30%,3842216
2013-07-05,107.28,107.50,106.17,106.26,75.238,-3.41%,14511728
2013-07-08,107.07,107.56,106.95,107.29,75.968,+0.97%,8043367
2013-07-09,107.49,107.62,107.07,107.40,76.046,+0.10%,4700363
2013-07-10,107.39,107.39,106.30,106.56,75.451,-0.78%,10743058
2013-07-11,107.45,107.87,106.94,107.81,76.336,+1.17%,10012635
2013-07-12,108.34,108.47,107.34,107.72,76.272,-0.08%,4730703
2013-07-15,107.80,108.32,107.70,108.29,76.676,+0.53%,4574779
2013-07-16,108.43,108.76,108.27,108.66,76.938,+0.34%,3650166
2013-07-17,109.19,109.36,108.66,108.86,77.079,+0.18%,5931813
2013-07-18,108.61,108.67,107.48,107.50,76.116,-1.25%,9066375
2013-07-19,108.31,109.21,108.25,109.20,77.320,+1.58%,8523728
2013-07-22,109.36,109.69,109.13,109.36,77.433,+0.15%,3972518
2013-07-23,108.67,109.00,108.32,108.90,77.108,-0.42%,5015436
2013-07-24,107.65,107.89,106.79,107.52,76.131,-1.27%,8853022
2013-07-25,106.97,107.60,106.81,107.48,76.102,-0.04%,6443388
2013-07-26,108.04,108.28,107.64,108.14,76.570,+0.61%,6795438
2013-07-29,107.65,107.82,107.07,107.35,76.010,-0.73%,6397790
2013-07-30,107.71,107.76,107.05,107.31,75.982,-0.04%,3635603
2013-07-31,106.06,107.92,105.85,107.70,76.258,+0.36%,10483103
2013-08-01,106.49,106.49,105.00,105.36,74.792,-2.17%,13568378
2013-08-02,106.01,106.61,105.98,106.52,75.616,+1.10%,9568393
2013-08-05,106.19,106.25,105.54,105.70,75.034,-0.77%,6611758
2013-08-06,105.53,106.01,105.34,106.01,75.254,+0.29%,4589036
2013-08-07,106.17,106.94,106.17,106.80,75.815,+0.75%,7183382
2013-08-08,106.98,107.60,106.79,107.09,76.020,+0.27%,5510944
2013-08-09,106.60,107.27,106.48,107.26,76.141,+0.16%,3623354
2013-08-12,107.61,107.63,106.47,106.53,75.623,-0.68%,7562770
2013-08-13,105.33,105.36,104.80,104.99,74.530,-1.45%,11485555
2013-08-14,104.94,105.36,104.87,105.15,74.643,+0.15%,6431631
2013-08-15,104.10,104.63,103.69,103.73,73.635,-1.35%,11846509
2013-08-16,103.96,103.97,102.67,103.37,73.380,-0.35%,10175905
2013-08-19,102.93,103.01,102.21,102.47,72.741,-0.87%,9022023
2013-08-20,102.89,103.36,102.85,103.26,73.302,+0.77%,10049889
2013-08-21,102.77,103.20,102.11,102.13,72.499,-1.09%,13249249
2013-08-22,102.46,103.23,102.24,103.17,73.238,+1.02%,8751195
2013-08-23,103.01,104.39,102.74,104.29,74.033,+1.09%,17440527
2013-08-26,104.56,104.89,104.33,104.81,74.402,+0.50%,5885168
2013-08-27,105.29,106.25,105.04,106.13,75.339,+1.26%,11571253
2013-08-28,105.41,105.57,104.94,105.27,74.728,-0.81%,7498069
2013-08-29,104.88,106.31,104.79,106.11,75.325,+0.80%,6672433
2013-08-30,106.02,106.68,105.74,105.99,75.240,-0.11%,8987900
2013-09-03,104.59,104.67,103.51,104.22,74.181,-1.67%,12084268
2013-09-04,104.45,104.65,103.95,103.99,74.017,-0.22%,4579633
2013-09-05,103.47,103.60,102.53,102.54,72.985,-1.39%,12290598
2013-09-06,103.25,103.82,102.81,103.05,73.348,+0.50%,9478829
2013-09-09,103.80,103.81,103.08,103.10,73.384,+0.05%,6874904
2013-09-10,102.73,103.34,102.36,102.38,72.872,-0.70%,8070882
2013-09-11,102.92,103.31,102.19,103.29,73.519,+0.89%,8962612
2013-09-12,103.85,104.00,103.06,103.15,73.420,-0.14%,6254396
2013-09-13,103.51,103.83,103.23,103.55,73.704,+0.39%,6107512
2013-09-16,104.33,104.41,102.85,102.86,73.213,-0.67%,8737467
2013-09-17,103.37,103.74,102.97,103.71,73.818,+0.83%,8795320
2013-09-18,103.63,105.55,102.98,104.99,74.729,+1.23%,19727022
2013-09-19,105.05,105.09,104.16,104.37,74.288,-0.59%,11627751
2013-09-20,104.69,105.18,104.45,104.92,74.679,+0.53%,8422237
2013-09-23,105.21,105.73,105.11,105.69,75.228,+0.73%,10226776
2013-09-24,105.99,106.84,105.84,106.83,76.039,+1.08%,11447419
2013-09-25,106.54,107.28,106.39,107.05,76.196,+0.21%,8130878
2013-09-26,106.48,106.62,106.19,106.30,75.662,-0.70%,5117071
2013-09-27,106.29,106.82,106.25,106.56,75.847,+0.24%,6460048
2013-09-30,106.66,106.90,106.18,106.40,75.733,-0.15%,8438768
2013-10-01,105.90,106.03,105.53,105.80,75.503,-0.56%,7592591
2013-10-02,105.93,106.48,105.76,105.96,75.618,+0.15%,5967170
2013-10-03,105.75,106.41,105.70,105.79,75.496,-0.16%,6648949
2013-10-04,105.67,105.78,105.35,105.71,75.439,-0.08%,5547172
2013-10-07,106.20,106.36,105.98,106.14,75.746,+0.41%,5761136
2013-10-08,105.98,106.51,105.83,106.17,75.768,+0.03%,5904009
2013-10-09,105.87,105.94,105.30,105.32,75.161,-0.80%,8439096
2013-10-10,104.80,105.53,104.51,105.49,75.282,+0.16%,9944074
2013-10-11,106.16,106.23,105.41,105.46,75.261,-0.03%,6500764
2013-10-14,105.39,105.64,104.33,104.61,74.654,-0.81%,4205582
2013-10-15,105.15,105.30,104.53,104.54,74.604,-0.07%,8291124
2013-10-16,104.47,105.86,104.27,105.85,75.539,+1.25%,14460227
2013-10-17,106.52,107.12,106.29,106.81,76.224,+0.91%,11303580
2013-10-18,107.11,107.48,106.98,107.04,76.388,+0.22%,9487800
2013-10-21,106.91,106.92,106.46,106.70,76.146,-0.32%,6161721
2013-10-22,107.60,108.12,107.56,107.89,76.995,+1.12%,9708542
2013-10-23,108.07,108.73,108.04,108.31,77.295,+0.39%,9163379
2013-10-24,108.61,108.67,107.87,107.89,76.995,-0.39%,7631370
2013-10-25,108.13,108.45,108.08,108.29,77.280,+0.37%,4429545
2013-10-28,108.01,108.38,107.91,107.92,77.016,-0.34%,6466444
2013-10-29,107.62,108.07,107.51,108.06,77.116,+0.13%,5270546
2013-10-30,107.93,108.21,107.21,107.41,76.652,-0.60%,10199310
2013-10-31,107.91,108.01,107.14,107.64,76.817,+0.21%,11452117
2013-11-01,106.97,107.00,106.14,106.19,75.987,-1.35%,11349469
2013-11-04,106.47,106.67,106.22,106.29,76.059,+0.09%,4733187
2013-11-05,105.79,105.83,104.99,105.02,75.150,-1.19%,8753922
2013-11-06,104.94,105.14,104.69,105.07,75.186,+0.05%,5643041
2013-11-07,105.05,106.05,104.97,105.96,75.823,+0.85%,7893671
2013-11-08,103.97,104.11,103.39,103.41,73.998,-2.41%,16889902
2013-11-11,103.53,103.58,102.96,103.02,73.719,-0.38%,4912663
2013-11-12,103.21,103.59,103.18,103.50,74.062,+0.47%,4839516
2013-11-13,103.87,104.04,103.74,103.88,74.334,+0.37%,5782944
2013-11-14,104.31,105.12,104.15,104.52,74.792,+0.62%,8895490
2013-11-15,104.66,104.74,104.31,104.73,74.942,+0.20%,6344845
2013-11-18,104.65,105.41,104.65,105.36,75.393,+0.60%,5451405
2013-11-19,104.95,105.14,104.41,104.56,74.821,-0.76%,7251137
2013-11-20,104.42,104.84,102.65,102.78,73.547,-1.70%,14191987
2013-11-21,102.51,103.19,102.16,102.95,73.669,+0.17%,8903032
2013-11-22,103.49,104.13,103.48,103.91,74.356,+0.93%,7950686
2013-11-25,103.84,104.42,103.84,104.21,74.570,+0.29%,3756285
2013-11-26,104.49,104.93,104.48,104.60,74.849,+0.37%,6659203
2013-11-27,104.68,104.70,103.96,104.42,74.721,-0.17%,6063360
2013-11-29,104.08,104.60,103.95,104.45,74.742,+0.03%,5084399
2013-12-02,103.80,103.91,103.22,103.33,74.163,-1.07%,7527817
2013-12-03,103.70,103.96,103.46,103.71,74.435,+0.37%,5076896
2013-12-04,102.75,103.05,102.38,102.72,73.725,-0.95%,8502926
2013-12-05,102.48,102.85,102.22,102.43,73.517,-0.28%,7446004
2013-12-06,102.56,102.99,102.36,102.92,73.868,+0.48%,7351950
2013-12-09,102.90,103.23,102.83,103.16,74.041,+0.23%,5679779
2013-12-10,103.84,103.95,103.45,103.90,74.572,+0.72%,7040362
2013-12-11,103.55,103.77,103.02,103.10,73.997,-0.77%,8190914
2013-12-12,103.03,103.16,102.63,102.71,73.718,-0.38%,6208704
2013-12-13,103.14,103.30,102.79,103.21,74.076,+0.49%,6471352
2013-12-16,103.58,103.69,102.73,102.83,73.804,-0.37%,6376381
2013-12-17,102.61,103.40,102.59,103.29,74.134,+0.45%,6015838
2013-12-18,102.83,103.72,102.46,102.77,73.761,-0.50%,12974216
2013-12-19,102.86,103.01,102.45,102.67,73.689,-0.10%,6708383
2013-12-20,103.72,104.29,103.30,104.25,74.823,+1.54%,12425975
2013-12-23,104.05,104.41,103.66,103.66,74.399,-0.57%,6378597
2013-12-24,103.23,103.35,102.80,102.83,73.804,-0.80%,4897009
2013-12-26,102.35,102.36,102.01,102.10,73.520,-0.71%,4645323
2013-12-27,102.07,102.31,101.69,101.81,73.311,-0.28%,4755262
2013-12-30,102.15,102.58,102.08,102.51,73.815,+0.69%,4491711
2013-12-31,102.29,102.55,101.17,101.86,73.347,-0.63%,7219195
2014-01-02,101.72,102.39,101.69,102.17,73.570,+0.30%,8580808
2014-01-03,101.81,102.45,101.76,102.17,73.570,0.00%,4083831
2014-01-06,102.38,103.00,102.37,102.60,73.880,+0.42%,7796228
2014-01-07,102.82,102.99,102.56,102.86,74.067,+0.25%,4428082
2014-01-08,102.45,102.69,102.10,102.58,73.866,-0.27%,8512987
2014-01-09,102.97,103.21,102.51,103.18,74.298,+0.58%,6991080
2014-01-10,103.77,104.54,103.69,104.41,75.183,+1.19%,13197803
2014-01-13,104.51,105.14,104.47,104.93,75.558,+0.50%,9671509
2014-01-14,104.65,104.83,104.39,104.45,75.212,-0.46%,10343500
2014-01-15,104.04,104.51,103.93,104.34,75.133,-0.11%,7507464
2014-01-16,104.85,105.07,104.72,105.04,75.637,+0.67%,7137813
2014-01-17,104.86,105.52,104.79,105.48,75.954,+0.42%,7590772
2014-01-21,105.45,105.74,105.40,105.56,76.011,+0.08%,6435954
2014-01-22,105.37,105.75,105.24,105.30,75.824,-0.25%,4646691
2014-01-23,105.88,107.09,105.88,106.79,76.897,+1.42%,12960976
2014-01-24,107.19,107.49,106.99,107.48,77.394,+0.65%,11514538
2014-01-27,107.22,107.60,106.70,106.73,76.854,-0.70%,9222620
2014-01-28,106.91,106.99,106.55,106.99,77.041,+0.24%,5666819
2014-01-29,107.37,108.15,106.99,107.87,77.675,+0.82%,11718542
2014-01-30,107.47,107.67,107.11,107.56,77.452,-0.29%,5956881
2014-01-31,108.20,108.41,107.85,108.28,77.970,+0.67%,14691208
2014-02-03,107.79,109.34,107.61,109.32,78.917,+0.96%,20781789
2014-02-04,108.52,108.67,107.97,108.16,78.080,-1.06%,9573468
2014-02-05,107.69,107.78,107.01,107.16,77.358,-0.92%,10312498
2014-02-06,106.97,107.02,106.52,106.70,77.026,-0.43%,5708710
2014-02-07,106.46,107.22,106.44,106.79,77.091,+0.08%,7092838
2014-02-10,106.61,107.12,106.57,107.09,77.307,+0.28%,4370474
2014-02-11,106.61,106.69,106.16,106.47,76.860,-0.58%,5904855
2014-02-12,106.17,106.21,105.62,105.92,76.463,-0.52%,6723271
2014-02-13,106.59,106.73,106.30,106.52,76.896,+0.57%,6874873
2014-02-14,106.57,106.64,106.27,106.58,76.939,+0.06%,4999982
2014-02-18,106.66,107.20,106.62,106.82,77.113,+0.23%,4855814
2014-02-19,107.18,107.18,106.30,106.37,76.788,-0.42%,5522754
2014-02-20,106.32,106.63,105.69,106.11,76.600,-0.24%,5103383
2014-02-21,105.95,106.68,105.95,106.67,77.004,+0.53%,5250670
2014-02-24,106.70,106.74,106.17,106.40,76.809,-0.25%,3816733
2014-02-25,106.91,107.36,106.89,107.35,77.495,+0.89%,6225905
2014-02-26,107.31,107.92,107.24,107.92,77.907,+0.53%,7226557
2014-02-27,108.28,108.56,108.10,108.51,78.333,+0.55%,5394718
2014-02-28,108.28,108.74,107.78,108.57,78.376,+0.06%,8463065
2014-03-03,108.88,109.18,108.64,109.03,78.898,+0.42%,11094175
2014-03-04,108.35,108.35,107.36,107.39,77.711,-1.50%,8068066
2014-03-05,107.34,107.78,107.20,107.62,77.878,+0.21%,4798744
2014-03-06,106.76,106.97,106.52,106.56,77.111,-0.98%,7418274
2014-03-07,105.64,106.17,105.60,105.89,76.626,-0.63%,8270425
2014-03-10,105.94,106.11,105.78,106.04,76.734,+0.14%,3744495
2014-03-11,105.98,106.34,105.78,106.32,76.937,+0.26%,3815873
2014-03-12,106.92,107.26,106.78,107.06,77.472,+0.70%,6430504
2014-03-13,106.70,108.53,106.65,108.50,78.514,+1.35%,11815519
2014-03-14,108.97,108.98,108.32,108.52,78.529,+0.02%,9238004
2014-03-17,108.18,108.30,107.67,107.71,77.943,-0.75%,7382327
2014-03-18,107.68,108.15,107.60,108.10,78.225,+0.36%,4819536
2014-03-19,107.92,107.98,106.81,107.26,77.617,-0.78%,11557635
2014-03-20,107.09,107.63,106.99,107.07,77.480,-0.18%,5224411
2014-03-21,107.41,108.32,107.37,108.23,78.319,+1.08%,8986860
2014-03-24,108.05,109.09,107.95,109.00,78.876,+0.71%,7537423
2014-03-25,108.41,108.82,108.17,108.59,78.580,-0.38%,5032172
2014-03-26,108.55,109.48,108.48,109.44,79.195,+0.78%,7147736
2014-03-27,109.64,110.39,109.42,109.99,79.593,+0.50%,9773185
2014-03-28,109.86,109.89,109.02,109.37,79.144,-0.56%,6027026
2014-03-31,108.74,111.07,108.34,109.10,78.949,-0.25%,7488392
2014-04-01,108.26,108.36,107.84,107.89,78.276,-1.11%,9067266
2014-04-02,107.39,107.55,107.17,107.27,77.826,-0.57%,6887212
2014-04-03,107.52,107.94,107.44,107.74,78.167,+0.44%,4937393
2014-04-04,107.87,108.69,107.85,108.46,78.689,+0.67%,8977484
2014-04-07,108.62,109.29,108.60,109.11,79.161,+0.60%,7562895
2014-04-08,109.03,109.47,108.72,109.37,79.350,+0.24%,4213806
2014-04-09,108.88,109.35,108.64,108.83,78.958,-0.49%,5771491
2014-04-10,108.92,110.22,108.90,109.84,79.691,+0.93%,12706388
2014-04-11,110.54,110.79,110.13,110.73,80.336,+0.81%,10267141
2014-04-14,110.48,110.70,110.30,110.44,80.126,-0.26%,4142596
2014-04-15,110.61,111.51,110.35,111.13,80.627,+0.62%,7752014
2014-04-16,110.43,111.27,110.38,111.27,80.728,+0.13%,5523220
2014-04-17,111.37,111.45,109.70,110.05,79.843,-1.10%,8622740
2014-04-21,110.37,110.62,109.84,109.96,79.778,-0.08%,4316275
2014-04-22,109.66,110.49,109.61,110.33,80.046,+0.34%,5748723
2014-04-23,110.60,111.05,110.53,110.96,80.503,+0.57%,5748971
2014-04-24,110.45,111.21,110.45,111.17,80.656,+0.19%,6337810
2014-04-25,111.49,111.99,111.32,111.33,80.772,+0.14%,5976534
2014-04-28,111.11,111.28,110.55,110.79,80.380,-0.49%,7606297
2014-04-29,110.17,110.73,110.04,110.64,80.271,-0.14%,5235169
2014-04-30,110.72,111.26,110.38,111.10,80.605,+0.42%,7721499
2014-05-01,110.88,112.08,110.84,112.02,81.468,+0.83%,11558661
2014-05-02,111.54,113.10,111.30,112.71,81.969,+0.62%,12702096
2014-05-05,112.76,112.81,111.89,112.03,81.475,-0.60%,8042997
2014-05-06,112.11,112.70,112.04,112.48,81.802,+0.40%,6522638
2014-05-07,112.31,112.57,111.94,112.08,81.511,-0.36%,8199164
2014-05-08,112.34,112.76,111.46,111.60,81.162,-0.43%,10878828
2014-05-09,111.53,111.81,110.98,111.24,80.900,-0.32%,6000569
2014-05-12,111.01,111.13,110.54,110.79,80.573,-0.40%,4564276
2014-05-13,111.44,111.75,111.33,111.75,81.271,+0.87%,5501018
2014-05-14,112.63,113.23,112.56,112.96,82.151,+1.08%,8853212
2014-05-15,113.78,114.41,113.60,113.86,82.806,+0.80%,12627912
2014-05-16,113.61,114.00,113.42,113.54,82.573,-0.28%,5019196
2014-05-19,113.93,113.96,112.62,112.70,81.962,-0.74%,7403492
2014-05-20,112.60,113.48,112.59,112.95,82.144,+0.22%,6549776
2014-05-21,112.22,112.40,111.87,112.26,81.642,-0.61%,8225046
2014-05-22,112.26,112.40,111.79,112.10,81.526,-0.14%,6495711
2014-05-23,112.52,112.91,112.45,112.70,81.962,+0.54%,3835231
2014-05-27,112.85,113.40,112.40,113.36,82.442,+0.59%,6659270
2014-05-28,114.10,114.84,114.09,114.76,83.460,+1.24%,10360973
2014-05-29,114.87,115.19,114.13,114.15,83.017,-0.53%,10692041
2014-05-30,113.96,114.40,113.81,114.10,82.980,-0.04%,6519281
2014-06-02,113.04,113.68,112.55,112.96,82.365,-1.00%,11728400
2014-06-03,112.41,112.54,111.51,111.57,81.351,-1.23%,12694684
2014-06-04,111.76,111.82,111.27,111.54,81.330,-0.03%,7884222
2014-06-05,111.13,111.97,111.02,111.59,81.366,+0.04%,6915766
2014-06-06,112.13,112.41,111.49,111.59,81.366,0.00%,7832984
2014-06-09,111.45,111.64,111.20,111.43,81.249,-0.14%,5167639
2014-06-10,111.04,111.27,110.83,111.02,80.950,-0.37%,5990158
2014-06-11,111.26,111.54,110.85,111.22,81.096,+0.18%,5575789
2014-06-12,111.30,112.35,111.00,112.21,81.818,+0.89%,9775925
2014-06-13,111.57,112.62,111.53,112.15,81.774,-0.05%,5413846
2014-06-16,112.21,112.63,112.10,112.43,81.978,+0.25%,5184901
2014-06-17,112.07,112.09,111.48,111.54,81.330,-0.79%,6669215
2014-06-18,111.80,112.76,111.56,112.40,81.957,+0.77%,11256460
2014-06-19,112.51,112.56,110.74,110.96,80.907,-1.28%,14217289
2014-06-20,110.97,111.80,110.90,111.80,81.519,+0.76%,7319071
2014-06-23,112.08,112.18,111.41,111.45,81.264,-0.31%,5822220
2014-06-24,112.15,112.65,111.82,112.58,82.088,+1.01%,9698714
2014-06-25,113.10,113.36,112.69,112.87,82.299,+0.26%,5699273
2014-06-26,113.21,113.80,113.21,113.41,82.693,+0.48%,6628920
2014-06-27,113.68,113.82,113.17,113.24,82.569,-0.15%,7216735
2014-06-30,113.56,113.80,113.09,113.52,82.773,+0.25%,5593063
2014-07-01,112.50,112.74,112.20,112.28,82.082,-1.09%,8019205
2014-07-02,111.63,111.67,110.97,111.08,81.205,-1.07%,9383047
2014-07-03,110.38,110.86,110.34,110.68,80.912,-0.36%,6173946
2014-07-07,111.27,111.81,111.23,111.49,81.504,+0.73%,5928870
2014-07-08,112.24,112.86,112.24,112.74,82.418,+1.12%,6353288
2014-07-09,112.66,113.14,112.38,112.83,82.484,+0.08%,6395169
2014-07-10,113.54,113.66,112.82,112.86,82.506,+0.03%,7196938
2014-07-11,113.35,113.68,113.28,113.58,83.032,+0.64%,4676510
2014-07-14,113.28,113.41,112.93,113.09,82.674,-0.43%,4743333
2014-07-15,112.83,113.47,112.50,112.86,82.506,-0.20%,7720027
2014-07-16,113.00,113.58,112.94,113.46,82.945,+0.53%,4615817
2014-07-17,114.23,115.05,113.94,114.89,83.990,+1.26%,10906396
2014-07-18,114.88,114.96,114.11,114.52,83.719,-0.32%,6678134
2014-07-21,115.01,115.63,115.01,115.09,84.136,+0.50%,5726280
2014-07-22,115.09,115.46,114.65,115.33,84.312,+0.21%,5753405
2014-07-23,115.51,115.63,115.17,115.18,84.202,-0.13%,3490746
2014-07-24,114.52,114.58,114.25,114.32,83.573,-0.75%,6608996
2014-07-25,115.34,115.68,115.16,115.67,84.560,+1.18%,7043382
2014-07-28,115.59,115.90,115.12,115.51,84.443,-0.14%,5138315
2014-07-29,115.87,116.07,115.42,115.93,84.750,+0.36%,6579517
2014-07-30,115.15,115.38,114.17,114.32,83.573,-1.39%,12260525
2014-07-31,113.53,114.58,113.47,113.98,83.325,-0.30%,18254147
2014-08-01,113.58,114.87,113.05,114.56,83.968,+0.51%,14951150
2014-08-04,114.53,114.81,114.26,114.26,83.748,-0.26%,5183753
2014-08-05,114.07,114.80,113.68,114.63,84.019,+0.32%,8037302
2014-08-06,115.47,115.47,114.60,114.70,84.070,+0.06%,7289215
2014-08-07,114.84,115.77,114.57,115.77,84.855,+0.93%,9750472
2014-08-08,115.93,116.42,115.38,115.52,84.671,-0.22%,9536664
2014-08-11,115.65,115.82,115.29,115.51,84.664,-0.01%,6669325
2014-08-12,115.41,115.44,114.73,114.76,84.114,-0.65%,8125463
2014-08-13,114.87,115.52,114.78,115.51,84.664,+0.65%,8210542
2014-08-14,115.93,116.50,115.39,116.44,85.346,+0.81%,9028616
2014-08-15,116.71,118.36,116.69,117.71,86.277,+1.09%,17606660
2014-08-18,117.21,117.30,116.39,116.54,85.419,-0.99%,7595663
2014-08-19,117.08,117.15,115.98,116.18,85.155,-0.31%,5936871
2014-08-20,116.04,116.11,115.57,115.99,85.016,-0.16%,7277519
2014-08-21,116.07,116.76,116.02,116.64,85.492,+0.56%,6791654
2014-08-22,116.74,117.43,116.21,117.29,85.969,+0.56%,10149859
2014-08-25,117.45,117.78,117.21,117.73,86.291,+0.38%,5764713
2014-08-26,117.94,117.99,117.21,117.35,86.013,-0.32%,5487657
2014-08-27,117.70,118.41,117.40,118.35,86.746,+0.85%,7266000
2014-08-28,119.13,119.37,118.67,118.97,87.200,+0.52%,9463642
2014-08-29,118.92,119.43,118.75,119.05,87.259,+0.07%,8513461
2014-09-02,117.28,117.38,116.70,116.73,85.757,-1.95%,10506576
2014-09-03,116.40,117.38,116.31,117.38,86.235,+0.56%,6554847
2014-09-04,116.62,116.88,115.93,115.95,85.184,-1.22%,12534367
2014-09-05,116.44,116.60,115.44,115.73,85.022,-0.19%,6886317
2014-09-08,116.41,116.63,115.45,115.78,85.059,+0.04%,9331233
2014-09-09,115.49,115.89,115.45,115.69,84.993,-0.08%,5355366
2014-09-10,114.97,115.12,114.79,114.96,84.457,-0.63%,8729422
2014-09-11,115.26,115.54,114.57,114.58,84.177,-0.33%,9274904
2014-09-12,113.69,113.92,113.22,113.38,83.296,-1.05%,11115097
2014-09-15,113.85,114.07,113.36,113.55,83.421,+0.15%,5513040
2014-09-16,113.61,113.86,113.08,113.09,83.083,-0.41%,9305931
2014-09-17,113.53,113.83,112.73,112.80,82.870,-0.26%,12917553
2014-09-18,113.18,113.48,112.85,113.16,83.134,+0.32%,7031549
2014-09-19,113.58,114.68,113.20,114.60,84.192,+1.27%,13237138
2014-09-22,114.66,115.04,114.44,114.74,84.295,+0.12%,6617434
2014-09-23,114.91,115.47,114.77,115.45,84.817,+0.62%,6365250
2014-09-24,115.29,115.55,114.64,114.81,84.346,-0.55%,5223623
2014-09-25,115.31,116.18,115.31,116.17,85.346,+1.18%,8949883
2014-09-26,116.02,116.29,115.62,116.00,85.221,-0.15%,7800462
2014-09-29,117.00,117.17,116.66,116.93,85.904,+0.80%,6791793
2014-09-30,116.66,117.04,116.13,116.27,85.419,-0.56%,7277543
2014-10-01,116.89,118.26,116.83,118.23,87.072,+1.69%,17194898
2014-10-02,117.83,118.20,117.14,117.20,86.313,-0.87%,8253062
2014-10-03,117.00,117.77,116.83,117.70,86.681,+0.43%,8561520
2014-10-06,117.62,118.19,117.36,117.77,86.733,+0.06%,4486451
2014-10-07,118.31,119.43,118.18,119.36,87.904,+1.35%,8841306
2014-10-08,119.45,119.52,118.51,119.39,87.926,+0.03%,9391292
2014-10-09,119.27,119.67,118.78,118.87,87.543,-0.44%,10293812
2014-10-10,119.52,120.08,119.31,120.05,88.412,+0.99%,8778325
2014-10-13,120.16,121.17,120.05,120.78,88.950,+0.61%,6452384
2014-10-14,121.31,121.78,120.68,121.57,89.531,+0.65%,11285617
2014-10-15,124.58,127.68,121.84,122.53,90.238,+0.79%,37408948
2014-10-16,124.12,124.13,121.44,121.75,89.664,-0.64%,18098188
2014-10-17,121.19,121.71,120.48,121.07,89.163,-0.56%,8524257
2014-10-20,121.78,121.85,120.94,121.51,89.487,+0.36%,7742600
2014-10-21,120.84,121.24,120.53,120.54,88.773,-0.80%,9758010
2014-10-22,120.47,120.85,120.22,120.67,88.869,+0.11%,9262018
2014-10-23,120.04,120.18,119.06,119.60,88.081,-0.89%,10936825
2014-10-24,119.93,120.41,119.47,119.72,88.169,+0.10%,5704911
2014-10-27,119.89,120.27,119.66,119.94,88.331,+0.18%,3392161
2014-10-28,119.48,119.65,119.08,119.19,87.779,-0.63%,5141976
2014-10-29,118.96,119.82,118.42,119.46,87.977,+0.23%,9106612
2014-10-30,120.32,120.46,119.51,119.56,88.051,+0.08%,2416049
2014-10-31,119.34,119.71,118.83,119.25,87.823,-0.26%,6664380
2014-11-03,118.90,119.16,118.21,118.96,87.823,-0.24%,9726839
2014-11-04,119.42,119.91,119.08,119.33,88.096,+0.31%,3664808
2014-11-05,118.91,119.37,118.82,119.16,87.970,-0.14%,4799628
2014-11-06,118.60,118.93,118.31,118.39,87.402,-0.65%,5901871
2014-11-07,118.72,119.75,118.68,119.75,88.406,+1.15%,8550548
2014-11-10,119.58,119.58,118.56,118.65,87.594,-0.92%,4787298
2014-11-11,118.48,118.81,118.34,118.73,87.653,+0.07%,2416470
2014-11-12,119.20,119.53,118.45,118.63,87.579,-0.08%,4040793
2014-11-13,118.70,119.18,118.44,118.91,87.786,+0.24%,4475902
2014-11-14,118.84,119.59,118.68,119.49,88.214,+0.49%,5191200
2014-11-17,119.78,119.79,118.88,119.19,87.993,-0.25%,4726190
2014-11-18,119.32,119.58,119.16,119.52,88.236,+0.28%,4471230
2014-11-19,118.88,119.58,118.76,118.76,87.675,-0.64%,5792474
2014-11-20,119.90,119.95,119.06,119.38,88.133,+0.52%,5683570
2014-11-21,119.57,120.16,119.52,120.10,88.664,+0.60%,3640144
2014-11-24,119.67,120.27,119.55,120.20,88.738,+0.08%,4033915
2014-11-25,120.37,121.27,120.31,121.20,89.476,+0.83%,6770006
2014-11-26,121.64,121.87,121.47,121.53,89.720,+0.27%,4339146
2014-11-28,122.13,122.67,122.13,122.49,90.429,+0.79%,4562187
2014-12-01,122.68,122.81,121.46,121.50,89.902,-0.81%,7728556
2014-12-02,120.84,120.85,120.29,120.32,89.029,-0.97%,5757162
2014-12-03,120.30,120.80,120.13,120.79,89.377,+0.39%,4868551
2014-12-04,120.75,121.80,120.62,121.80,90.124,+0.84%,4250485
2014-12-05,121.57,121.60,120.52,121.09,89.599,-0.58%,8030737
2014-12-08,121.42,122.84,121.14,122.57,90.694,+1.22%,6021774
2014-12-09,123.60,123.97,122.96,123.20,91.160,+0.51%,6639727
2014-12-10,123.18,124.40,123.08,124.10,91.826,+0.73%,6439191
2014-12-11,123.74,124.61,123.29,124.61,92.203,+0.41%,7863455
2014-12-12,125.45,126.35,125.02,126.30,93.454,+1.36%,9317388
2014-12-15,125.64,126.70,125.43,126.04,93.261,-0.21%,9387414
2014-12-16,127.36,127.72,126.36,127.60,94.416,+1.24%,7426434
2014-12-17,126.91,127.19,125.70,126.45,93.565,-0.90%,11558786
2014-12-18,124.93,125.10,124.20,124.20,91.900,-1.78%,12758214
2014-12-19,124.58,125.95,124.44,125.87,93.136,+1.34%,7894461
2014-12-22,125.45,126.19,125.32,126.04,93.261,+0.14%,4118783
2014-12-23,125.45,125.60,123.49,123.54,91.412,-1.98%,7406146
2014-12-24,123.06,124.06,122.93,123.95,91.908,+0.33%,4871374
2014-12-26,124.55,124.59,124.02,124.41,92.249,+0.37%,2921323
2014-12-29,124.91,125.66,124.81,125.34,92.939,+0.75%,4070721
2014-12-30,125.98,126.21,125.53,125.68,93.191,+0.27%,4372557
2014-12-31,125.70,126.17,125.65,125.92,93.369,+0.19%,4993301
2015-01-02,126.29,127.66,126.15,127.32,94.407,+1.11%,9431997
2015-01-05,128.01,129.63,127.96,129.32,95.890,+1.57%,9789519
2015-01-06,130.70,132.49,130.19,131.65,97.618,+1.80%,18331287
2015-01-07,130.70,131.97,130.17,131.39,97.425,-0.20%,9762919
2015-01-08,130.36,130.37,129.42,129.65,96.135,-1.32%,8055253
2015-01-09,129.20,131.11,129.04,131.07,97.188,+1.10%,9398821
2015-01-12,131.00,132.31,130.92,131.82,97.744,+0.57%,6658148
2015-01-13,131.39,132.61,131.14,131.82,97.744,0.00%,8260840
2015-01-14,133.72,134.12,132.70,132.82,98.485,+0.76%,12324546
2015-01-15,132.85,135.03,132.68,134.91,100.035,+1.57%,11454237
2015-01-16,134.33,134.68,133.03,133.19,98.760,-1.27%,9390473
2015-01-20,134.13,135.11,134.07,134.96,100.072,+1.33%,7758724
2015-01-21,135.20,135.59,132.96,133.40,98.915,-1.16%,9803896
2015-01-22,134.00,134.18,132.28,132.92,98.559,-0.36%,10200015
2015-01-23,134.30,135.12,134.15,134.77,99.931,+1.39%,7334591
2015-01-26,134.84,135.19,134.05,134.36,99.627,-0.30%,5966478
2015-01-27,135.73,136.13,134.15,134.57,99.783,+0.16%,8079582
2015-01-28,134.75,137.41,134.70,136.77,101.414,+1.63%,12230298
2015-01-29,136.12,136.67,135.46,135.87,100.747,-0.66%,8881399
2015-01-30,135.87,138.50,135.87,138.28,102.534,+1.77%,14871221
2015-02-02,136.70,137.92,136.66,137.48,102.148,-0.58%,13689942
2015-02-03,135.65,135.79,134.37,134.57,99.985,-2.12%,14008703
2015-02-04,133.49,134.99,133.12,134.80,100.156,+0.17%,11360416
2015-02-05,134.00,134.23,133.11,133.32,99.057,-1.10%,8334585
2015-02-06,132.05,132.35,130.59,130.96,97.303,-1.77%,13685553
2015-02-09,131.97,131.98,130.75,130.75,97.147,-0.16%,8025546
2015-02-10,130.14,130.47,129.44,129.71,96.374,-0.80%,8290732
2015-02-11,129.70,130.27,128.96,129.95,96.553,+0.19%,6506362
2015-02-12,129.66,130.54,129.45,129.52,96.233,-0.33%,12548329
2015-02-13,129.51,129.53,128.09,128.19,95.245,-1.03%,8325223
2015-02-17,127.80,127.93,125.92,126.26,93.811,-1.51%,14968830
2015-02-18,126.82,127.74,126.47,127.01,94.368,+0.59%,14009187
2015-02-19,126.78,127.45,126.17,126.17,93.744,-0.66%,8584765
2015-02-20,127.05,128.01,126.00,126.54,94.019,+0.29%,12502546
2015-02-23,127.19,128.17,127.16,127.99,95.097,+1.15%,7500542
2015-02-24,127.65,129.79,127.18,129.67,96.345,+1.31%,11958343
2015-02-25,129.46,130.39,129.08,130.23,96.761,+0.43%,8019820
2015-02-26,129.70,130.30,128.40,128.45,95.438,-1.37%,11020500
2015-02-27,129.02,129.62,128.27,129.53,96.241,+0.84%,9225087
2015-03-02,129.00,129.07,126.77,126.87,94.452,-2.05%,11323970
2015-03-03,126.89,127.37,126.38,126.41,94.109,-0.36%,8599004
2015-03-04,126.94,127.04,126.16,126.45,94.139,+0.03%,6478887
2015-03-05,126.53,126.88,125.90,126.29,94.020,-0.13%,6044998
2015-03-06,124.67,124.83,122.97,123.50,91.943,-2.21%,20022904
2015-03-09,124.68,124.87,124.13,124.64,92.791,+0.92%,8889065
2015-03-10,125.97,126.44,125.76,126.28,94.012,+1.32%,9277945
2015-03-11,126.26,127.46,126.12,127.20,94.697,+0.73%,6663085
2015-03-12,128.20,128.20,126.72,127.11,94.630,-0.07%,10295863
2015-03-13,126.76,127.59,126.49,126.72,94.340,-0.31%,7247189
2015-03-16,127.94,128.15,127.27,127.94,95.248,+0.96%,6374608
2015-03-17,128.55,129.11,128.28,129.00,96.037,+0.83%,6313964
2015-03-18,129.91,131.53,128.61,131.49,97.891,+1.93%,13981903
2015-03-19,131.20,131.62,130.27,130.82,97.392,-0.51%,9543795
2015-03-20,131.22,131.70,131.14,131.51,97.906,+0.53%,5953751
2015-03-23,131.70,131.75,130.99,131.35,97.787,-0.12%,5555506
2015-03-24,131.83,132.64,131.48,132.62,98.732,+0.97%,6713032
2015-03-25,132.72,132.76,131.46,131.50,97.899,-0.84%,5635768
2015-03-26,131.05,131.14,129.18,129.45,96.372,-1.56%,9536292
2015-03-27,130.03,131.13,129.98,131.06,97.571,+1.24%,7907909
2015-03-30,130.90,131.00,130.09,130.41,97.087,-0.50%,7010587
2015-03-31,130.24,130.96,129.91,130.69,97.296,+0.21%,6844288
2015-04-01,131.33,132.48,131.30,132.13,98.571,+1.10%,9273941
2015-04-02,131.93,131.97,130.61,130.73,97.526,-1.06%,6663396
2015-04-06,131.43,131.48,129.72,130.00,96.982,-0.56%,5923761
2015-04-07,130.23,131.22,129.85,131.09,97.795,+0.84%,4764948
2015-04-08,131.02,131.36,130.02,131.13,97.825,+0.03%,5378896
2015-04-09,130.87,130.92,129.13,129.43,96.557,-1.30%,6484206
2015-04-10,130.32,130.45,129.55,129.62,96.698,+0.15%,4842983
2015-04-13,129.53,129.98,129.39,129.80,96.833,+0.14%,4010619
2015-04-14,131.31,131.86,130.48,130.72,97.519,+0.71%,6075465
2015-04-15,131.05,131.27,130.32,130.61,97.437,-0.08%,4425222
2015-04-16,130.83,130.86,129.41,129.96,96.952,-0.50%,7085505
2015-04-17,129.77,131.70,129.70,131.45,98.064,+1.15%,7268774
2015-04-20,130.94,131.01,129.93,130.29,97.198,-0.88%,4949441
2015-04-21,130.23,130.45,129.56,129.70,96.758,-0.45%,4563763
2015-04-22,129.50,129.55,127.54,127.72,95.281,-1.53%,9707563
2015-04-23,127.80,128.85,127.61,128.27,95.691,+0.43%,6843409
2015-04-24,128.64,129.43,128.59,129.07,96.288,+0.62%,4773030
2015-04-27,129.07,129.50,128.37,129.07,96.288,0.00%,4334926
2015-04-28,128.17,128.74,127.26,127.29,94.960,-1.38%,7464325
2015-04-29,125.81,126.44,125.28,125.73,93.796,-1.23%,11554821
2015-04-30,125.04,126.17,124.51,125.95,93.961,+0.17%,12875959
2015-05-01,124.73,125.04,123.69,124.00,92.698,-1.55%,12378465
2015-05-04,124.30,124.53,122.72,122.83,91.824,-0.94%,9144659
2015-05-05,122.86,123.03,121.69,122.66,91.697,-0.14%,13935494
2015-05-06,121.99,122.06,120.37,120.56,90.127,-1.71%,14355025
2015-05-07,121.43,122.57,121.35,122.18,91.338,+1.34%,11933674
2015-05-08,123.38,123.55,122.31,122.51,91.584,+0.27%,11716437
2015-05-11,121.62,121.65,119.50,119.53,89.357,-2.43%,13738591
2015-05-12,119.14,120.63,118.82,119.84,89.588,+0.26%,15861707
2015-05-13,120.65,120.72,118.64,118.88,88.871,-0.80%,15759976
2015-05-14,118.92,119.83,118.69,119.20,89.110,+0.27%,9128441
2015-05-15,120.38,121.91,120.29,121.59,90.897,+2.01%,12630621
2015-05-18,120.32,120.43,119.47,119.55,89.372,-1.68%,10208341
2015-05-19,118.27,119.84,118.13,118.49,88.579,-0.89%,8435326
2015-05-20,118.77,119.45,118.18,118.69,88.729,+0.17%,7789665
2015-05-21,119.58,120.61,119.45,120.35,89.970,+1.40%,11760652
2015-05-22,120.65,120.75,119.80,120.40,90.007,+0.04%,5417933
2015-05-26,120.84,122.55,120.74,122.46,91.547,+1.71%,10469658
2015-05-27,122.18,122.86,121.61,122.74,91.756,+0.23%,6490255
2015-05-28,122.50,123.03,122.22,122.44,91.532,-0.24%,6237616
2015-05-29,123.23,123.57,122.51,122.71,91.734,+0.22%,7911982
2015-06-01,122.11,122.38,120.69,121.13,90.750,-1.29%,13108065
2015-06-02,120.17,120.26,119.11,119.44,89.484,-1.40%,10076179
2015-06-03,118.39,118.60,117.20,117.52,88.046,-1.61%,14810887
2015-06-04,118.26,119.29,118.14,119.05,89.192,+1.30%,10859277
2015-06-05,117.84,118.57,117.38,117.60,88.106,-1.22%,11200153
2015-06-08,117.96,118.16,117.37,117.47,88.008,-0.11%,5333972
2015-06-09,117.06,117.13,116.11,116.54,87.312,-0.79%,12393893
2015-06-10,115.92,116.13,115.26,115.52,86.547,-0.88%,12183562
2015-06-11,116.56,117.97,116.24,117.95,88.368,+2.10%,13849269
2015-06-12,117.59,119.07,117.55,117.97,88.383,+0.02%,7863117
2015-06-15,118.89,119.06,117.74,118.14,88.510,+0.14%,8194180
2015-06-16,118.61,119.08,117.94,119.06,89.200,+0.78%,7046378
2015-06-17,118.50,118.63,117.25,118.15,88.518,-0.76%,13626103
2015-06-18,117.37,117.74,116.75,117.60,88.106,-0.47%,10123276
2015-06-19,118.51,119.19,118.49,119.08,89.215,+1.26%,10439248
2015-06-22,117.84,118.14,116.59,116.65,87.394,-2.04%,9768973
2015-06-23,115.73,116.96,115.69,115.95,86.870,-0.60%,8945108
2015-06-24,116.51,117.17,116.16,116.95,87.619,+0.86%,8600392
2015-06-25,116.59,117.08,116.19,116.54,87.312,-0.35%,8287821
2015-06-26,115.67,115.87,114.88,115.23,86.330,-1.12%,11672979
2015-06-29,116.96,118.67,116.46,118.21,88.563,+2.59%,17132910
2015-06-30,117.40,118.70,117.33,117.53,88.053,-0.58%,13469011
2015-07-01,115.82,116.36,115.43,115.62,86.816,-1.63%,12451476
2015-07-02,116.32,116.66,115.88,116.07,87.154,+0.39%,6682132
2015-07-06,118.05,118.65,117.06,118.15,88.716,+1.79%,10605806
2015-07-07,119.66,120.49,118.95,119.26,89.549,+0.94%,16160105
2015-07-08,120.02,120.57,119.50,120.29,90.322,+0.86%,9951815
2015-07-09,118.70,119.12,117.85,117.92,88.543,-1.97%,11108879
2015-07-10,116.04,116.72,115.76,116.05,87.139,-1.59%,13636624
2015-07-13,115.39,116.46,115.39,115.69,86.868,-0.31%,8006723
2015-07-14,116.02,116.27,115.66,116.07,87.154,+0.33%,4227782
2015-07-15,116.11,117.55,116.04,117.29,88.070,+1.05%,8720406
2015-07-16,116.89,118.16,116.87,118.11,88.685,+0.70%,7306517
2015-07-17,118.37,118.89,118.36,118.72,89.144,+0.52%,7404940
2015-07-20,118.29,118.65,117.90,118.22,88.768,-0.42%,5940984
2015-07-21,117.68,118.93,117.66,118.86,89.249,+0.54%,5627455
2015-07-22,119.01,119.90,118.95,119.60,89.804,+0.62%,6228919
2015-07-23,119.60,121.20,119.45,121.09,90.923,+1.25%,9087712
2015-07-24,121.50,121.55,120.92,121.39,91.148,+0.25%,7307882
2015-07-27,122.19,122.29,121.48,122.04,91.636,+0.54%,8171957
2015-07-28,121.16,121.57,120.90,121.15,90.968,-0.73%,9128181
2015-07-29,121.02,121.17,120.42,120.74,90.660,-0.34%,6706432
2015-07-30,121.21,121.94,121.15,121.63,91.329,+0.74%,6146626
2015-07-31,122.44,122.90,122.06,122.53,92.004,+0.74%,9178422
2015-08-03,122.32,123.75,122.32,123.55,92.971,+0.83%,11753736
2015-08-04,123.16,123.32,122.46,122.57,92.234,-0.79%,6448757
2015-08-05,121.77,121.91,121.19,121.65,91.541,-0.75%,7574389
2015-08-06,122.00,122.87,122.00,122.73,92.354,+0.89%,6118061
2015-08-07,123.30,124.50,123.24,124.34,93.565,+1.31%,8316980
2015-08-10,123.41,123.57,122.52,122.80,92.407,-1.24%,7461656
2015-08-11,124.30,125.13,124.16,124.75,93.874,+1.59%,11145702
2015-08-12,124.93,125.71,124.00,124.07,93.362,-0.55%,8455249
2015-08-13,123.83,124.42,123.22,123.67,93.061,-0.32%,7691434
2015-08-14,123.47,124.37,123.20,123.96,93.280,+0.23%,4324742
2015-08-17,124.71,125.10,124.39,124.52,93.701,+0.45%,7880324
2015-08-18,123.80,124.29,123.38,123.54,92.963,-0.79%,5024294
2015-08-19,123.06,124.93,122.99,124.72,93.851,+0.96%,10731141
2015-08-20,125.37,126.10,125.18,126.02,94.830,+1.04%,9078313
2015-08-21,126.16,126.74,125.59,126.39,95.108,+0.29%,10718318
2015-08-24,128.31,128.92,125.82,126.34,95.070,-0.04%,16663414
2015-08-25,124.55,124.79,123.56,124.33,93.558,-1.59%,15354785
2015-08-26,123.00,123.51,121.36,121.90,91.729,-1.95%,16429934
2015-08-27,121.82,122.87,121.65,122.00,91.805,+0.08%,9126952
2015-08-28,123.15,123.47,122.23,122.36,92.076,+0.30%,9946158
2015-08-31,123.36,123.47,121.34,121.42,91.368,-0.77%,8617562
2015-09-01,121.64,122.09,120.98,122.03,92.025,+0.50%,15298248
2015-09-02,121.42,121.98,120.86,120.98,91.233,-0.86%,9515229
2015-09-03,121.38,121.67,120.71,121.51,91.633,+0.44%,7042492
2015-09-04,122.45,122.93,121.82,122.68,92.515,+0.96%,7951303
2015-09-08,121.38,121.56,120.76,120.87,91.150,-1.48%,7049499
2015-09-09,119.63,121.71,119.56,121.45,91.587,+0.48%,7441863
2015-09-10,121.02,121.19,120.45,120.63,90.969,-0.68%,6789671
2015-09-11,121.47,122.08,121.33,121.39,91.542,+0.63%,5890921
2015-09-14,121.95,122.15,121.28,121.58,91.686,+0.16%,4221733
2015-09-15,120.89,121.05,119.12,119.25,89.928,-1.92%,11894974
2015-09-16,118.96,119.44,118.55,118.80,89.589,-0.38%,6949781
2015-09-17,118.88,120.37,118.73,120.25,90.683,+1.22%,19843582
2015-09-18,121.21,122.20,121.13,122.10,92.078,+1.54%,14963338
2015-09-21,121.01,121.11,119.78,120.11,90.577,-1.63%,10085551
2015-09-22,121.44,122.39,121.14,121.78,91.836,+1.39%,9968204
2015-09-23,121.62,122.07,120.99,121.77,91.829,-0.01%,6769859
2015-09-24,123.17,123.68,122.49,122.60,92.455,+0.68%,9605760
2015-09-25,121.65,121.93,121.27,121.54,91.655,-0.86%,8383733
2015-09-28,122.20,123.77,122.20,123.62,93.224,+1.71%,9833354
2015-09-29,123.54,124.29,123.25,123.97,93.488,+0.28%,9006123
2015-09-30,123.41,123.80,123.12,123.54,93.164,-0.35%,9832571
2015-10-01,124.08,124.52,123.66,123.81,93.560,+0.22%,9069447
2015-10-02,125.59,126.21,124.18,124.56,94.127,+0.61%,13000403
2015-10-05,123.72,123.83,122.78,122.87,92.850,-1.36%,11362675
2015-10-06,122.55,123.60,122.41,123.40,93.251,+0.43%,5687786
2015-10-07,122.81,123.33,122.51,122.99,92.941,-0.33%,6712790
2015-10-08,123.29,123.37,121.66,121.96,92.162,-0.84%,12882333
2015-10-09,121.97,122.64,121.90,122.28,92.404,+0.26%,9038104
2015-10-12,123.03,123.43,122.91,123.21,93.107,+0.76%,4241027
2015-10-13,123.53,123.60,122.80,123.42,93.266,+0.17%,6147248
2015-10-14,123.70,124.55,123.30,124.50,94.082,+0.88%,9738108
2015-10-15,124.31,124.46,123.78,123.89,93.621,-0.49%,6924268
2015-10-16,124.25,124.47,123.87,123.93,93.651,+0.03%,8048318
2015-10-19,123.79,123.97,122.91,123.59,93.394,-0.27%,6238361
2015-10-20,122.80,122.97,122.55,122.83,92.820,-0.61%,6431302
2015-10-21,123.61,124.22,123.47,124.05,93.742,+0.99%,6603844
2015-10-22,124.10,124.78,123.51,124.26,93.901,+0.17%,6934112
2015-10-23,123.10,123.46,122.85,123.20,93.100,-0.85%,7058213
2015-10-26,123.87,124.20,123.81,124.02,93.719,+0.67%,5859785
2015-10-27,124.02,124.90,124.02,124.33,93.953,+0.25%,7156769
2015-10-28,124.27,124.34,123.30,123.83,93.576,-0.40%,8468672
2015-10-29,123.18,123.22,121.70,121.87,92.094,-1.58%,12107974
2015-10-30,122.24,122.81,122.02,122.78,92.782,+0.75%,11861389
2015-11-02,121.78,122.18,121.68,121.95,92.356,-0.68%,8751010
2015-11-03,121.65,121.74,120.79,120.95,91.599,-0.82%,8921581
2015-11-04,121.10,121.54,120.70,121.09,91.705,+0.12%,5980819
2015-11-05,121.05,121.06,120.30,120.77,91.463,-0.26%,7268407
2015-11-06,119.49,119.53,118.74,119.00,90.122,-1.47%,10604737
2015-11-09,118.10,118.90,118.00,118.33,89.615,-0.56%,9159480
2015-11-10,118.50,119.21,118.38,118.68,89.880,+0.30%,6712535
2015-11-11,118.35,118.58,118.27,118.43,89.691,-0.21%,2857898
2015-11-12,118.75,119.44,118.70,119.00,90.122,+0.48%,6805727
2015-11-13,119.32,119.90,119.22,119.68,90.637,+0.57%,7906585
2015-11-16,119.79,120.00,119.13,119.57,90.554,-0.09%,5485337
2015-11-17,119.00,120.13,118.66,119.77,90.705,+0.17%,5122919
2015-11-18,119.58,120.19,119.36,120.02,90.895,+0.21%,5233883
2015-11-19,120.88,121.15,120.68,120.82,91.501,+0.67%,6643031
2015-11-20,120.93,121.04,120.28,120.45,91.220,-0.31%,5971025
2015-11-23,120.53,121.12,120.32,120.82,91.501,+0.31%,5436264
2015-11-24,120.90,121.20,120.58,120.81,91.493,-0.01%,3371479
2015-11-25,121.17,121.42,120.95,121.09,91.705,+0.23%,3280898
2015-11-27,121.25,121.32,120.96,120.97,91.614,-0.10%,2570644
2015-11-30,121.10,121.53,121.06,121.45,91.978,+0.40%,5179764
2015-12-01,121.26,122.85,121.26,122.83,93.217,+1.14%,12766590
2015-12-02,122.66,123.04,122.19,122.87,93.247,+0.03%,7345805
2015-12-03,121.36,121.40,118.99,119.53,90.713,-2.72%,16612180
2015-12-04,119.53,120.93,119.47,120.58,91.510,+0.88%,11843829
2015-12-07,120.81,122.46,120.80,121.75,92.397,+0.97%,9016691
2015-12-08,122.28,122.43,121.45,121.81,92.443,+0.05%,7257521
2015-12-09,121.35,122.15,120.51,121.68,92.344,-0.11%,8993896
2015-12-10,121.79,122.03,121.49,121.84,92.466,+0.13%,5606896
2015-12-11,123.03,124.10,122.87,123.76,93.923,+1.58%,12299538
2015-12-14,123.08,123.15,121.75,122.16,92.709,-1.29%,10661052
2015-12-15,121.02,121.60,120.83,121.44,92.162,-0.59%,8795455
2015-12-16,121.07,122.17,120.50,121.18,91.965,-0.21%,10988572
2015-12-17,121.78,122.78,121.64,122.55,93.005,+1.13%,9922991
2015-12-18,123.08,123.52,122.82,123.23,93.521,+0.55%,10171700
2015-12-21,123.43,123.78,122.92,123.20,93.498,-0.02%,7494943
2015-12-22,122.65,122.80,121.99,122.31,92.822,-0.72%,5445763
2015-12-23,121.23,121.61,120.87,121.39,92.124,-0.75%,7287134
2015-12-24,121.47,121.87,121.40,121.83,92.651,+0.36%,3364567
2015-12-28,121.99,122.67,121.85,122.19,92.925,+0.30%,7586564
2015-12-29,121.69,121.74,120.01,120.16,91.381,-1.66%,7787496
2015-12-30,119.92,120.54,119.67,120.04,91.290,-0.10%,5508875
2015-12-31,120.57,120.86,120.25,120.58,91.700,+0.45%,7897690
2016-01-04,121.93,122.45,121.32,121.45,92.362,+0.72%,10591941
2016-01-05,120.88,121.50,120.66,120.96,91.989,-0.40%,6242567
2016-01-06,122.30,122.62,122.05,122.59,93.229,+1.35%,8916942
2016-01-07,122.68,122.93,121.79,122.81,93.396,+0.18%,10202158
2016-01-08,122.43,123.47,122.23,123.36,93.815,+0.45%,9577237
2016-01-11,122.04,122.79,121.86,122.01,92.788,-1.09%,10040254
2016-01-12,122.34,124.32,122.15,123.77,94.126,+1.44%,12897720
2016-01-13,123.53,125.50,123.27,124.99,95.054,+0.99%,15577552
2016-01-14,124.47,124.97,123.34,123.82,94.164,-0.94%,12873776
2016-01-15,125.40,125.96,125.08,125.75,95.632,+1.56%,13976332
2016-01-19,125.13,126.07,124.95,125.36,95.336,-0.31%,8926594
2016-01-20,126.98,127.92,126.42,126.68,96.339,+1.05%,17283292
2016-01-21,126.94,127.29,125.67,125.82,95.685,-0.68%,11001621
2016-01-22,124.91,125.53,124.52,125.34,95.320,-0.38%,10164328
2016-01-25,125.95,126.27,125.65,126.02,95.837,+0.54%,5738192
2016-01-26,125.99,126.46,125.75,126.08,95.883,+0.05%,5692621
2016-01-27,125.75,126.29,125.19,126.05,95.860,-0.02%,7957753
2016-01-28,125.54,126.41,125.46,126.23,95.997,+0.14%,10575351
2016-01-29,127.41,127.86,126.92,127.30,96.811,+0.85%,13170724
2016-02-01,126.79,127.07,126.29,126.67,96.515,-0.49%,9948356
2016-02-02,128.10,129.04,128.00,129.02,98.306,+1.86%,10399965
2016-02-03,128.28,129.94,127.92,127.95,97.490,-0.83%,13308995
2016-02-04,128.22,128.59,127.51,128.57,97.963,+0.48%,9953521
2016-02-05,127.89,129.00,127.59,128.72,98.077,+0.12%,9200847
2016-02-08,129.72,131.63,129.68,131.49,100.188,+2.15%,14452163
2016-02-09,132.04,132.06,130.96,131.63,100.294,+0.11%,15232056
2016-02-10,131.70,132.84,131.11,132.79,101.178,+0.88%,12797068
2016-02-11,134.44,135.25,133.01,133.72,101.887,+0.70%,21620249
2016-02-12,132.64,133.13,130.93,131.50,100.195,-1.66%,13888427
2016-02-16,130.72,130.75,129.81,130.11,99.136,-1.06%,11766006
2016-02-17,129.64,129.83,128.71,129.31,98.527,-0.61%,13157299
2016-02-18,129.41,131.00,129.36,130.90,99.738,+1.23%,10196700
2016-02-19,130.94,131.82,130.73,131.01,99.822,+0.08%,8188740
2016-02-22,131.10,131.11,130.70,130.94,99.769,-0.05%,5054326
2016-02-23,129.88,131.74,129.78,131.47,100.172,+0.40%,8320727
2016-02-24,132.40,133.39,130.95,131.21,99.974,-0.20%,9091189
2016-02-25,131.48,132.56,131.32,131.68,100.332,+0.36%,6097222
2016-02-26,130.31,130.81,130.04,130.41,99.365,-0.96%,9244954
2016-02-29,130.47,131.17,130.42,130.98,99.799,+0.44%,8016109
2016-03-01,130.82,130.85,128.32,128.43,98.045,-1.95%,13729116
2016-03-02,128.32,128.97,128.21,128.96,98.450,+0.41%,7047705
2016-03-03,129.07,129.94,128.77,129.43,98.809,+0.36%,6395336
2016-03-04,128.75,129.13,127.76,128.60,98.175,-0.64%,8687010
2016-03-07,128.45,128.67,128.05,128.56,98.145,-0.03%,5493336
2016-03-08,130.35,130.99,129.95,129.98,99.229,+1.10%,7175371
2016-03-09,129.08,129.69,128.81,129.19,98.626,-0.61%,7194693
2016-03-10,129.50,129.84,127.92,128.66,98.221,-0.41%,10092026
2016-03-11,128.82,128.88,127.21,127.36,97.228,-1.01%,8927006
2016-03-14,127.82,128.39,127.66,127.76,97.534,+0.31%,5176989
2016-03-15,128.50,128.66,127.61,127.88,97.625,+0.09%,6413224
2016-03-16,127.75,128.52,127.37,128.26,97.916,+0.30%,9728881
2016-03-17,128.51,129.34,128.49,128.79,98.320,+0.41%,7805464
2016-03-18,129.04,129.51,128.70,129.06,98.526,+0.21%,8198622
2016-03-21,128.25,128.62,127.75,128.07,97.771,-0.77%,5514849
2016-03-22,128.83,129.02,127.92,128.04,97.748,-0.02%,4997933
2016-03-23,128.41,129.82,128.29,129.49,98.855,+1.13%,10628207
2016-03-24,130.58,130.64,129.00,129.54,98.893,+0.04%,6343287
2016-03-28,129.38,130.16,129.28,129.71,99.023,+0.13%,5058676
2016-03-29,130.38,131.09,130.02,131.07,100.061,+1.05%,9396659
2016-03-30,130.03,130.07,128.98,129.69,99.007,-1.05%,8478718
2016-03-31,129.98,130.81,129.79,130.61,99.710,+0.71%,7832575
2016-04-01,130.98,131.13,129.90,130.68,99.969,+0.05%,9341350
2016-04-04,130.79,130.97,130.27,130.76,100.031,+0.06%,5145057
2016-04-05,132.01,132.36,131.78,132.19,101.125,+1.09%,6482810
2016-04-06,131.53,131.67,130.74,131.23,100.390,-0.73%,6393875
2016-04-07,132.19,132.99,132.01,132.85,101.629,+1.23%,5963282
2016-04-08,132.17,132.40,131.64,132.01,100.987,-0.63%,5585183
2016-04-11,131.32,132.18,131.11,131.84,100.857,-0.13%,4805494
2016-04-12,131.08,131.55,130.53,130.93,100.161,-0.69%,4276037
2016-04-13,130.69,131.58,130.52,131.39,100.513,+0.35%,5207859
2016-04-14,130.91,131.31,130.49,130.76,100.031,-0.48%,6966979
2016-04-15,131.29,132.16,131.25,131.88,100.887,+0.86%,5831142
2016-04-18,131.33,131.44,130.66,131.31,100.451,-0.43%,4486643
2016-04-19,131.08,131.31,130.29,130.90,100.138,-0.31%,5212335
2016-04-20,131.16,131.65,129.27,129.46,99.036,-1.10%,10920713
2016-04-21,128.44,129.07,128.29,128.69,98.447,-0.59%,11154216
2016-04-22,128.85,128.91,128.24,128.36,98.195,-0.26%,5826383
2016-04-25,128.06,128.52,127.83,127.83,97.789,-0.41%,5539464
2016-04-26,127.76,127.76,127.12,127.25,97.345,-0.45%,7839962
2016-04-27,127.92,128.82,127.62,128.52,98.317,+1.00%,8380065
2016-04-28,128.21,129.14,128.04,129.05,98.722,+0.41%,7974606
2016-04-29,128.45,129.71,128.20,129.38,98.975,+0.26%,7416314
2016-05-02,128.66,128.90,127.80,127.82,97.981,-1.21%,11035175
2016-05-03,129.55,130.02,129.35,129.43,99.215,+1.26%,10736651
2016-05-04,129.68,130.17,129.19,130.14,99.759,+0.55%,7211166
2016-05-05,130.06,131.07,129.70,131.01,100.426,+0.67%,7870447
2016-05-06,130.85,130.86,130.29,130.45,99.997,-0.43%,7232476
2016-05-09,130.46,130.89,130.32,130.86,100.311,+0.31%,4950805
2016-05-10,130.85,131.12,130.65,130.87,100.319,+0.01%,4331861
2016-05-11,130.83,132.00,130.66,131.61,100.886,+0.57%,9256048
2016-05-12,130.66,131.17,130.59,131.01,100.426,-0.46%,6087364
2016-05-13,131.48,132.32,131.23,132.28,101.399,+0.97%,8707286
2016-05-16,131.64,131.66,130.98,131.14,100.526,-0.86%,5137039
2016-05-17,131.21,131.83,131.21,131.36,100.694,+0.17%,4449130
2016-05-18,130.81,130.85,128.91,129.49,99.261,-1.42%,12680973
2016-05-19,129.68,130.33,129.65,130.05,99.690,+0.43%,6209379
2016-05-20,129.65,130.40,129.55,130.15,99.767,+0.08%,5348879
2016-05-23,130.36,130.73,129.92,130.44,99.989,+0.22%,6979730
2016-05-24,129.97,130.19,129.24,129.86,99.544,-0.44%,5968275
2016-05-25,129.83,130.25,129.31,129.37,99.169,-0.38%,6367396
2016-05-26,129.81,130.45,129.80,130.04,99.682,+0.52%,5419303
2016-05-27,130.07,130.26,129.70,129.85,99.537,-0.15%,5267595
2016-05-31,129.02,130.44,128.98,130.16,99.774,+0.24%,8344257
2016-06-01,130.63,131.27,130.11,130.42,100.178,+0.20%,9874878
2016-06-02,130.90,131.69,130.87,131.36,100.901,+0.72%,5835531
2016-06-03,132.86,133.23,132.60,133.23,102.337,+1.42%,11077213
2016-06-06,132.78,132.89,132.10,132.24,101.576,-0.74%,7573732
2016-06-07,132.64,132.98,132.54,132.56,101.822,+0.24%,4680203
2016-06-08,132.87,133.43,132.71,133.27,102.368,+0.54%,5313151
2016-06-09,134.32,134.54,133.93,134.13,103.028,+0.65%,6820290
2016-06-10,134.79,135.33,134.26,134.78,103.528,+0.48%,6984577
2016-06-13,135.09,135.39,134.77,135.38,103.988,+0.45%,7688936
2016-06-14,136.19,136.22,135.22,135.28,103.912,-0.07%,9012488
2016-06-15,135.52,136.23,135.31,135.80,104.311,+0.38%,7953205
2016-06-16,136.74,137.56,136.18,136.46,104.818,+0.49%,10372653
2016-06-17,136.20,136.27,135.26,135.61,104.165,-0.62%,8489852
2016-06-20,134.24,134.55,134.01,134.16,103.051,-1.07%,7365885
2016-06-21,134.29,134.58,133.46,133.54,102.575,-0.46%,6005848
2016-06-22,133.50,133.99,133.25,133.76,102.744,+0.16%,5773676
2016-06-23,132.61,133.32,132.08,132.23,101.569,-1.14%,9029115
2016-06-24,136.61,136.61,135.30,135.78,104.296,+2.68%,17155023
2016-06-27,138.44,139.59,138.40,139.17,106.900,+2.50%,17573865
2016-06-28,139.44,139.90,138.88,139.46,107.122,+0.21%,14006412
2016-06-29,139.68,140.13,138.26,138.39,106.300,-0.77%,12999793
2016-06-30,138.81,139.94,138.09,138.90,106.692,+0.37%,14698513
2016-07-01,140.81,140.82,139.19,140.57,108.171,+1.20%,15430178
2016-07-05,141.85,142.91,141.70,142.33,109.525,+1.25%,8840774
2016-07-06,142.79,143.00,141.96,142.56,109.702,+0.16%,14352847
2016-07-07,142.09,143.19,141.78,142.55,109.695,-0.01%,9676415
2016-07-08,142.92,143.62,142.36,143.60,110.503,+0.74%,10355253
2016-07-11,143.05,143.47,142.24,142.34,109.533,-0.88%,8099048
2016-07-12,140.42,140.86,139.64,140.00,107.732,-1.64%,15810639
2016-07-13,141.37,141.77,140.95,141.65,109.002,+1.18%,8181672
2016-07-14,139.28,139.84,139.09,139.59,107.417,-1.45%,10817019
2016-07-15,138.89,139.11,138.18,138.39,106.493,-0.86%,9958624
2016-07-18,139.07,139.26,137.73,138.26,106.393,-0.09%,5955878
2016-07-19,138.94,139.31,138.40,139.04,106.994,+0.56%,8073906
2016-07-20,138.23,138.51,137.91,138.28,106.409,-0.55%,6942471
2016-07-21,137.04,138.62,136.99,138.56,106.624,+0.20%,10398437
2016-07-22,137.93,139.24,137.87,138.80,106.809,+0.17%,5811415
2016-07-25,138.94,139.26,138.59,138.70,106.732,-0.07%,4243800
2016-07-26,139.52,139.52,138.46,138.92,106.901,+0.16%,5243406
2016-07-27,139.55,140.65,139.40,140.65,108.233,+1.25%,8508125
2016-07-28,139.80,140.84,139.71,140.39,108.032,-0.18%,7336072
2016-07-29,140.45,141.68,140.22,141.56,108.933,+0.83%,8766743
2016-08-01,139.78,140.50,139.61,139.77,107.754,-1.26%,9809348
2016-08-02,137.83,139.26,137.50,138.33,106.644,-1.03%,10051207
2016-08-03,138.60,138.78,137.91,138.41,106.706,+0.06%,4930593
2016-08-04,139.46,140.16,139.27,139.45,107.507,+0.75%,5645951
2016-08-05,139.05,139.18,137.82,138.00,106.389,-1.04%,7778635
2016-08-08,137.60,138.54,137.32,138.26,106.590,+0.19%,5185234
2016-08-09,138.71,139.72,138.62,139.62,107.638,+0.98%,5503166
2016-08-10,139.90,140.51,139.47,140.16,108.055,+0.39%,5843487
2016-08-11,140.06,140.08,138.54,138.91,107.091,-0.89%,7624622
2016-08-12,140.41,140.86,139.87,140.08,107.993,+0.84%,7989640
2016-08-15,139.34,139.63,138.75,138.76,106.975,-0.94%,5108563
2016-08-16,138.98,139.15,138.23,138.39,106.690,-0.27%,6182739
2016-08-17,138.63,139.44,138.50,139.22,107.330,+0.60%,5001992
2016-08-18,139.20,139.76,138.79,139.44,107.500,+0.16%,3805233
2016-08-19,138.64,139.05,138.10,138.71,106.937,-0.52%,5516269
2016-08-22,139.65,140.14,139.37,139.88,107.839,+0.84%,5549684
2016-08-23,140.27,140.59,139.67,140.03,107.954,+0.11%,6841393
2016-08-24,140.10,140.19,139.39,139.70,107.700,-0.24%,6027834
2016-08-25,139.26,139.78,138.96,139.17,107.291,-0.38%,5855464
2016-08-26,139.73,140.69,138.22,138.36,106.667,-0.58%,12962524
2016-08-29,139.38,140.35,139.21,140.21,108.093,+1.34%,7310409
2016-08-30,140.17,140.26,139.67,139.67,107.677,-0.39%,5161769
2016-08-31,139.66,140.17,139.34,139.87,107.831,+0.14%,7349658
2016-09-01,138.62,140.10,138.57,139.77,107.950,-0.07%,9149133
2016-09-02,138.96,139.05,138.17,138.63,107.069,-0.82%,8396973
2016-09-06,138.71,140.08,138.51,139.64,107.850,+0.73%,8542625
2016-09-07,140.37,140.42,139.54,139.54,107.772,-0.07%,5421827
2016-09-08,138.86,139.27,137.26,137.79,106.421,-1.25%,14301465
2016-09-09,136.07,136.12,135.41,135.52,104.667,-1.65%,13347664
2016-09-12,135.32,135.83,135.16,135.59,104.722,+0.05%,9096573
2016-09-13,135.87,136.00,133.36,134.05,103.532,-1.14%,15645423
2016-09-14,134.05,134.91,134.05,134.25,103.687,+0.15%,7037670
2016-09-15,133.61,134.05,133.03,133.67,103.239,-0.43%,10234190
2016-09-16,134.58,134.81,134.22,134.75,104.073,+0.81%,7507901
2016-09-19,134.52,134.87,134.25,134.31,103.733,-0.33%,7105887
2016-09-20,135.15,135.58,134.67,134.78,104.096,+0.35%,6054765
2016-09-21,134.60,135.89,134.18,135.87,104.938,+0.81%,10698125
2016-09-22,136.67,137.29,136.50,136.95,105.772,+0.79%,12426243
2016-09-23,137.03,137.34,136.71,136.82,105.672,-0.09%,5928833
2016-09-26,137.07,137.83,137.02,137.69,106.343,+0.64%,8661318
2016-09-27,138.59,138.80,137.95,138.70,107.124,+0.73%,9450445
2016-09-28,138.50,139.15,138.22,138.40,106.892,-0.22%,7958732
2016-09-29,137.56,139.07,137.45,138.75,107.162,+0.25%,8319793
2016-09-30,138.55,138.64,136.87,137.51,106.204,-0.89%,11747119
2016-10-03,137.68,137.77,136.76,136.81,105.855,-0.51%,7588816
2016-10-04,136.62,136.84,135.16,135.21,104.617,-1.17%,12048727
2016-10-05,135.02,135.08,134.12,134.58,104.129,-0.47%,8917655
2016-10-06,133.97,134.69,133.68,133.83,103.549,-0.56%,7839909
2016-10-07,133.93,134.29,133.09,133.92,103.619,+0.07%,9953220
2016-10-10,132.85,133.16,132.51,133.13,103.007,-0.59%,6089117
2016-10-11,132.86,133.55,132.57,132.83,102.775,-0.23%,9670399
2016-10-12,132.67,133.02,132.24,132.96,102.876,+0.10%,7582449
2016-10-13,133.64,133.93,133.37,133.46,103.263,+0.38%,7080582
2016-10-14,132.27,132.95,131.53,131.59,101.816,-1.40%,11415109
2016-10-17,132.10,132.74,132.09,132.43,102.466,+0.64%,10595886
2016-10-18,131.86,132.89,131.83,132.86,102.798,+0.32%,7151001
2016-10-19,132.37,133.27,132.32,132.97,102.883,+0.08%,6941279
2016-10-20,133.64,133.75,132.90,133.11,102.992,+0.11%,6082274
2016-10-21,133.52,133.72,132.87,133.31,103.147,+0.15%,9222747
2016-10-24,133.41,133.45,132.29,132.73,102.698,-0.44%,6507489
2016-10-25,132.53,133.56,132.49,133.08,102.969,+0.26%,5134728
2016-10-26,132.46,132.80,131.99,132.18,102.272,-0.68%,5842548
2016-10-27,131.07,131.07,130.06,130.74,101.158,-1.09%,10044665
2016-10-28,130.39,130.93,130.33,130.45,100.934,-0.22%,7540950
2016-10-31,130.89,131.29,130.71,131.25,101.553,+0.61%,7047470
2016-11-01,130.16,131.60,129.88,131.01,101.560,-0.18%,12622367
2016-11-02,131.30,132.11,131.03,131.58,102.002,+0.44%,8666228
2016-11-03,130.75,131.05,130.44,130.57,101.219,-0.77%,6085408
2016-11-04,131.27,131.79,131.13,131.74,102.126,+0.90%,7622582
2016-11-07,130.75,131.00,130.44,130.62,101.258,-0.85%,5386725
2016-11-08,131.02,131.21,129.71,130.09,100.847,-0.41%,7576518
2016-11-09,127.22,127.37,124.22,124.57,96.568,-4.24%,31233486
2016-11-10,123.97,124.96,122.72,122.73,95.142,-1.48%,22961169
2016-11-11,122.96,123.05,121.65,122.04,94.607,-0.56%,10040165
2016-11-14,121.28,122.66,120.73,121.31,94.041,-0.60%,21174373
2016-11-15,122.22,122.81,121.78,121.91,94.506,+0.49%,11963704
2016-11-16,122.30,123.14,122.17,123.01,95.359,+0.90%,9149498
2016-11-17,121.95,122.11,120.99,121.20,93.955,-1.47%,11221604
2016-11-18,121.63,121.97,120.34,120.85,93.684,-0.29%,13577732
2016-11-21,121.21,121.48,120.89,121.15,93.917,+0.25%,6488066
2016-11-22,121.66,121.76,120.88,121.11,93.886,-0.03%,9989917
2016-11-23,119.99,120.91,119.25,120.64,93.521,-0.39%,13563514
2016-11-25,121.19,121.29,120.40,120.82,93.661,+0.15%,3126273
2016-11-28,121.41,121.73,121.09,121.71,94.351,+0.74%,8554998
2016-11-29,121.44,122.40,121.21,122.22,94.746,+0.42%,8363000
2016-11-30,119.97,121.01,119.48,120.24,93.211,-1.62%,21163537
2016-12-01,118.51,118.99,117.64,118.73,92.229,-1.26%,21715714
2016-12-02,119.17,120.21,119.14,119.60,92.905,+0.73%,12487458
2016-12-05,118.93,120.40,118.45,119.47,92.804,-0.11%,12100125
2016-12-06,119.34,119.94,119.12,119.38,92.734,-0.08%,11526642
2016-12-07,119.82,120.62,119.82,120.40,93.526,+0.85%,10392180
2016-12-08,119.15,119.31,118.78,118.98,92.423,-1.18%,12041139
2016-12-09,118.64,118.86,117.28,117.50,91.273,-1.24%,14646449
2016-12-12,117.27,117.80,116.88,117.72,91.444,+0.19%,9496347
2016-12-13,118.40,118.49,117.44,118.14,91.771,+0.36%,12189195
2016-12-14,119.08,119.21,116.80,116.82,90.745,-1.12%,16618386
2016-12-15,117.56,118.29,117.03,117.41,91.203,+0.51%,12400456
2016-12-16,117.61,117.92,116.80,117.14,90.994,-0.23%,14924640
2016-12-19,117.98,118.58,117.74,118.40,91.972,+1.08%,10868274
2016-12-20,117.63,117.90,117.38,117.81,91.514,-0.50%,7030613
2016-12-21,117.92,118.40,117.73,118.33,91.918,+0.44%,4624709
2016-12-22,117.53,118.00,117.50,117.81,91.754,-0.44%,5177794
2016-12-23,118.24,118.39,117.95,118.05,91.941,+0.20%,4461570
2016-12-27,117.42,117.70,117.23,117.67,91.645,-0.32%,5276560
2016-12-28,117.86,118.88,117.70,118.53,92.315,+0.73%,7578597
2016-12-29,118.80,119.27,118.66,118.95,92.642,+0.35%,8581375
2016-12-30,118.78,119.65,118.72,119.13,92.782,+0.15%,10613914
2017-01-03,118.41,119.99,118.18,119.64,93.179,+0.43%,13217317
2017-01-04,119.76,120.24,119.45,120.10,93.537,+0.38%,6699562
2017-01-05,120.45,122.03,120.17,121.98,95.002,+1.57%,13265820
2017-01-06,121.13,121.54,120.75,120.86,94.129,-0.92%,8369334
2017-01-09,121.88,122.00,121.46,121.83,94.885,+0.80%,8839108
2017-01-10,121.55,121.91,121.28,121.75,94.822,-0.07%,8417941
2017-01-11,121.94,122.69,121.41,122.16,95.142,+0.34%,9402523
2017-01-12,122.80,123.14,121.83,121.89,94.931,-0.22%,9977612
2017-01-13,121.33,121.75,120.62,121.31,94.480,-0.48%,9820003
2017-01-17,122.81,122.94,121.99,122.58,95.469,+1.05%,7853301
2017-01-18,121.77,121.96,120.91,121.01,94.246,-1.28%,9064689
2017-01-19,120.49,120.58,119.55,120.18,93.600,-0.69%,11795591
2017-01-20,119.84,120.31,119.29,119.94,93.413,-0.20%,16953217
2017-01-23,120.34,121.87,120.02,121.14,94.347,+1.00%,13118414
2017-01-24,120.77,121.13,119.80,120.31,93.701,-0.69%,8394978
2017-01-25,119.28,119.60,118.56,118.80,92.525,-1.26%,11115069
2017-01-26,118.91,119.26,118.33,119.20,92.836,+0.34%,7827932
2017-01-27,119.40,119.83,119.25,119.63,93.171,+0.36%,7197762
2017-01-30,119.44,119.88,119.20,119.27,92.891,-0.30%,6569509
2017-01-31,119.33,120.40,119.25,120.10,93.537,+0.70%,13298521
2017-02-01,119.10,119.53,118.58,119.10,92.960,-0.83%,10975521
2017-02-02,119.93,120.14,119.00,119.05,92.921,-0.04%,6978567
2017-02-03,119.44,119.87,118.47,119.00,92.882,-0.04%,10275574
2017-02-06,119.76,120.13,119.12,119.72,93.444,+0.61%,8433772
2017-02-07,119.78,121.01,119.47,120.60,94.131,+0.74%,8418420
2017-02-08,121.42,122.27,121.41,122.24,95.411,+1.36%,15734201
2017-02-09,121.41,121.59,120.66,120.83,94.311,-1.15%,16890586
2017-02-10,120.11,120.95,120.11,120.76,94.256,-0.06%,7978462
2017-02-13,120.25,120.41,119.88,120.38,93.959,-0.31%,11536780
2017-02-14,120.24,120.30,118.83,119.51,93.280,-0.72%,13210451
2017-02-15,118.76,119.22,118.65,118.96,92.851,-0.46%,8481015
2017-02-16,119.22,120.21,119.12,119.61,93.358,+0.55%,10005829
2017-02-17,120.61,120.70,120.13,120.32,93.913,+0.59%,7886448
2017-02-21,119.68,120.61,119.60,120.11,93.749,-0.17%,8703755
2017-02-22,120.80,120.82,119.59,120.31,93.905,+0.17%,8101522
2017-02-23,120.57,120.74,120.33,120.67,94.186,+0.30%,5330784
2017-02-24,121.35,122.14,121.26,122.01,95.232,+1.11%,11335989
2017-02-27,121.81,121.90,121.23,121.29,94.670,-0.59%,11039831
2017-02-28,121.50,122.08,121.32,121.74,95.021,+0.37%,8410508
2017-03-01,119.44,119.55,118.95,119.47,93.432,-1.86%,10717113
2017-03-02,119.01,119.21,118.62,119.04,93.095,-0.36%,8201247
2017-03-03,119.23,119.35,118.55,119.35,93.338,+0.26%,9515219
2017-03-06,119.12,119.12,118.52,118.78,92.892,-0.48%,4489229
2017-03-07,118.48,118.68,118.25,118.42,92.611,-0.30%,7080088
2017-03-08,117.31,117.95,117.23,117.78,92.110,-0.54%,11336336
2017-03-09,117.34,117.48,116.77,116.84,91.375,-0.80%,10575439
2017-03-10,117.14,117.32,116.68,117.25,91.696,+0.35%,9218505
2017-03-13,116.83,117.09,116.49,116.51,91.117,-0.63%,6993071
2017-03-14,116.77,117.35,116.71,117.07,91.555,+0.48%,9869230
2017-03-15,117.56,118.83,117.43,118.50,92.673,+1.22%,14600488
2017-03-16,117.99,118.15,117.63,117.90,92.204,-0.51%,8018165
2017-03-17,118.11,118.75,118.03,118.64,92.783,+0.63%,7266766
2017-03-20,118.55,119.23,118.50,119.15,93.181,+0.43%,5497756
2017-03-21,119.05,120.30,119.02,120.14,93.956,+0.83%,12540662
2017-03-22,120.72,121.17,120.43,120.62,94.331,+0.40%,11661374
2017-03-23,120.83,121.02,120.06,120.45,94.198,-0.14%,6746461
2017-03-24,120.53,121.10,120.40,120.88,94.534,+0.36%,5819630
2017-03-27,121.83,121.97,121.19,121.43,94.965,+0.45%,6878473
2017-03-28,121.79,121.82,120.49,120.62,94.331,-0.67%,6811244
2017-03-29,120.94,121.38,120.88,121.34,94.894,+0.60%,6291020
2017-03-30,121.07,121.09,120.32,120.36,94.128,-0.81%,7042448
2017-03-31,120.28,120.81,120.21,120.71,94.401,+0.29%,5144760
2017-04-03,120.45,121.87,120.40,121.67,95.351,+0.80%,12996495
2017-04-04,121.37,121.59,120.95,121.01,94.834,-0.54%,6976660
2017-04-05,120.56,121.52,120.36,121.38,95.124,+0.31%,8555235
2017-04-06,121.24,121.41,120.52,121.20,94.983,-0.15%,6496995
2017-04-07,121.84,122.25,120.69,120.71,94.599,-0.40%,10264226
2017-04-10,121.14,121.62,121.00,121.27,95.038,+0.46%,5314493
2017-04-11,121.80,122.65,121.72,122.42,95.939,+0.95%,11297362
2017-04-12,122.51,123.19,122.29,123.09,96.464,+0.55%,11532463
2017-04-13,123.45,123.74,122.91,123.47,96.762,+0.31%,8396661
2017-04-17,123.46,123.55,122.86,123.09,96.464,-0.31%,8015015
2017-04-18,123.86,124.98,123.55,124.70,97.726,+1.31%,11529704
2017-04-19,124.10,124.17,123.70,124.02,97.193,-0.55%,7343991
2017-04-20,123.52,123.92,123.14,123.54,96.817,-0.39%,7932918
2017-04-21,123.82,124.24,123.49,123.54,96.817,0.00%,9798520
2017-04-24,122.55,123.16,122.46,122.93,96.339,-0.49%,8066371
2017-04-25,122.21,122.46,121.38,121.45,95.179,-1.20%,8122253
2017-04-26,121.52,122.14,121.43,122.12,95.704,+0.55%,5766213
2017-04-27,121.75,122.35,121.58,122.08,95.673,-0.03%,4978328
2017-04-28,121.60,122.44,121.55,122.35,95.884,+0.22%,8166295
2017-05-01,121.69,122.14,120.71,121.08,95.089,-1.04%,8795929
2017-05-02,120.97,121.78,120.94,121.70,95.576,+0.51%,6727813
2017-05-03,122.22,122.39,121.55,121.78,95.638,+0.07%,8932912
2017-05-04,121.01,121.22,120.67,121.18,95.167,-0.49%,9707211
2017-05-05,121.38,121.47,120.89,121.29,95.254,+0.09%,5605412
2017-05-08,121.11,121.14,120.53,120.63,94.735,-0.54%,8057780
2017-05-09,120.38,120.63,120.14,120.62,94.727,-0.01%,5536746
2017-05-10,120.91,121.06,120.16,120.48,94.617,-0.12%,6517131
2017-05-11,120.00,120.57,119.91,120.48,94.617,0.00%,7479834
2017-05-12,121.01,121.49,120.98,121.39,95.332,+0.76%,7464184
2017-05-15,121.06,121.21,120.75,121.06,95.073,-0.27%,5173188
2017-05-16,121.11,121.89,121.11,121.51,95.426,+0.37%,6722728
2017-05-17,122.63,123.54,122.39,123.28,96.816,+1.46%,11236435
2017-05-18,123.75,123.94,123.19,123.42,96.926,+0.11%,8350484
2017-05-19,123.36,123.78,123.01,123.71,97.154,+0.23%,11277436
2017-05-22,123.41,123.56,123.26,123.37,96.887,-0.27%,4063071
2017-05-23,123.51,123.62,122.48,122.54,96.235,-0.67%,7901311
2017-05-24,122.80,123.26,122.54,123.23,96.777,+0.56%,7468346
2017-05-25,123.02,123.28,122.76,123.27,96.809,+0.03%,6464812
2017-05-26,123.55,123.74,123.25,123.48,96.973,+0.17%,2963919
2017-05-30,124.03,124.14,123.74,124.09,97.453,+0.49%,4819358
2017-05-31,124.05,124.65,124.03,124.40,97.696,+0.25%,8000164
2017-06-01,123.70,124.19,123.66,124.15,97.706,-0.20%,9037271
2017-06-02,125.22,125.77,125.05,125.62,98.863,+1.18%,13245037
2017-06-05,124.90,125.16,124.78,124.84,98.249,-0.62%,6775466
2017-06-06,125.69,125.87,125.40,125.52,98.784,+0.54%,12841474
2017-06-07,125.24,125.52,124.79,124.92,98.312,-0.48%,12852353
2017-06-08,124.88,124.88,124.30,124.59,98.052,-0.26%,8758621
2017-06-09,124.08,124.64,123.98,124.40,97.903,-0.15%,5130548
2017-06-12,124.21,124.99,124.14,124.36,97.871,-0.03%,4335780
2017-06-13,124.01,124.52,123.99,124.38,97.887,+0.02%,4742571
2017-06-14,125.92,126.71,125.73,126.30,99.398,+1.54%,20212287
2017-06-15,126.09,126.33,125.83,126.10,99.241,-0.16%,5863708
2017-06-16,126.08,126.44,126.01,126.35,99.438,+0.20%,6672543
2017-06-19,126.32,126.48,126.03,126.17,99.296,-0.14%,5641338
2017-06-20,126.79,127.40,126.79,127.30,100.185,+0.90%,8405680
2017-06-21,127.11,127.64,126.91,127.56,100.390,+0.20%,5914825
2017-06-22,127.71,127.87,127.31,127.84,100.610,+0.22%,6608055
2017-06-23,127.47,127.90,127.40,127.78,100.563,-0.05%,4329910
2017-06-26,128.27,128.57,128.16,128.26,100.941,+0.38%,5541628
2017-06-27,127.43,127.49,126.62,126.89,99.863,-1.07%,8354227
2017-06-28,126.67,126.71,125.98,126.47,99.532,-0.33%,7357931
2017-06-29,125.01,125.72,124.90,125.41,98.698,-0.84%,9116011
2017-06-30,125.19,125.39,124.85,125.12,98.470,-0.23%,10189811
2017-07-03,125.00,125.04,124.02,124.46,98.153,-0.53%,11021117
2017-07-05,124.20,124.65,124.12,124.49,98.177,+0.02%,11394539
2017-07-06,123.52,123.64,122.93,123.46,97.364,-0.83%,10853050
2017-07-07,122.84,123.03,122.59,122.72,96.781,-0.60%,9401813
2017-07-10,122.87,123.10,122.68,122.90,96.923,+0.15%,3859189
2017-07-11,122.86,123.33,122.71,123.11,97.088,+0.17%,4425579
2017-07-12,123.89,124.04,123.49,123.96,97.759,+0.69%,7839923
2017-07-13,123.60,123.65,122.81,123.18,97.143,-0.63%,7449253
2017-07-14,124.10,124.16,123.12,123.33,97.262,+0.12%,6566826
2017-07-17,123.33,123.99,123.27,123.67,97.530,+0.28%,4737647
2017-07-18,124.43,124.77,124.23,124.75,98.382,+0.87%,9163037
2017-07-19,124.78,125.01,124.59,124.80,98.421,+0.04%,5140862
2017-07-20,125.49,125.73,124.97,125.16,98.705,+0.29%,12239091
2017-07-21,125.73,126.03,125.57,125.69,99.123,+0.42%,6201481
2017-07-24,125.45,125.66,125.16,125.20,98.736,-0.39%,5378534
2017-07-25,124.14,124.19,123.47,123.57,97.451,-1.30%,9743266
2017-07-26,123.27,124.09,123.08,123.77,97.609,+0.16%,8459547
2017-07-27,123.11,123.38,122.82,123.16,97.128,-0.49%,6390798
2017-07-28,123.27,123.99,123.26,123.89,97.703,+0.59%,5491761
2017-07-31,123.46,124.05,123.40,124.04,97.822,+0.12%,5464596
2017-08-01,123.18,124.71,123.16,124.64,98.507,+0.48%,9676842
2017-08-02,124.77,125.17,124.68,124.71,98.562,+0.06%,5745622
2017-08-03,125.29,126.02,125.26,126.00,99.582,+1.03%,10324510
2017-08-04,125.15,125.18,124.44,124.93,98.736,-0.85%,8485492
2017-08-07,124.84,125.10,124.61,125.07,98.847,+0.11%,4684576
2017-08-08,124.87,124.98,124.15,124.62,98.491,-0.36%,6197386
2017-08-09,125.93,125.95,125.20,125.30,99.028,+0.55%,9221830
2017-08-10,125.62,126.44,125.52,126.37,99.874,+0.85%,10378215
2017-08-11,125.77,126.46,125.55,126.43,99.921,+0.05%,5717807
2017-08-14,125.99,126.28,125.73,125.78,99.408,-0.51%,5111040
2017-08-15,124.73,125.54,124.71,125.25,98.989,-0.42%,7473231
2017-08-16,124.83,126.02,124.81,125.71,99.352,+0.37%,5283779
2017-08-17,125.70,126.68,125.51,126.65,100.095,+0.75%,9364681
2017-08-18,126.98,127.15,126.26,126.62,100.072,-0.02%,8382502
2017-08-21,126.77,127.02,126.50,126.93,100.317,+0.24%,7669826
2017-08-22,126.79,126.81,126.27,126.44,99.929,-0.39%,6140708
2017-08-23,127.04,127.31,126.76,127.30,100.609,+0.68%,7446363
2017-08-24,126.88,127.31,126.72,126.83,100.238,-0.37%,5569401
2017-08-25,127.02,127.45,126.87,127.32,100.625,+0.39%,7303300
2017-08-28,126.92,127.39,126.73,127.24,100.562,-0.06%,4448548
2017-08-29,128.46,128.52,127.31,127.65,100.886,+0.32%,7659555
2017-08-30,127.46,127.74,127.34,127.61,100.854,-0.03%,4735194
2017-08-31,127.64,128.03,127.57,127.99,101.154,+0.30%,7978406
2017-09-01,127.31,127.34,126.43,126.75,100.382,-0.97%,14128576
2017-09-05,127.69,128.80,127.69,128.76,101.974,+1.59%,15220687
2017-09-06,128.72,129.00,127.74,127.97,101.348,-0.61%,9066915
2017-09-07,128.33,129.57,128.33,129.28,102.386,+1.02%,13618862
2017-09-08,129.11,129.16,128.57,129.00,102.164,-0.22%,9808531
2017-09-11,127.87,128.05,127.26,127.46,100.944,-1.19%,17856690
2017-09-12,127.05,127.09,126.53,126.79,100.414,-0.53%,7557437
2017-09-13,126.91,126.92,126.28,126.29,100.018,-0.39%,6740040
2017-09-14,126.37,126.83,126.33,126.81,100.429,+0.41%,6674530
2017-09-15,127.00,127.01,126.54,126.86,100.469,+0.04%,9769178
2017-09-18,126.50,126.57,125.84,126.13,99.891,-0.58%,6862991
2017-09-19,126.28,126.31,125.73,125.82,99.645,-0.25%,5554948
2017-09-20,125.97,126.05,125.33,125.91,99.717,+0.07%,8036991
2017-09-21,126.16,126.56,125.82,125.84,99.661,-0.06%,6147895
2017-09-22,126.50,126.73,126.06,126.20,99.946,+0.29%,5660664
2017-09-25,126.32,127.27,126.20,126.99,100.572,+0.63%,9679004
2017-09-26,126.77,126.89,126.43,126.76,100.390,-0.18%,7251877
2017-09-27,124.87,125.30,124.61,124.85,98.877,-1.51%,12145700
2017-09-28,124.21,124.65,123.97,124.48,98.584,-0.30%,8883733
2017-09-29,124.76,125.03,124.27,124.76,98.806,+0.22%,11285465
2017-10-02,124.81,125.00,124.24,124.28,98.626,-0.38%,7860723
2017-10-03,123.92,124.51,123.92,124.40,98.721,+0.10%,6219818
2017-10-04,124.53,124.59,123.88,124.41,98.729,+0.01%,7446965
2017-10-05,124.27,124.30,123.69,123.94,98.356,-0.38%,8180271
2017-10-06,123.29,124.10,123.03,123.59,98.078,-0.28%,10375026
2017-10-09,123.78,124.06,123.64,123.98,98.388,+0.32%,3590926
2017-10-10,124.14,124.87,124.02,124.18,98.546,+0.16%,6666768
2017-10-11,124.57,124.66,124.26,124.42,98.737,+0.19%,4385859
2017-10-12,124.55,124.98,124.24,124.95,99.157,+0.43%,7141586
2017-10-13,125.58,125.94,125.17,125.85,99.872,+0.72%,7747000
2017-10-16,125.53,125.90,125.38,125.76,99.800,-0.07%,5737322
2017-10-17,125.39,126.09,125.39,125.92,99.927,+0.13%,4969626
2017-10-18,125.05,125.18,124.68,125.09,99.268,-0.66%,5943823
2017-10-19,125.74,126.01,125.27,125.31,99.443,+0.18%,8966467
2017-10-20,124.00,124.28,123.64,123.98,98.388,-1.06%,12326907
2017-10-23,124.16,124.49,124.02,124.20,98.562,+0.18%,6871125
2017-10-24,123.37,123.69,123.15,123.43,97.951,-0.62%,6842843
2017-10-25,122.53,122.98,122.42,122.84,97.483,-0.48%,9961406
2017-10-26,123.06,123.06,122.43,122.43,97.158,-0.33%,8179440
2017-10-27,122.94,123.33,122.75,123.24,97.800,+0.66%,10480857
2017-10-30,123.86,124.46,123.56,124.42,98.737,+0.96%,9051612
2017-10-31,124.53,124.66,124.40,124.46,98.768,+0.03%,4424322
2017-11-01,124.35,125.14,124.30,124.75,99.207,+0.23%,8940443
2017-11-02,125.00,125.52,124.92,125.30,99.645,+0.44%,7222693
2017-11-03,125.47,125.70,125.14,125.64,99.915,+0.27%,10984056
2017-11-06,125.93,126.22,125.72,126.11,100.289,+0.37%,6246719
2017-11-07,126.23,126.78,126.13,126.64,100.710,+0.42%,6422666
2017-11-08,126.59,126.80,126.21,126.36,100.488,-0.22%,3356399
2017-11-09,125.87,126.24,125.55,126.00,100.201,-0.28%,6280364
2017-11-10,124.71,124.84,123.96,124.10,98.690,-1.51%,11980950
2017-11-13,124.80,124.81,124.31,124.36,98.897,+0.21%,5880784
2017-11-14,124.77,125.24,124.77,125.20,99.565,+0.68%,6195891
2017-11-15,126.06,126.67,125.64,126.56,100.647,+1.09%,9568163
2017-11-16,126.01,126.33,125.45,125.46,99.772,-0.87%,5894944
2017-11-17,126.07,126.44,125.96,126.39,100.512,+0.74%,6938792
2017-11-20,125.91,126.38,125.91,126.34,100.472,-0.04%,4232349
2017-11-21,127.09,127.29,126.31,126.74,100.790,+0.32%,5818422
2017-11-22,126.62,127.20,126.51,127.15,101.116,+0.32%,4140708
2017-11-24,126.93,127.03,126.69,126.80,100.838,-0.28%,3141388
2017-11-27,126.86,127.05,126.42,126.62,100.694,-0.14%,6079853
2017-11-28,126.77,127.18,126.47,126.79,100.830,+0.13%,5983021
2017-11-29,125.56,125.68,125.10,125.54,99.836,-0.99%,14547146
2017-11-30,125.31,125.52,124.44,125.12,99.502,-0.33%,9630008
2017-12-01,125.87,127.69,125.10,126.55,100.841,+1.14%,24583127
2017-12-04,125.92,126.67,125.81,126.61,100.889,+0.05%,9609316
2017-12-05,126.47,127.50,126.45,127.24,101.391,+0.50%,10958930
2017-12-06,127.87,128.23,127.66,127.68,101.742,+0.35%,11834449
2017-12-07,127.93,128.10,126.30,126.68,100.945,-0.78%,13056807
2017-12-08,126.59,126.74,126.24,126.69,100.953,+0.01%,4786306
2017-12-11,126.86,127.09,126.41,126.43,100.746,-0.21%,3863802
2017-12-12,126.17,126.41,125.67,126.38,100.706,-0.04%,7502439
2017-12-13,126.81,127.39,126.59,127.33,101.463,+0.75%,8532859
2017-12-14,127.05,127.98,126.79,127.87,101.893,+0.42%,6884986
2017-12-15,127.81,128.59,127.56,128.35,102.276,+0.38%,7239398
2017-12-18,127.97,128.00,126.91,127.18,101.343,-0.91%,7239706
2017-12-19,126.32,126.38,125.07,125.53,100.029,-1.30%,11045782
2017-12-20,124.31,124.71,123.95,124.14,98.921,-1.11%,10005783
2017-12-21,124.03,124.86,124.00,124.60,99.496,+0.37%,7026878
2017-12-22,124.70,124.84,124.53,124.77,99.632,+0.14%,3974571
2017-12-26,124.98,125.53,124.97,125.14,99.927,+0.30%,3168442
2017-12-27,125.71,126.98,125.70,126.77,101.229,+1.30%,9059659
2017-12-28,126.53,126.83,126.37,126.66,101.141,-0.09%,5297264
2017-12-29,126.50,127.12,126.48,126.86,101.301,+0.16%,7580515
2018-01-02,126.49,126.51,125.07,125.49,100.207,-1.08%,16238206
2018-01-03,126.00,126.20,125.49,126.09,100.686,+0.48%,8605121
2018-01-04,125.65,126.16,125.37,126.07,100.670,-0.02%,9217876
2018-01-05,125.87,126.18,125.36,125.71,100.382,-0.29%,10915437
2018-01-08,125.99,126.03,125.17,125.63,100.318,-0.06%,8850576
2018-01-09,124.81,124.83,123.81,123.95,98.977,-1.34%,16226402
2018-01-10,122.81,123.93,122.66,123.80,98.857,-0.12%,14302604
2018-01-11,123.51,124.59,123.31,124.31,99.264,+0.41%,12511001
2018-01-12,124.10,124.79,123.91,124.52,99.432,+0.17%,9987129
2018-01-16,125.17,125.28,124.56,125.04,99.847,+0.42%,9125890
2018-01-17,125.08,125.64,124.60,124.87,99.712,-0.14%,8326973
2018-01-18,123.93,124.27,123.54,123.71,98.785,-0.93%,10843892
2018-01-19,123.40,123.56,122.98,123.06,98.266,-0.53%,11374309
2018-01-22,123.45,123.71,122.99,123.18,98.362,+0.10%,8985125
2018-01-23,123.81,124.20,123.24,123.71,98.785,+0.43%,12325687
2018-01-24,122.85,123.13,122.54,123.04,98.250,-0.54%,9038909
2018-01-25,123.16,124.15,122.80,124.05,99.057,+0.82%,12173297
2018-01-26,123.88,123.91,123.10,123.59,98.689,-0.37%,6462945
2018-01-29,122.97,122.97,122.30,122.73,98.003,-0.70%,12223038
2018-01-30,122.28,122.37,121.70,122.01,97.428,-0.59%,12064454
2018-01-31,122.87,122.93,121.94,122.73,98.003,+0.59%,18045079
2018-02-01,122.48,122.53,120.63,120.70,96.585,-1.65%,18632780
2018-02-02,120.15,120.26,119.24,119.58,95.689,-0.93%,23944423
2018-02-05,119.17,121.82,118.64,120.71,96.593,+0.94%,28606241
2018-02-06,120.42,120.87,119.72,119.96,95.993,-0.62%,10935439
2018-02-07,120.13,120.33,118.56,118.82,95.081,-0.95%,16271063
2018-02-08,118.01,119.18,117.85,118.69,94.977,-0.11%,15155094
2018-02-09,118.11,119.09,117.79,117.94,94.376,-0.63%,15661576
2018-02-12,118.56,119.30,118.19,118.46,94.792,+0.44%,10944598
2018-02-13,118.61,119.01,118.39,118.99,95.217,+0.45%,8157569
2018-02-14,118.46,118.54,117.47,117.67,94.160,-1.11%,12043313
2018-02-15,118.19,118.80,117.99,118.07,94.480,+0.34%,8222416
2018-02-16,119.04,119.21,118.34,118.71,94.993,+0.54%,8454089
2018-02-20,118.28,118.51,117.78,118.19,94.576,-0.44%,8268822
2018-02-21,118.24,118.29,116.51,116.74,93.416,-1.23%,12054315
2018-02-22,117.24,117.66,117.00,117.09,93.696,+0.30%,9317852
2018-02-23,117.88,118.31,117.72,118.13,94.528,+0.89%,9072850
2018-02-26,118.68,118.91,118.04,118.17,94.560,+0.03%,8771646
2018-02-27,118.52,118.66,117.26,118.00,94.424,-0.14%,12525659
2018-02-28,118.47,118.83,118.25,118.75,95.025,+0.64%,9311606
2018-03-01,118.43,119.62,118.15,119.32,95.672,+0.48%,12287700
2018-03-02,118.85,118.93,118.12,118.35,94.894,-0.81%,10064302
2018-03-05,118.75,118.80,117.63,118.03,94.638,-0.27%,5658174
2018-03-06,118.36,118.68,118.12,118.14,94.726,+0.09%,5452045
2018-03-07,118.57,118.68,117.96,118.01,94.622,-0.11%,4461757
2018-03-08,118.31,118.99,118.26,118.69,95.167,+0.58%,7086716
2018-03-09,117.99,118.27,117.59,117.91,94.541,-0.66%,6570366
2018-03-12,118.31,118.66,118.19,118.59,95.087,+0.58%,5801739
2018-03-13,118.31,119.37,118.19,119.19,95.568,+0.51%,7455302
2018-03-14,119.40,120.40,119.37,120.24,96.410,+0.88%,10175049
2018-03-15,120.17,120.49,119.93,120.24,96.410,0.00%,6757935
2018-03-16,119.80,120.01,119.55,119.81,96.065,-0.36%,6084329
2018-03-19,119.21,119.97,119.20,119.43,95.760,-0.32%,8491173
2018-03-20,118.91,119.22,118.83,118.95,95.375,-0.40%,5445971
2018-03-21,118.66,119.42,118.11,119.08,95.479,+0.11%,9742409
2018-03-22,120.31,120.82,119.67,120.26,96.426,+0.99%,12136574
2018-03-23,119.68,120.31,119.62,120.17,96.353,-0.07%,7250408
2018-03-26,120.00,120.45,119.67,119.71,95.985,-0.38%,8237947
2018-03-27,119.83,121.12,119.81,120.99,97.011,+1.07%,9168508
2018-03-28,121.45,121.64,120.95,121.31,97.268,+0.26%,7412538
2018-03-29,121.54,122.29,121.51,121.90,97.741,+0.49%,9694323
2018-04-02,121.35,122.36,121.16,121.88,97.933,-0.02%,12036489
2018-04-03,121.36,121.48,120.83,120.94,97.178,-0.77%,9855032
2018-04-04,121.35,121.46,120.60,120.69,96.977,-0.21%,6654312
2018-04-05,120.10,120.27,119.77,119.79,96.254,-0.75%,7603733
2018-04-06,120.66,121.15,120.22,121.10,97.307,+1.09%,8831225
2018-04-09,120.64,121.30,120.35,121.30,97.467,+0.17%,6307525
2018-04-10,121.20,121.38,120.78,121.08,97.291,-0.18%,6048601
2018-04-11,121.85,121.89,121.27,121.51,97.636,+0.36%,5901296
2018-04-12,121.04,121.07,120.41,120.62,96.921,-0.73%,6622829
2018-04-13,120.52,121.13,120.50,120.90,97.146,+0.23%,4963954
2018-04-16,120.23,120.97,120.18,120.94,97.178,+0.03%,4491254
2018-04-17,120.92,121.58,120.82,121.27,97.443,+0.27%,5590360
2018-04-18,121.29,121.34,120.28,120.30,96.664,-0.80%,8138401
2018-04-19,119.42,119.53,118.81,119.32,95.876,-0.81%,9875870
2018-04-20,118.89,119.13,118.43,118.46,95.185,-0.72%,7579370
2018-04-23,118.33,118.62,118.08,118.49,95.209,+0.03%,7073216
2018-04-24,118.21,118.45,117.76,117.95,94.776,-0.46%,8190786
2018-04-25,117.41,117.65,116.94,117.16,94.141,-0.67%,6603780
2018-04-26,117.73,118.13,117.59,117.98,94.800,+0.70%,6528572
2018-04-27,118.47,118.95,118.44,118.89,95.531,+0.77%,5402102
2018-04-30,119.08,119.56,118.94,119.10,95.700,+0.18%,8321071
2018-05-01,118.77,118.84,118.23,118.41,95.356,-0.58%,7979321
2018-05-02,118.64,118.87,118.26,118.28,95.251,-0.11%,4644051
2018-05-03,118.84,119.31,118.68,118.81,95.678,+0.45%,6345335
2018-05-04,119.23,119.23,118.49,118.99,95.823,+0.15%,4283487
2018-05-07,118.97,119.02,118.74,118.80,95.670,-0.16%,3647906
2018-05-08,118.55,119.00,118.30,118.69,95.581,-0.09%,6091243
2018-05-09,118.12,118.42,117.98,117.98,95.009,-0.60%,7832538
2018-05-10,118.55,118.98,118.35,118.93,95.774,+0.81%,7101525
2018-05-11,119.32,119.36,118.82,119.23,96.016,+0.25%,4273364
2018-05-14,118.80,118.99,118.59,118.60,95.509,-0.53%,4996183
2018-05-15,117.56,117.58,116.70,117.25,94.422,-1.14%,12901003
2018-05-16,117.42,117.53,116.79,116.80,94.059,-0.38%,6518040
2018-05-17,116.63,116.82,116.09,116.21,93.584,-0.51%,7330707
2018-05-18,116.51,117.29,116.51,117.21,94.389,+0.86%,9606468
2018-05-21,117.13,117.38,116.95,117.27,94.438,+0.05%,4448525
2018-05-22,117.29,117.35,116.85,117.09,94.293,-0.15%,4700736
2018-05-23,117.75,118.11,117.66,117.94,94.977,+0.73%,9633993
2018-05-24,118.69,119.06,118.64,118.88,95.734,+0.80%,8204131
2018-05-25,119.56,119.84,119.47,119.62,96.330,+0.62%,8482823
2018-05-29,120.79,122.52,120.43,122.24,98.440,+2.19%,21668143
2018-05-30,121.00,121.48,120.74,121.42,97.780,-0.67%,11616340
2018-05-31,121.56,121.98,120.95,121.22,97.619,-0.16%,10769941
2018-06-01,120.17,120.71,119.85,120.30,97.104,-0.76%,8718753
2018-06-04,120.11,120.14,119.37,119.43,96.402,-0.72%,7156542
2018-06-05,119.96,120.16,119.62,119.71,96.628,+0.23%,5635865
2018-06-06,119.08,119.10,118.42,118.74,95.845,-0.81%,7813347
2018-06-07,118.69,120.49,118.68,119.89,96.773,+0.97%,13238306
2018-06-08,119.56,119.85,119.44,119.53,96.483,-0.30%,6790574
2018-06-11,119.07,119.39,118.94,119.31,96.305,-0.18%,6844224
2018-06-12,118.93,119.46,118.89,119.34,96.329,+0.03%,6048154
2018-06-13,119.45,119.64,118.63,119.28,96.281,-0.05%,8834656
2018-06-14,119.78,120.30,119.48,120.27,97.080,+0.83%,10078771
2018-06-15,120.83,121.09,120.30,120.38,97.169,+0.09%,7992758
2018-06-18,120.48,120.56,120.04,120.27,97.080,-0.09%,4893710
2018-06-19,120.97,121.23,120.70,120.97,97.645,+0.58%,6133301
2018-06-20,120.77,120.79,119.90,119.91,96.789,-0.88%,6879114
2018-06-21,120.36,120.75,120.22,120.54,97.298,+0.53%,7235850
2018-06-22,120.09,120.62,120.06,120.53,97.290,-0.01%,4082473
2018-06-25,120.66,121.11,120.64,120.80,97.508,+0.22%,8363674
2018-06-26,120.77,121.03,120.66,120.97,97.645,+0.14%,5450031
2018-06-27,121.75,122.18,121.55,122.11,98.565,+0.94%,8173837
2018-06-28,122.13,122.25,121.83,122.14,98.589,+0.02%,7109543
2018-06-29,122.17,122.50,121.65,121.72,98.250,-0.34%,11164777
2018-07-02,121.74,121.75,121.29,121.35,98.174,-0.30%,9661972
2018-07-03,121.53,122.03,121.53,122.00,98.699,+0.54%,3808806
2018-07-05,122.06,122.53,122.01,122.35,98.983,+0.29%,3860359
2018-07-06,122.75,122.92,122.48,122.75,99.306,+0.33%,4679906
2018-07-09,122.07,122.21,121.90,121.96,98.667,-0.64%,5952743
2018-07-10,121.87,122.13,121.81,121.95,98.659,-0.01%,5759682
2018-07-11,122.45,122.55,122.09,122.42,99.039,+0.39%,6869150
2018-07-12,122.17,122.47,122.14,122.41,99.031,-0.01%,4824734
2018-07-13,122.61,122.87,122.47,122.72,99.282,+0.25%,4078970
2018-07-16,122.21,122.29,121.64,122.21,98.869,-0.42%,5517099
2018-07-17,122.29,122.39,121.90,121.98,98.683,-0.19%,3764341
2018-07-18,122.02,122.04,121.39,121.49,98.287,-0.40%,6329961
2018-07-19,121.80,122.45,121.77,122.26,98.910,+0.63%,6166739
2018-07-20,121.58,121.59,120.70,120.76,97.696,-1.23%,10469693
2018-07-23,120.38,120.38,119.18,119.27,96.491,-1.23%,11571846
2018-07-24,119.28,119.82,119.14,119.68,96.822,+0.34%,9053492
2018-07-25,120.02,120.26,119.26,119.49,96.669,-0.16%,7357068
2018-07-26,119.71,119.88,119.16,119.26,96.483,-0.19%,6821057
2018-07-27,119.85,119.87,119.40,119.46,96.644,+0.17%,4542059
2018-07-30,118.99,119.41,118.97,119.05,96.313,-0.34%,7111165
2018-07-31,119.79,119.86,119.56,119.70,96.839,+0.55%,6797432
2018-08-01,118.29,118.84,118.07,118.46,96.051,-1.04%,13312687
2018-08-02,118.62,118.74,118.30,118.63,96.189,+0.14%,4451078
2018-08-03,118.83,119.29,118.81,119.22,96.668,+0.50%,6162443
2018-08-06,119.54,119.84,119.27,119.29,96.724,+0.06%,4200296
2018-08-07,119.03,119.10,118.57,118.67,96.222,-0.52%,5346872
2018-08-08,118.66,119.03,118.61,118.79,96.319,+0.10%,5641629
2018-08-09,119.23,119.83,119.12,119.79,97.130,+0.84%,7144257
2018-08-10,120.37,121.05,120.28,120.66,97.835,+0.73%,8457940
2018-08-13,120.25,120.70,120.21,120.41,97.632,-0.21%,7923199
2018-08-14,120.54,120.56,120.03,120.14,97.414,-0.22%,4251313
2018-08-15,120.66,121.13,120.57,120.84,97.981,+0.58%,7649988
2018-08-16,120.81,120.93,120.28,120.83,97.973,-0.01%,5400385
2018-08-17,121.09,121.39,120.75,120.98,98.095,+0.12%,3537626
2018-08-20,121.64,121.91,121.54,121.79,98.751,+0.67%,5604121
2018-08-21,121.37,121.53,121.07,121.38,98.419,-0.34%,4695004
2018-08-22,122.00,122.05,121.58,121.86,98.808,+0.40%,5309599
2018-08-23,122.00,122.13,121.78,122.05,98.962,+0.16%,5329024
2018-08-24,121.62,122.33,121.49,122.29,99.157,+0.20%,6092150
2018-08-27,121.78,121.87,121.52,121.59,98.589,-0.57%,6407403
2018-08-28,121.00,121.09,120.68,120.86,97.997,-0.60%,4929337
2018-08-29,120.94,121.15,120.62,121.02,98.127,+0.13%,5613329
2018-08-30,121.31,121.46,121.08,121.28,98.338,+0.21%,5302865
2018-08-31,121.89,121.92,120.89,121.00,98.111,-0.23%,9677540
2018-09-04,119.96,120.10,119.75,120.03,97.545,-0.80%,18343553
2018-09-05,119.76,119.90,119.55,119.71,97.285,-0.27%,9422630
2018-09-06,119.76,120.40,119.69,120.15,97.643,+0.37%,9566047
2018-09-07,119.33,119.40,118.99,119.13,96.814,-0.85%,11212607
2018-09-10,119.17,119.60,119.17,119.57,97.171,+0.37%,6386352
2018-09-11,119.08,119.17,118.60,118.66,96.432,-0.76%,5440021
2018-09-12,119.05,119.17,118.90,118.94,96.659,+0.24%,3347210
2018-09-13,119.34,119.57,118.98,119.12,96.806,+0.15%,4833033
2018-09-14,118.41,118.91,118.30,118.55,96.342,-0.48%,5579455
2018-09-17,118.18,118.82,118.12,118.55,96.342,0.00%,5432961
2018-09-18,118.06,118.07,117.16,117.31,95.335,-1.05%,10182303
2018-09-19,117.11,117.11,116.19,116.61,94.766,-0.60%,13379645
2018-09-20,116.58,117.30,116.47,117.15,95.205,+0.46%,8657325
2018-09-21,116.87,117.28,116.84,117.10,95.164,-0.04%,6173846
2018-09-24,116.74,117.27,116.72,116.80,94.920,-0.26%,5505769
2018-09-25,116.48,116.74,116.40,116.68,94.823,-0.10%,6650853
2018-09-26,116.93,117.58,116.66,117.50,95.489,+0.70%,9512864
2018-09-27,117.24,117.65,117.10,117.58,95.554,+0.07%,5758577
2018-09-28,117.85,117.91,117.22,117.27,95.302,-0.26%,12807703
2018-10-01,116.66,116.83,116.12,116.15,94.604,-0.96%,22442374
2018-10-02,116.67,117.13,116.60,116.86,95.182,+0.61%,8266949
2018-10-03,116.27,116.36,114.24,114.83,93.529,-1.74%,20829180
2018-10-04,114.13,114.39,113.71,114.02,92.869,-0.71%,16207617
2018-10-05,113.39,113.72,112.62,113.04,92.071,-0.86%,18096505
2018-10-08,112.99,113.11,112.64,112.66,91.761,-0.34%,5855890
2018-10-09,113.14,113.85,113.07,113.80,92.690,+1.01%,11530860
2018-10-10,113.14,113.58,112.79,113.49,92.437,-0.27%,15290066
2018-10-11,114.00,115.15,113.79,114.87,93.561,+1.22%,16087021
2018-10-12,114.39,115.01,114.28,114.47,93.236,-0.35%,6794138
2018-10-15,114.66,114.82,114.29,114.42,93.195,-0.04%,7146281
2018-10-16,114.39,114.72,114.16,114.68,93.407,+0.23%,4762322
2018-10-17,114.66,114.79,113.98,114.00,92.853,-0.59%,5880696
2018-10-18,113.62,114.39,113.55,113.96,92.820,-0.04%,5728828
2018-10-19,113.85,113.95,113.41,113.71,92.617,-0.22%,10892437
2018-10-22,113.95,114.08,113.53,113.56,92.494,-0.13%,3244179
2018-10-23,114.76,115.02,113.84,113.92,92.788,+0.32%,10330735
2018-10-24,114.36,114.82,114.24,114.78,93.488,+0.75%,16008012
2018-10-25,114.54,114.74,114.23,114.30,93.097,-0.42%,12613470
2018-10-26,114.93,115.32,114.79,114.99,93.659,+0.60%,18582470
2018-10-29,114.84,115.02,114.26,114.73,93.447,-0.23%,7679887
2018-10-30,114.26,114.54,114.02,114.16,92.983,-0.50%,9939616
2018-10-31,113.74,113.96,113.21,113.58,92.511,-0.51%,8706583
2018-11-01,112.85,113.56,112.84,113.41,92.596,-0.15%,6100276
2018-11-02,113.17,113.26,111.90,112.00,91.445,-1.24%,11315059
2018-11-05,112.48,112.71,112.35,112.44,91.804,+0.39%,4760223
2018-11-06,112.60,112.73,112.33,112.37,91.747,-0.06%,3159875
2018-11-07,113.19,113.40,112.41,112.52,91.869,+0.13%,9313311
2018-11-08,112.96,112.97,112.41,112.51,91.861,-0.01%,6905193
2018-11-09,112.75,113.50,112.72,113.35,92.547,+0.75%,6465323
2018-11-12,113.95,114.31,113.91,114.09,93.151,+0.65%,6840265
2018-11-13,113.71,114.02,113.48,114.02,93.094,-0.06%,6525830
2018-11-14,113.48,114.52,113.30,114.09,93.151,+0.06%,8690822
2018-11-15,114.44,114.54,113.68,114.04,93.110,-0.04%,7879799
2018-11-16,114.20,114.81,113.92,114.70,93.649,+0.58%,9236764
2018-11-19,114.41,115.02,114.41,115.02,93.911,+0.28%,7027204
2018-11-20,115.24,115.46,114.93,115.06,93.943,+0.03%,6332804
2018-11-21,114.89,115.09,114.54,115.02,93.911,-0.03%,4951058
2018-11-23,115.67,115.76,115.09,115.14,94.008,+0.10%,3027861
2018-11-26,114.86,115.06,114.78,114.88,93.796,-0.23%,6599041
2018-11-27,114.81,115.25,114.76,115.01,93.902,+0.11%,5967245
2018-11-28,114.85,115.02,114.36,114.45,93.445,-0.49%,7814288
2018-11-29,114.92,115.25,114.59,114.90,93.813,+0.39%,7295627
2018-11-30,115.31,115.42,114.98,115.33,94.164,+0.37%,9126693
2018-12-03,114.68,115.88,114.66,115.88,94.831,+0.48%,9763851
2018-12-04,116.81,118.67,116.63,117.82,96.418,+1.67%,18100549
2018-12-06,118.54,119.20,118.13,118.19,96.721,+0.31%,15319440
2018-12-07,117.81,118.53,117.52,118.41,96.901,+0.19%,8608467
2018-12-10,118.87,119.28,118.44,118.90,97.302,+0.41%,8777672
2018-12-11,118.97,119.38,118.61,118.88,97.286,-0.02%,8071952
2018-12-12,118.58,118.72,118.24,118.35,96.852,-0.45%,6182206
2018-12-13,118.46,118.58,117.98,118.07,96.623,-0.24%,5564328
2018-12-14,118.55,118.77,118.22,118.48,96.958,+0.35%,8169221
2018-12-17,118.59,119.30,118.58,119.17,97.523,+0.58%,9726781
2018-12-18,119.07,119.79,118.94,119.60,98.105,+0.36%,10019103
2018-12-19,120.11,121.66,119.92,121.18,99.402,+1.32%,23046272
2018-12-20,122.01,122.03,120.67,120.74,99.041,-0.36%,18543731
2018-12-21,121.14,121.21,120.39,120.72,99.024,-0.02%,9945103
2018-12-24,121.13,121.42,120.91,121.32,99.516,+0.50%,8377482
2018-12-26,120.99,121.39,119.97,120.02,98.450,-1.07%,11700412
2018-12-27,121.26,121.38,119.98,120.04,98.466,+0.02%,12146772
2018-12-28,120.40,121.05,120.29,121.05,99.295,+0.84%,9879116
2018-12-31,120.65,121.56,120.46,121.51,99.672,+0.38%,17408971
2019-01-02,121.66,122.16,121.34,122.15,100.197,+0.53%,19841527
2019-01-03,122.29,123.86,122.23,123.54,101.337,+1.14%,21187045
2019-01-04,122.34,122.56,121.65,122.11,100.164,-1.16%,12970226
2019-01-07,122.62,122.65,121.62,121.75,99.869,-0.29%,8498104
2019-01-08,121.69,121.94,121.39,121.43,99.607,-0.26%,7737103
2019-01-09,121.26,121.43,120.80,121.24,99.451,-0.16%,9349245
2019-01-10,121.28,121.41,120.34,120.46,98.811,-0.64%,8222860
2019-01-11,120.83,121.27,120.68,120.93,99.196,+0.39%,5786934
2019-01-14,120.90,121.01,120.24,120.48,98.827,-0.37%,6730681
2019-01-15,120.56,120.57,119.95,120.04,98.466,-0.37%,8997352
2019-01-16,119.59,120.39,119.51,120.16,98.565,+0.10%,6048446
2019-01-17,120.22,120.53,119.89,120.19,98.589,+0.02%,8153350
2019-01-18,119.84,120.12,119.39,119.56,98.073,-0.52%,14106447
2019-01-22,120.31,120.72,120.07,120.37,98.737,+0.68%,8881133
2019-01-23,119.88,120.62,119.83,120.32,98.696,-0.04%,5776907
2019-01-24,120.91,121.26,120.71,121.11,99.344,+0.66%,7121480
2019-01-25,120.59,120.75,120.32,120.53,98.868,-0.48%,6460820
2019-01-28,120.54,120.94,120.41,120.41,98.770,-0.10%,6435820
2019-01-29,120.53,121.04,120.39,121.02,99.270,+0.51%,5750177
2019-01-30,120.84,120.98,120.33,120.93,99.196,-0.07%,10571325
2019-01-31,121.55,122.18,121.50,121.97,100.050,+0.86%,11843413
2019-02-01,121.48,121.57,120.84,120.96,99.447,-0.83%,12024576
2019-02-04,120.44,120.55,120.02,120.42,99.003,-0.45%,8966375
2019-02-05,120.73,121.23,120.66,120.97,99.455,+0.46%,6983255
2019-02-06,121.36,121.41,120.73,121.03,99.504,+0.05%,5184018
2019-02-07,121.46,121.91,121.23,121.83,100.162,+0.66%,8781040
2019-02-08,122.26,122.47,122.07,122.35,100.589,+0.43%,5885427
2019-02-11,121.86,122.18,121.75,121.87,100.195,-0.39%,4353004
2019-02-12,121.66,121.75,121.20,121.56,99.940,-0.25%,7939591
2019-02-13,121.15,121.39,120.91,121.10,99.562,-0.38%,4757681
2019-02-14,122.14,122.20,121.58,121.79,100.129,+0.57%,5868918
2019-02-15,121.56,122.02,121.54,121.98,100.285,+0.16%,5527244
2019-02-19,122.42,122.54,121.95,122.29,100.540,+0.25%,5872819
2019-02-20,121.95,122.08,121.59,121.94,100.252,-0.29%,4455832
2019-02-21,121.07,121.16,120.70,120.85,99.356,-0.89%,7382942
2019-02-22,121.47,121.95,121.42,121.57,99.948,+0.60%,6374560
2019-02-25,121.17,121.30,120.92,121.21,99.652,-0.30%,6293534
2019-02-26,121.73,121.82,121.36,121.81,100.145,+0.50%,6028892
2019-02-27,121.12,121.13,120.28,120.43,99.011,-1.13%,7737411
2019-02-28,120.56,120.62,119.71,120.02,98.674,-0.34%,9533457
2019-03-01,119.33,119.53,118.64,118.66,97.764,-1.13%,13541090
2019-03-04,119.29,119.77,119.06,119.59,98.530,+0.78%,9808468
2019-03-05,119.28,119.87,119.27,119.84,98.736,+0.21%,5595345
2019-03-06,119.92,120.52,119.89,120.28,99.099,+0.37%,7766707
2019-03-07,120.64,121.26,120.61,121.06,99.741,+0.65%,8187227
2019-03-08,121.12,121.69,120.85,121.57,100.161,+0.42%,7517600
2019-03-11,121.40,121.42,120.98,121.21,99.865,-0.30%,5158011
2019-03-12,121.30,122.23,121.26,122.06,100.565,+0.70%,6422386
2019-03-13,121.66,121.96,121.62,121.83,100.376,-0.19%,4386732
2019-03-14,121.69,121.76,120.92,120.95,99.651,-0.72%,8188564
2019-03-15,121.74,121.95,121.40,121.75,100.310,+0.66%,4302045
2019-03-18,121.57,121.87,121.52,121.68,100.252,-0.06%,3893364
2019-03-19,121.09,121.62,120.89,121.41,100.030,-0.22%,5220325
2019-03-20,121.74,122.85,121.73,122.68,101.076,+1.05%,10123663
2019-03-21,122.96,123.09,122.74,122.95,101.298,+0.22%,7182572
2019-03-22,124.21,125.28,124.06,124.86,102.872,+1.55%,13077043
2019-03-25,124.81,125.94,124.51,125.06,103.037,+0.16%,9736593
2019-03-26,124.70,125.29,124.62,124.97,102.963,-0.07%,7502260
2019-03-27,125.42,126.34,125.31,126.12,103.910,+0.92%,14207179
2019-03-28,126.25,126.69,126.01,126.56,104.273,+0.35%,9143238
2019-03-29,125.68,126.47,125.64,126.44,104.174,-0.09%,10841631
2019-04-01,125.29,125.36,124.19,124.37,102.697,-1.64%,16501475
2019-04-02,124.48,124.74,124.25,124.60,102.887,+0.18%,9725032
2019-04-03,123.61,123.87,123.37,123.52,101.996,-0.87%,10407417
2019-04-04,123.60,123.89,123.44,123.87,102.285,+0.28%,7503361
2019-04-05,123.62,124.17,123.58,124.03,102.417,+0.13%,6322026
2019-04-08,123.83,123.95,123.52,123.59,102.053,-0.35%,4446429
2019-04-09,124.22,124.34,123.77,123.98,102.375,+0.32%,7020320
2019-04-10,124.27,124.52,124.10,124.28,102.623,+0.24%,7519916
2019-04-11,123.93,124.02,123.41,123.55,102.020,-0.59%,8679319
2019-04-12,122.89,123.06,122.63,122.67,101.294,-0.71%,7005541
2019-04-15,122.78,122.99,122.72,122.98,101.550,+0.25%,3070036
2019-04-16,122.51,122.63,122.14,122.21,100.914,-0.63%,8927558
2019-04-17,122.13,122.57,122.11,122.26,100.955,+0.04%,6118702
2019-04-18,122.81,123.10,122.78,122.90,101.484,+0.52%,27589692
2019-04-22,122.47,122.57,122.24,122.31,100.996,-0.48%,6241353
2019-04-23,122.61,122.70,122.39,122.57,101.211,+0.21%,6239726
2019-04-24,123.11,123.59,123.09,123.57,102.037,+0.82%,7302206
2019-04-25,123.49,123.62,123.10,123.39,101.888,-0.15%,5380867
2019-04-26,123.98,124.02,123.64,123.81,102.235,+0.34%,5950651
2019-04-29,123.23,123.35,122.85,123.02,101.583,-0.64%,10246172
2019-04-30,122.95,123.74,122.93,123.65,102.103,+0.51%,7957662
2019-05-01,123.69,124.45,123.60,123.90,102.523,+0.20%,14372113
2019-05-02,123.68,123.81,123.04,123.31,102.035,-0.48%,6613062
2019-05-03,123.66,123.88,123.37,123.66,102.325,+0.28%,6191750
2019-05-06,124.31,124.38,123.93,124.00,102.606,+0.27%,4482690
2019-05-07,124.53,125.14,124.39,124.95,103.392,+0.77%,8984929
2019-05-08,125.15,125.30,124.30,124.41,102.945,-0.43%,6907690
2019-05-09,125.11,125.30,124.31,124.92,103.367,+0.41%,9412288
2019-05-10,124.89,125.45,124.59,124.75,103.227,-0.14%,6037925
2019-05-13,125.40,125.93,125.25,125.73,104.037,+0.79%,10501611
2019-05-14,125.51,125.65,125.20,125.36,103.731,-0.29%,5690447
2019-05-15,126.21,126.27,125.77,126.13,104.368,+0.61%,9566544
2019-05-16,125.81,125.83,125.53,125.71,104.021,-0.33%,7666369
2019-05-17,126.28,126.30,125.69,125.99,104.253,+0.22%,4747076
2019-05-20,126.12,126.38,125.65,125.73,104.037,-0.21%,6043112
2019-05-21,125.60,125.72,125.30,125.53,103.872,-0.16%,4022162
2019-05-22,125.77,126.33,125.72,126.25,104.468,+0.57%,5675312
2019-05-23,126.89,128.09,126.88,127.67,105.643,+1.12%,9743687
2019-05-24,127.56,127.78,127.39,127.78,105.734,+0.09%,4981893
2019-05-28,128.27,128.90,128.09,128.70,106.495,+0.72%,8098871
2019-05-29,129.67,129.90,129.00,129.09,106.818,+0.30%,13260571
2019-05-30,129.33,130.23,128.89,130.20,107.736,+0.86%,13024761
2019-05-31,130.90,131.90,130.81,131.83,109.085,+1.25%,18933634
2019-06-03,131.91,132.58,131.55,132.44,109.813,+0.46%,17822448
2019-06-04,131.39,131.76,130.55,130.93,108.561,-1.14%,14250018
2019-06-05,130.52,130.95,130.12,130.19,107.947,-0.57%,8815195
2019-06-06,130.97,131.59,130.32,130.61,108.295,+0.32%,9621094
2019-06-07,131.79,132.07,131.44,131.74,109.232,+0.87%,11378665
2019-06-10,130.68,130.70,130.32,130.50,108.204,-0.94%,8289092
2019-06-11,130.42,130.76,130.32,130.58,108.271,+0.06%,5115128
2019-06-12,130.39,130.75,130.30,130.68,108.353,+0.08%,5278799
2019-06-13,130.80,131.25,130.79,131.13,108.727,+0.34%,5560844
2019-06-14,131.10,131.71,131.09,131.46,109.000,+0.25%,5838794
2019-06-17,131.39,131.76,131.13,131.69,109.191,+0.17%,6046416
2019-06-18,132.74,132.86,131.95,132.35,109.738,+0.50%,10320696
2019-06-19,131.86,132.72,131.58,132.54,109.896,+0.14%,11962501
2019-06-20,132.91,133.51,132.59,132.89,110.186,+0.26%,10721526
2019-06-21,132.51,132.53,131.38,131.43,108.975,-1.10%,14495149
2019-06-24,132.16,132.53,132.08,132.41,109.788,+0.75%,6378869
2019-06-25,132.79,133.09,132.72,132.82,110.128,+0.31%,9604623
2019-06-26,132.68,132.70,131.88,131.97,109.423,-0.64%,12766810
2019-06-27,132.31,133.09,131.99,132.90,110.194,+0.70%,9724166
2019-06-28,132.58,133.08,132.45,132.81,110.120,-0.07%,8149205
2019-07-01,132.57,132.75,131.59,132.24,109.863,-0.43%,14141551
2019-07-02,132.57,133.39,132.46,133.26,110.710,+0.77%,10495462
2019-07-03,133.52,134.29,133.51,134.21,111.499,+0.71%,5380269
2019-07-05,132.54,132.55,131.67,132.43,110.021,-1.33%,12180126
2019-07-08,133.05,133.22,132.61,132.61,110.170,+0.14%,6489997
2019-07-09,132.68,132.71,132.16,132.56,110.129,-0.04%,6216115
2019-07-10,132.35,132.44,131.51,131.83,109.522,-0.55%,9470193
2019-07-11,131.31,131.41,129.76,130.07,108.060,-1.34%,14126804
2019-07-12,129.92,130.45,129.68,130.22,108.184,+0.12%,6992095
2019-07-15,130.45,131.05,130.45,130.97,108.808,+0.58%,6055917
2019-07-16,130.17,130.60,129.96,130.58,108.484,-0.30%,6172721
2019-07-17,131.06,132.02,131.05,131.99,109.655,+1.08%,9662156
2019-07-18,131.47,132.32,131.24,132.00,109.663,+0.01%,5725713
2019-07-19,131.59,131.93,131.51,131.69,109.406,-0.23%,5804843
2019-07-22,132.47,132.49,131.74,131.94,109.613,+0.19%,5204504
2019-07-23,131.60,131.74,130.97,131.22,109.015,-0.55%,8108940
2019-07-24,131.60,131.90,131.47,131.79,109.489,+0.43%,6389664
2019-07-25,131.25,131.41,130.51,131.16,108.965,-0.48%,8893057
2019-07-26,131.70,131.78,131.25,131.47,109.223,+0.24%,6188692
2019-07-29,131.82,131.95,131.40,131.51,109.256,+0.03%,6231836
2019-07-30,132.00,132.10,131.43,131.83,109.522,+0.24%,5678475
2019-07-31,131.70,133.33,131.66,132.89,110.403,+0.80%,15798745
2019-08-01,133.39,135.39,133.26,135.26,112.591,+1.78%,26665016
2019-08-02,135.66,136.51,135.40,136.51,113.631,+0.92%,15143050
2019-08-05,138.14,138.89,137.66,138.87,115.596,+1.73%,18542993
2019-08-06,138.20,139.98,138.09,139.98,116.520,+0.80%,12747356
2019-08-07,142.40,143.06,139.78,140.03,116.561,+0.04%,32582045
2019-08-08,139.14,140.43,137.98,140.33,116.811,+0.21%,14745985
2019-08-09,140.67,141.55,139.87,140.05,116.578,-0.20%,10625972
2019-08-12,141.72,143.43,141.51,142.97,119.009,+2.08%,14094307
2019-08-13,143.81,143.91,141.95,142.48,118.601,-0.34%,16099485
2019-08-14,145.16,145.73,144.71,145.69,121.273,+2.25%,15068949
2019-08-15,145.95,148.60,145.58,147.31,122.621,+1.11%,23732522
2019-08-16,146.06,146.51,144.84,146.13,121.639,-0.80%,17649776
2019-08-19,143.57,144.66,143.51,144.04,119.899,-1.43%,13615286
2019-08-20,145.28,145.62,144.84,145.53,121.140,+1.03%,7451608
2019-08-21,144.72,145.79,144.29,144.56,120.332,-0.67%,9372115
2019-08-22,144.00,144.70,143.48,143.60,119.533,-0.66%,13880305
2019-08-23,143.52,146.27,143.43,145.96,121.498,+1.64%,16194116
2019-08-26,145.87,146.29,145.29,145.37,121.007,-0.40%,12174799
2019-08-27,146.63,147.72,146.48,147.61,122.871,+1.54%,11332754
2019-08-28,148.78,148.90,147.66,147.80,123.029,+0.13%,10088733
2019-08-29,147.25,147.34,146.13,147.24,122.563,-0.38%,8884955
2019-08-30,146.61,147.48,146.36,147.28,122.596,+0.03%,13550909
2019-09-03,147.09,148.67,146.57,147.21,122.755,-0.05%,15662954
2019-09-04,146.53,147.62,146.48,147.43,122.938,+0.15%,7962232
2019-09-05,145.66,145.80,143.89,144.76,120.712,-1.81%,19386357
2019-09-06,145.26,146.03,145.08,145.79,121.571,+0.71%,9466371
2019-09-09,143.83,144.00,143.19,143.20,119.411,-1.78%,15862660
2019-09-10,142.84,143.29,140.66,140.69,117.318,-1.75%,13851422
2019-09-11,140.40,141.15,140.39,140.44,117.109,-0.18%,10941748
2019-09-12,141.50,141.80,139.06,139.52,116.342,-0.66%,19163308
2019-09-13,138.28,138.71,136.54,136.54,113.857,-2.14%,18922161
2019-09-16,137.88,138.57,137.25,138.28,115.308,+1.27%,10971572
2019-09-17,138.36,139.60,138.02,139.03,115.934,+0.54%,9287893
2019-09-18,139.93,140.66,139.53,139.62,116.426,+0.42%,11106841
2019-09-19,140.76,140.99,139.97,140.04,116.776,+0.30%,13434396
2019-09-20,140.77,141.98,140.44,141.89,118.319,+1.32%,13377236
2019-09-23,142.24,143.16,141.70,141.86,118.293,-0.02%,15402596
2019-09-24,142.42,143.85,142.41,143.57,119.719,+1.21%,12947855
2019-09-25,143.26,143.55,141.14,141.47,117.968,-1.46%,14520656
2019-09-26,142.27,142.99,141.90,142.38,118.727,+0.64%,10775214
2019-09-27,142.32,142.98,142.14,142.73,119.019,+0.25%,10387398
2019-09-30,141.88,143.09,141.84,143.08,119.311,+0.25%,8410379
2019-10-01,141.26,143.91,141.14,143.26,119.669,+0.13%,16869140
2019-10-02,143.46,144.27,143.24,143.61,119.962,+0.24%,12896884
2019-10-03,143.98,145.67,143.92,144.92,121.056,+0.91%,13526957
2019-10-04,145.35,146.03,145.20,145.99,121.950,+0.74%,11936986
2019-10-07,145.16,145.53,144.71,144.78,120.939,-0.83%,11751551
2019-10-08,145.82,145.93,144.62,145.17,121.265,+0.27%,14540249
2019-10-09,144.60,144.61,143.80,144.35,120.580,-0.56%,8933140
2019-10-10,143.12,143.18,141.73,142.20,118.784,-1.49%,15057081
2019-10-11,140.98,141.10,139.71,140.44,117.314,-1.24%,28513340
2019-10-14,141.48,141.51,141.08,141.46,118.166,+0.73%,5937726
2019-10-15,140.67,140.95,139.55,139.75,116.737,-1.21%,12663622
2019-10-16,139.64,140.06,139.35,139.92,116.879,+0.12%,8645282
2019-10-17,139.52,140.38,139.30,139.58,116.595,-0.24%,6558397
2019-10-18,139.81,140.23,139.45,139.58,116.595,0.00%,6456407
2019-10-21,138.57,138.99,138.23,138.53,115.718,-0.75%,8189288
2019-10-22,139.38,139.53,138.64,139.34,116.395,+0.58%,6690041
2019-10-23,140.03,140.31,139.36,139.48,116.512,+0.10%,5999896
2019-10-24,139.68,140.24,139.03,139.20,116.278,-0.20%,6830080
2019-10-25,139.53,139.55,138.31,138.52,115.710,-0.49%,5669966
2019-10-28,137.58,137.58,136.99,137.26,114.657,-0.91%,11402050
2019-10-29,137.62,137.74,137.17,137.35,114.733,+0.07%,5296576
2019-10-30,137.77,139.45,137.77,139.36,116.412,+1.46%,10914151
2019-10-31,140.48,141.68,140.43,141.24,117.982,+1.35%,15835800
2019-11-01,140.73,141.27,139.79,140.56,117.619,-0.48%,11425486
2019-11-04,138.97,139.14,138.53,138.71,116.071,-1.32%,11134604
2019-11-05,137.22,137.44,136.73,137.15,114.766,-1.12%,13496331
2019-11-06,138.02,138.41,137.34,137.98,115.460,+0.61%,9353012
2019-11-07,136.35,136.36,134.45,135.48,113.368,-1.81%,19214106
2019-11-08,135.15,135.95,134.78,134.91,112.891,-0.42%,10227217
2019-11-11,135.38,135.39,134.64,135.00,112.967,+0.07%,4578098
2019-11-12,135.28,135.95,134.79,135.62,113.486,+0.46%,5773630
2019-11-13,136.81,136.96,136.17,136.50,114.222,+0.65%,6751842
2019-11-14,137.80,138.44,137.67,137.91,115.402,+1.03%,10272804
2019-11-15,137.48,138.16,137.43,137.76,115.276,-0.11%,4657758
2019-11-18,138.21,138.61,137.93,138.01,115.485,+0.18%,5944030
2019-11-19,138.37,139.24,138.37,139.16,116.448,+0.83%,7893300
2019-11-20,139.91,140.60,139.77,140.60,117.653,+1.03%,7909901
2019-11-21,139.64,140.08,139.12,139.72,116.916,-0.63%,5981899
2019-11-22,140.10,140.28,139.68,139.90,117.067,+0.13%,4666026
2019-11-25,140.30,140.53,140.18,140.31,117.410,+0.29%,4157476
2019-11-26,141.00,141.31,140.94,141.13,118.096,+0.58%,4281650
2019-11-27,140.60,140.91,140.42,140.72,117.753,-0.29%,4096955
2019-11-29,140.62,140.68,139.78,140.42,117.502,-0.21%,6251071
2019-12-02,138.14,138.67,137.95,138.31,115.938,-1.50%,17705004
2019-12-03,140.04,141.77,139.93,141.21,118.369,+2.10%,13323804
2019-12-04,140.34,140.50,139.21,139.80,117.187,-1.00%,8588810
2019-12-05,138.66,139.44,138.60,139.12,116.617,-0.49%,7274024
2019-12-06,138.03,139.12,137.86,138.35,115.971,-0.55%,7931904
2019-12-09,138.99,139.11,138.57,138.65,116.223,+0.22%,4155592
2019-12-10,139.18,139.35,138.41,138.66,116.231,+0.01%,4947745
2019-12-11,139.30,140.14,139.23,139.75,117.145,+0.79%,6257375
2019-12-12,139.19,139.28,136.61,137.45,115.217,-1.65%,14868125
2019-12-13,138.12,139.61,137.23,139.04,116.550,+1.16%,11335349
2019-12-16,138.40,138.46,137.43,137.79,115.502,-0.90%,9160997
2019-12-17,138.21,138.34,137.21,137.60,115.343,-0.14%,6179893
2019-12-18,137.30,137.45,136.28,136.47,114.395,-0.82%,6244828
2019-12-19,136.00,136.86,135.76,136.47,114.578,0.00%,6591083
2019-12-20,136.13,136.69,135.93,136.65,114.729,+0.13%,5455919
2019-12-23,136.81,136.97,136.00,136.45,114.561,-0.15%,5175177
2019-12-24,135.92,137.06,135.89,136.84,114.888,+0.29%,4667428
2019-12-26,136.91,137.22,136.51,137.17,115.165,+0.24%,5290981
2019-12-27,137.44,137.63,137.29,137.32,115.291,+0.11%,7300695
2019-12-30,135.89,136.90,135.66,136.82,114.872,-0.36%,7979841
2019-12-31,136.21,136.46,135.38,135.48,113.747,-0.98%,10707518
2020-01-02,136.79,137.53,136.67,137.01,115.031,+1.13%,11034459
2020-01-03,138.27,139.16,137.88,139.12,116.803,+1.54%,12366830
2020-01-06,139.69,139.71,138.15,138.33,116.139,-0.57%,11370199
2020-01-07,138.22,138.47,137.64,137.65,115.568,-0.49%,8456431
2020-01-08,137.93,138.31,136.32,136.74,114.804,-0.66%,10626391
2020-01-09,136.00,137.44,135.91,137.22,115.207,+0.35%,7412990
2020-01-10,137.67,138.47,137.63,138.44,116.232,+0.89%,8776937
2020-01-13,137.88,138.09,137.39,138.02,115.879,-0.30%,5965015
2020-01-14,138.18,138.82,138.14,138.73,116.475,+0.51%,13921031
2020-01-15,139.52,139.76,139.02,139.65,117.248,+0.66%,6290520
2020-01-16,139.26,139.53,138.74,139.21,116.878,-0.32%,6798593
2020-01-17,137.58,138.14,137.36,138.02,115.879,-0.85%,9693280
2020-01-21,138.81,139.65,138.77,139.47,117.097,+1.05%,6208953
2020-01-22,139.72,140.14,139.59,139.96,117.508,+0.35%,6317029
2020-01-23,140.85,141.38,140.78,140.94,118.331,+0.70%,9747418
2020-01-24,141.42,142.55,141.30,142.08,119.288,+0.81%,8584952
2020-01-27,143.95,144.29,143.50,144.29,121.143,+1.56%,10935243
2020-01-28,143.93,144.09,142.82,143.16,120.195,-0.78%,10612917
2020-01-29,143.44,144.70,143.43,144.56,121.370,+0.98%,9567654
2020-01-30,144.90,145.67,144.29,144.58,121.387,+0.01%,14711787
2020-01-31,145.17,145.99,145.09,145.90,122.495,+0.91%,14538096
2020-02-03,144.95,145.76,144.12,145.54,122.396,-0.25%,15310744
2020-02-04,143.99,144.14,143.06,143.58,120.748,-1.35%,11388275
2020-02-05,142.30,142.70,141.90,142.01,119.427,-1.09%,10782161
2020-02-06,142.18,142.88,142.00,142.65,119.966,+0.45%,6683128
2020-02-07,144.22,144.74,143.87,144.43,121.462,+1.25%,11374834
2020-02-10,145.10,145.25,144.68,144.83,121.799,+0.28%,6699265
2020-02-11,144.59,144.72,143.94,144.10,121.185,-0.50%,7784102
2020-02-12,143.37,143.55,142.99,143.37,120.571,-0.51%,5595525
2020-02-13,143.44,144.20,143.27,143.92,121.034,+0.38%,7883440
2020-02-14,144.76,145.08,144.45,144.55,121.563,+0.44%,7137363
2020-02-18,145.34,146.05,144.92,145.54,122.396,+0.68%,6912053
2020-02-19,145.12,145.62,144.98,145.53,122.388,-0.01%,5707712
2020-02-20,146.08,146.94,146.00,146.67,123.346,+0.78%,9332916
2020-02-21,147.80,148.88,147.65,148.04,124.498,+0.93%,13861573
2020-02-24,150.83,150.96,150.00,150.25,126.357,+1.49%,15929281
2020-02-25,150.21,151.76,150.14,151.05,127.030,+0.53%,20802922
2020-02-26,149.95,151.72,149.58,150.25,126.357,-0.53%,22599515
2020-02-27,152.70,153.08,150.83,151.88,127.728,+1.08%,30687929
2020-02-28,154.45,155.98,154.16,155.31,130.612,+2.26%,45010774
2020-03-02,155.30,156.50,153.76,153.94,129.653,-0.88%,28152383
2020-03-03,153.81,159.70,152.36,156.33,131.666,+1.55%,38608024
2020-03-04,156.41,157.35,154.19,154.67,130.268,-1.06%,23463690
2020-03-05,157.13,158.82,156.81,158.52,133.510,+2.49%,17786220
2020-03-06,167.30,169.33,164.11,166.77,140.459,+5.20%,76288337
2020-03-09,179.10,179.70,170.34,171.29,144.266,+2.71%,41552819
2020-03-10,169.64,172.93,162.03,162.51,136.871,-5.13%,37728253
2020-03-11,165.43,167.03,155.63,156.53,131.834,-3.68%,29594066
2020-03-12,163.51,166.36,155.66,157.50,132.651,+0.62%,24361836
2020-03-13,155.00,158.20,152.19,153.94,129.653,-2.26%,19812859
2020-03-16,160.38,166.15,157.81,163.91,138.050,+6.48%,30496696
2020-03-17,163.50,165.63,152.71,152.98,128.844,-6.67%,18570872
2020-03-18,152.84,154.14,139.01,144.35,121.576,-5.64%,44628796
2020-03-19,146.95,153.45,145.25,148.28,124.886,+2.72%,21175266
2020-03-20,153.30,159.43,152.11,159.43,134.277,+7.52%,20863060
2020-03-23,157.50,166.69,156.57,166.00,139.810,+4.12%,19971809
2020-03-24,161.25,165.45,160.41,162.91,137.208,-1.86%,11948557
2020-03-25,163.59,166.68,161.62,162.54,136.896,-0.23%,10750564
2020-03-26,164.00,165.68,162.27,163.34,137.570,+0.49%,10576587
2020-03-27,165.52,168.25,164.59,167.70,141.242,+2.67%,12550007
2020-03-30,168.30,170.11,165.94,166.32,140.080,-0.82%,13473205
2020-03-31,165.70,166.92,164.56,164.97,138.943,-0.81%,11464935
2020-04-01,168.48,168.96,166.40,167.04,140.887,+1.25%,11334698
2020-04-02,168.83,169.22,167.26,168.10,141.781,+0.63%,5771227
2020-04-03,168.55,170.33,168.14,168.50,142.118,+0.24%,6570840
2020-04-06,167.00,168.27,166.53,168.06,141.747,-0.26%,9434786
2020-04-07,164.96,166.42,163.71,166.30,140.262,-1.05%,13811848
2020-04-08,165.11,166.19,164.13,165.09,139.242,-0.73%,10147077
2020-04-09,164.28,165.79,163.78,165.39,139.495,+0.18%,14260806
2020-04-13,164.75,165.71,163.88,163.88,138.221,-0.91%,8750297
2020-04-14,163.84,164.74,163.48,163.84,138.188,-0.02%,9019531
2020-04-15,166.80,168.60,166.74,168.18,141.848,+2.65%,10027752
2020-04-16,169.26,170.32,169.02,170.09,143.459,+1.14%,8265414
2020-04-17,169.82,170.84,167.27,167.81,141.536,-1.34%,8612119
2020-04-20,168.44,169.29,167.96,169.16,142.675,+0.80%,6462639
2020-04-21,171.93,172.15,170.78,171.29,144.471,+1.26%,7850725
2020-04-22,169.97,170.39,168.71,169.54,142.995,-1.02%,6230495
2020-04-23,169.87,170.93,169.61,170.44,143.754,+0.53%,5968584
2020-04-24,169.61,170.84,169.57,170.84,144.092,+0.23%,6211804
2020-04-27,169.66,169.75,167.44,167.66,141.410,-1.86%,9039484
2020-04-28,168.55,169.85,168.45,169.59,143.037,+1.15%,9905415
2020-04-29,169.53,170.26,167.96,168.71,142.295,-0.52%,8619566
2020-04-30,168.74,169.23,166.71,166.74,140.634,-1.17%,11606074
2020-05-01,167.50,168.11,166.44,167.95,141.836,+0.73%,10209421
2020-05-04,167.56,167.68,166.48,167.16,141.169,-0.47%,8300923
2020-05-05,165.57,166.27,165.27,166.09,140.266,-0.64%,7831916
2020-05-06,163.23,163.64,162.05,163.41,138.002,-1.61%,14721518
2020-05-07,163.56,166.37,163.34,166.14,140.308,+1.67%,9165455
2020-05-08,164.49,165.40,163.68,163.98,138.484,-1.30%,8130474
2020-05-11,163.66,164.22,162.10,162.70,137.403,-0.78%,8713747
2020-05-12,163.16,164.93,163.13,164.37,138.813,+1.03%,10057348
2020-05-13,165.09,166.29,164.83,165.52,139.784,+0.70%,13305576
2020-05-14,167.32,168.15,167.05,167.14,141.152,+0.98%,10080361
2020-05-15,168.30,168.49,166.33,166.71,140.789,-0.26%,7225634
2020-05-18,164.93,165.06,162.42,163.05,137.698,-2.20%,10073986
2020-05-19,162.52,163.70,162.48,163.66,138.214,+0.37%,8639263
2020-05-20,163.17,164.70,162.88,164.15,138.627,+0.30%,10927274
2020-05-21,164.86,165.36,164.29,164.56,138.974,+0.25%,8876136
2020-05-22,164.72,165.68,164.61,165.55,139.810,+0.60%,4956814
2020-05-26,163.71,163.79,162.98,163.33,137.935,-1.34%,8098939
2020-05-27,162.79,163.91,162.59,163.03,137.681,-0.18%,8047360
2020-05-28,161.96,162.57,161.66,162.43,137.175,-0.37%,10276172
2020-05-29,162.71,164.09,162.35,163.59,138.154,+0.71%,14662054
2020-06-01,162.10,162.44,161.67,162.28,137.226,-0.80%,13353301
2020-06-02,161.67,162.09,161.25,161.69,136.727,-0.36%,11517053
2020-06-03,160.18,160.33,158.94,159.54,134.909,-1.33%,12255736
2020-06-04,158.92,159.01,157.19,157.23,132.955,-1.45%,14038570
2020-06-05,154.61,156.16,153.16,156.11,132.008,-0.71%,17778549
2020-06-08,155.07,156.85,155.05,156.71,132.516,+0.38%,10346680
2020-06-09,159.05,159.64,158.30,158.49,134.021,+1.14%,9095265
2020-06-10,159.24,160.90,159.05,160.84,136.008,+1.48%,13135518
2020-06-11,163.25,164.23,162.63,163.88,138.579,+1.89%,17086373
2020-06-12,162.41,163.66,162.05,162.30,137.243,-0.96%,9716433
2020-06-15,163.89,164.22,162.14,162.39,137.319,+0.06%,7760836
2020-06-16,159.41,161.23,158.70,159.90,135.213,-1.53%,13701298
2020-06-17,160.27,160.77,159.34,160.56,135.771,+0.41%,7113900
2020-06-18,162.04,162.48,161.61,162.26,137.209,+1.06%,7691375
2020-06-19,161.00,162.50,160.91,162.39,137.319,+0.08%,8565778
2020-06-22,163.19,163.42,162.07,162.41,137.336,+0.01%,9319961
2020-06-23,161.48,162.06,161.12,161.30,136.397,-0.68%,9088580
2020-06-24,161.53,163.09,161.52,163.03,137.860,+1.07%,11436501
2020-06-25,164.21,164.35,163.40,163.50,138.257,+0.29%,10967984
2020-06-26,164.25,165.32,164.18,165.25,139.737,+1.07%,12119310
2020-06-29,164.85,165.27,164.38,164.73,139.297,-0.31%,7274571
2020-06-30,165.23,165.29,163.48,163.93,138.621,-0.49%,14841678
2020-07-01,162.81,163.56,162.15,163.42,138.352,-0.31%,13181247
2020-07-02,162.70,163.74,162.24,163.59,138.496,+0.10%,7600644
2020-07-06,162.33,163.02,161.75,162.92,137.928,-0.41%,7972547
2020-07-07,163.42,165.34,163.20,165.21,139.867,+1.41%,12791945
2020-07-08,164.32,164.92,163.83,164.55,139.308,-0.40%,7253913
2020-07-09,164.66,167.45,164.60,167.17,141.526,+1.59%,13375029
2020-07-10,167.95,168.21,166.16,166.33,140.815,-0.50%,8478267
2020-07-13,165.50,166.96,165.23,166.88,141.281,+0.33%,8054043
2020-07-14,167.93,168.14,166.98,167.12,141.484,+0.14%,11344635
2020-07-15,165.92,166.95,165.83,166.34,140.824,-0.47%,7840586
2020-07-16,167.40,167.77,167.04,167.13,141.493,+0.47%,9107383
2020-07-17,167.27,167.40,166.47,166.78,141.196,-0.21%,8552189
2020-07-20,167.51,167.62,166.80,167.19,141.543,+0.25%,6907518
2020-07-21,167.30,167.72,167.08,167.29,141.628,+0.06%,8455112
2020-07-22,168.26,168.46,167.69,167.79,142.051,+0.30%,6592084
2020-07-23,168.92,169.88,168.48,169.75,143.711,+1.17%,10471802
2020-07-24,169.01,169.92,168.87,169.74,143.702,-0.01%,7520837
2020-07-27,170.25,170.30,168.99,169.11,143.169,-0.37%,6146734
2020-07-28,169.54,170.34,169.43,170.28,144.159,+0.69%,8520714
2020-07-29,170.05,170.39,168.98,169.99,143.914,-0.17%,6733733
2020-07-30,171.05,171.26,170.75,171.11,144.862,+0.66%,9376128
2020-07-31,170.15,171.46,169.94,171.00,144.769,-0.06%,8886264
2020-08-03,169.24,169.99,168.97,169.95,144.041,-0.61%,9067756
2020-08-04,170.83,171.58,170.72,171.57,145.414,+0.95%,9878888
2020-08-05,170.06,170.56,169.69,170.07,144.143,-0.87%,6954183
2020-08-06,171.38,172.25,170.62,171.02,144.948,+0.56%,9481800
2020-08-07,171.28,171.50,169.58,169.88,143.982,-0.67%,8176856
2020-08-10,170.22,170.25,169.07,169.12,143.337,-0.45%,6408461
2020-08-11,167.17,167.49,165.88,167.10,141.630,-1.19%,19234202
2020-08-12,165.70,166.06,164.99,165.59,140.346,-0.90%,11745839
2020-08-13,165.31,165.58,163.16,163.82,138.845,-1.07%,12744712
2020-08-14,163.81,164.15,163.16,163.18,138.303,-0.39%,6398178
2020-08-17,163.97,164.46,163.43,163.59,138.651,+0.25%,6836004
2020-08-18,164.36,164.87,164.09,164.76,139.642,+0.72%,8140643
2020-08-19,165.37,165.61,163.30,163.73,138.769,-0.63%,12497748
2020-08-20,165.39,165.65,164.93,165.21,140.024,+0.90%,10320126
2020-08-21,165.77,166.33,165.01,166.20,140.863,+0.60%,6836242
2020-08-24,166.32,166.97,165.86,165.93,140.634,-0.16%,6490666
2020-08-25,164.35,165.09,163.83,164.66,139.557,-0.77%,10518301
2020-08-26,164.05,164.32,163.28,164.03,139.023,-0.38%,8276618
2020-08-27,164.76,164.82,161.16,161.24,136.659,-1.70%,19860113
2020-08-28,161.77,162.05,160.64,161.12,136.557,-0.07%,8415402
2020-08-31,161.60,163.25,161.56,162.19,137.464,+0.66%,11388108
2020-09-01,161.76,164.07,161.18,163.86,139.034,+1.03%,10587634
2020-09-02,163.51,165.56,163.49,165.42,140.358,+0.95%,15167718
2020-09-03,165.75,167.24,165.44,165.89,140.757,+0.28%,16416624
2020-09-04,164.41,164.70,162.45,162.74,138.084,-1.90%,13780313
2020-09-08,164.37,165.26,163.74,163.74,138.933,+0.61%,13790421
2020-09-09,163.94,164.25,162.76,163.30,138.559,-0.27%,9559005
2020-09-10,162.46,164.35,161.95,164.13,139.263,+0.51%,8847742
2020-09-11,164.31,164.57,164.08,164.48,139.560,+0.21%,5458222
2020-09-14,164.79,165.08,164.23,164.47,139.552,-0.01%,4274947
2020-09-15,164.17,164.47,163.79,164.07,139.213,-0.24%,6928498
2020-09-16,164.78,164.89,162.98,163.58,138.797,-0.30%,8816914
2020-09-17,164.90,164.96,163.80,164.08,139.221,+0.31%,7813922
2020-09-18,164.17,164.24,163.34,163.57,138.788,-0.31%,7246282
2020-09-21,164.89,165.40,164.13,164.40,139.493,+0.51%,11086895
2020-09-22,164.44,164.88,163.87,164.27,139.382,-0.08%,10524495
2020-09-23,164.30,164.53,163.48,164.49,139.569,+0.13%,6224763
2020-09-24,164.96,165.12,164.62,165.12,140.104,+0.38%,8278072
2020-09-25,165.11,165.42,164.71,165.12,140.104,0.00%,5140298
2020-09-28,164.87,164.90,164.37,164.65,139.705,-0.28%,4470504
2020-09-29,164.80,165.24,164.56,164.84,139.866,+0.12%,10297950
2020-09-30,164.00,164.00,162.55,163.26,138.525,-0.96%,12970989
2020-10-01,162.51,163.74,162.10,163.36,138.754,+0.06%,11523874
2020-10-02,163.61,163.67,162.18,162.75,138.235,-0.37%,8829140
2020-10-05,160.95,160.95,159.52,159.57,135.534,-1.95%,14726045
2020-10-06,159.33,161.41,158.68,160.43,136.265,+0.54%,22419358
2020-10-07,159.56,160.42,158.86,159.26,135.271,-0.73%,9429580
2020-10-08,159.97,160.25,159.66,160.12,136.002,+0.54%,8431544
2020-10-09,159.52,160.27,158.81,160.09,135.976,-0.02%,8441506
2020-10-12,160.43,160.68,160.11,160.60,136.409,+0.32%,3962045
2020-10-13,161.21,161.83,161.18,161.75,137.386,+0.72%,7914641
2020-10-14,162.33,162.75,161.97,162.12,137.700,+0.23%,6956736
2020-10-15,163.04,163.19,161.64,161.84,137.463,-0.17%,9458911
2020-10-16,161.66,162.32,161.10,161.39,137.080,-0.28%,8418197
2020-10-19,160.50,160.98,160.05,160.78,136.562,-0.38%,9286787
2020-10-20,159.86,160.01,158.95,159.25,135.263,-0.95%,11189208
2020-10-21,158.79,159.37,158.37,158.70,134.796,-0.35%,10453705
2020-10-22,158.29,158.63,156.97,157.05,133.394,-1.04%,12665822
2020-10-23,156.81,158.21,156.75,158.01,134.209,+0.61%,8784136
2020-10-26,159.21,160.02,159.01,159.48,135.458,+0.93%,7227337
2020-10-27,160.23,160.70,159.90,160.55,136.367,+0.67%,6062330
2020-10-28,161.38,161.46,160.20,160.70,136.494,+0.09%,11765784
2020-10-29,160.73,160.83,158.47,159.14,135.169,-0.97%,11932379
2020-10-30,159.03,159.35,157.57,157.57,133.836,-0.99%,13095938
2020-11-02,158.70,159.19,158.33,158.58,134.838,+0.64%,10810494
2020-11-03,157.85,157.98,157.04,157.66,134.055,-0.58%,16228695
2020-11-04,161.64,162.17,160.54,161.08,136.963,+2.17%,21570835
2020-11-05,161.64,161.74,160.58,161.36,137.201,+0.17%,18537530
2020-11-06,159.62,159.91,158.94,159.41,135.543,-1.21%,12408432
2020-11-09,155.97,156.15,154.62,156.06,132.695,-2.10%,23245038
2020-11-10,154.96,155.81,154.78,155.16,131.930,-0.58%,12560977
2020-11-11,155.02,155.94,154.97,155.72,132.406,+0.36%,5888233
2020-11-12,156.94,158.40,156.71,158.37,134.659,+1.70%,16001553
2020-11-13,158.36,158.50,157.91,158.16,134.480,-0.13%,7345549
2020-11-16,157.73,158.28,157.61,157.78,134.157,-0.24%,6310397
2020-11-17,158.77,159.16,158.59,158.81,135.033,+0.65%,7444575
2020-11-18,159.44,159.57,158.35,159.27,135.424,+0.29%,10333345
2020-11-19,159.97,160.72,159.84,160.09,136.121,+0.51%,10623316
2020-11-20,160.53,161.54,160.39,161.51,137.329,+0.89%,7247351
2020-11-23,160.82,160.99,160.28,160.77,136.700,-0.46%,11304789
2020-11-24,159.99,160.02,159.01,159.17,135.339,-1.00%,10888639
2020-11-25,159.25,159.91,158.62,158.68,134.923,-0.31%,9146000
2020-11-27,159.61,160.27,159.58,160.22,136.232,+0.97%,4708153
2020-11-30,160.03,160.53,159.76,160.02,136.062,-0.12%,13071557
2020-12-01,158.55,158.74,156.68,157.50,134.058,-1.57%,13651901
2020-12-02,156.88,156.93,155.48,156.25,132.994,-0.79%,12114580
2020-12-03,156.94,157.82,156.58,157.51,134.066,+0.81%,9626457
2020-12-04,155.69,155.78,154.77,155.20,132.100,-1.47%,12734642
2020-12-07,156.35,156.88,156.18,156.60,133.292,+0.90%,9316138
2020-12-08,157.57,158.07,157.20,157.34,133.922,+0.47%,7397240
2020-12-09,156.55,157.32,156.01,156.82,133.479,-0.33%,7750059
2020-12-10,157.24,158.29,156.83,158.21,134.662,+0.89%,10025124
2020-12-11,158.65,159.39,158.32,158.77,135.139,+0.35%,8136090
2020-12-14,157.49,158.69,157.11,158.33,134.764,-0.28%,7535875
2020-12-15,157.78,158.39,157.31,157.80,134.313,-0.33%,6847676
2020-12-16,156.58,157.89,156.39,157.38,133.956,-0.27%,9954190
2020-12-17,158.13,158.46,156.43,156.80,133.602,-0.37%,9422697
2020-12-18,157.12,157.38,156.18,156.33,133.201,-0.30%,6505271
2020-12-21,157.20,157.34,156.45,156.95,133.729,+0.40%,8988176
2020-12-22,157.56,157.83,157.08,157.76,134.420,+0.52%,7378508
2020-12-23,156.62,156.69,155.46,156.67,133.491,-0.69%,9266649
2020-12-24,156.90,157.43,156.85,157.29,134.019,+0.40%,3117104
2020-12-28,156.38,157.45,156.09,157.36,134.079,+0.04%,7787029
2020-12-29,156.39,157.29,156.36,157.16,133.908,-0.13%,9030948
2020-12-30,156.82,157.53,156.68,157.50,134.198,+0.22%,9097313
2020-12-31,157.46,158.08,157.45,157.73,134.394,+0.15%,7742413
2021-01-04,156.67,158.18,156.53,157.54,134.232,-0.12%,13152865
2021-01-05,156.95,156.95,155.66,156.37,133.235,-0.74%,10458065
2021-01-06,153.82,153.85,152.29,153.16,130.500,-2.05%,22827290
2021-01-07,151.79,152.17,151.26,151.81,129.350,-0.88%,14651882
2021-01-08,151.48,151.96,150.66,151.32,128.932,-0.32%,13622819
2021-01-11,151.00,151.21,150.49,151.07,128.719,-0.17%,8380898
2021-01-12,150.79,151.16,149.93,150.95,128.617,-0.08%,11920226
2021-01-13,151.66,153.07,151.57,152.65,130.066,+1.13%,12533256
2021-01-14,152.58,152.64,150.79,151.22,128.847,-0.94%,14835458
2021-01-15,152.19,152.36,151.47,151.82,129.358,+0.40%,11624672
2021-01-19,151.62,152.36,151.50,152.31,129.776,+0.32%,9575571
2021-01-20,151.99,152.48,151.79,152.46,129.904,+0.10%,5368933
2021-01-21,151.44,151.75,151.10,151.39,128.992,-0.70%,8164729
2021-01-22,151.85,152.01,151.42,151.88,129.409,+0.32%,9507150
2021-01-25,152.76,153.69,152.63,153.67,130.935,+1.18%,8712616
2021-01-26,153.10,153.60,152.92,153.38,130.688,-0.19%,7690318
2021-01-27,154.07,154.50,153.53,153.77,131.020,+0.25%,7895249
2021-01-28,153.40,153.46,152.16,152.92,130.296,-0.55%,10667755
2021-01-29,151.42,152.49,151.30,152.00,129.512,-0.60%,14966238
2021-02-01,151.66,152.36,151.49,152.00,129.661,0.00%,8165534
2021-02-02,150.74,151.09,150.52,151.02,128.825,-0.64%,9159767
2021-02-03,150.43,150.59,149.58,149.68,127.682,-0.89%,9633084
2021-02-04,149.16,149.49,148.80,149.28,127.341,-0.27%,8262613
2021-02-05,149.10,149.57,148.02,148.03,126.275,-0.84%,10258935
2021-02-08,148.30,149.26,148.03,148.68,126.829,+0.44%,11574766
2021-02-09,149.22,149.67,148.66,148.79,126.923,+0.07%,5212387
2021-02-10,149.28,149.78,149.14,149.78,127.768,+0.67%,7214729
2021-02-11,149.68,149.79,148.75,148.96,127.068,-0.55%,11962758
2021-02-12,147.70,148.08,147.03,147.11,125.490,-1.24%,14088379
2021-02-16,145.22,145.66,144.66,144.87,123.579,-1.52%,17789087
2021-02-17,145.95,146.38,144.98,145.79,124.364,+0.64%,11184185
2021-02-18,144.61,145.60,144.32,145.20,123.861,-0.40%,10755817
2021-02-19,144.06,144.32,142.85,143.27,122.214,-1.33%,12741726
2021-02-22,143.03,143.74,141.72,142.18,121.285,-0.76%,12882489
2021-02-23,141.52,142.50,141.14,141.77,120.935,-0.29%,12658455
2021-02-24,139.35,141.18,139.16,140.84,120.142,-0.66%,17363058
2021-02-25,139.52,139.92,136.61,138.54,118.180,-1.63%,52354214
2021-02-26,140.77,143.30,139.68,143.12,122.087,+3.31%,44906950
2021-03-01,140.66,141.41,140.09,141.06,120.476,-1.44%,22050428
2021-03-02,140.40,141.13,140.29,141.07,120.484,+0.01%,12482218
2021-03-03,139.38,140.15,138.76,139.54,119.178,-1.08%,19763736
2021-03-04,139.63,139.94,137.96,138.64,118.409,-0.64%,22366564
2021-03-05,138.17,139.34,137.99,138.91,118.639,+0.19%,20598039
2021-03-08,138.83,138.90,137.83,137.83,117.717,-0.78%,15236619
2021-03-09,139.27,139.81,138.97,139.74,119.348,+1.39%,14463394
2021-03-10,139.80,140.15,139.28,140.02,119.588,+0.20%,12387639
2021-03-11,139.17,139.38,138.46,139.01,118.725,-0.72%,14150742
2021-03-12,136.40,136.46,135.65,136.06,116.205,-2.12%,20402701
2021-03-15,136.49,137.09,136.41,136.86,116.889,+0.59%,11366662
2021-03-16,137.02,137.12,135.75,136.31,116.419,-0.40%,15567907
2021-03-17,135.15,135.53,134.15,135.29,115.548,-0.75%,27107490
2021-03-18,133.31,134.47,133.19,133.92,114.378,-1.01%,21622014
2021-03-19,134.08,134.83,133.80,134.75,115.087,+0.62%,18684950
2021-03-22,135.69,136.41,135.37,136.26,116.376,+1.12%,17047525
2021-03-23,136.59,137.54,136.15,137.49,117.427,+0.90%,16768448
2021-03-24,137.06,138.28,136.94,138.23,118.059,+0.54%,13862975
2021-03-25,138.39,138.66,137.09,137.14,117.128,-0.79%,20781964
2021-03-26,136.42,137.24,136.22,136.66,116.718,-0.35%,8433292
2021-03-29,136.83,136.85,134.97,135.50,115.727,-0.85%,13968084
2021-03-30,135.30,136.51,135.00,136.21,116.333,+0.52%,15020777
2021-03-31,136.34,136.59,134.98,135.45,115.684,-0.56%,19271281
2021-04-01,136.55,137.62,136.30,137.51,117.602,+1.52%,14885947
2021-04-05,136.55,136.97,135.94,136.91,117.089,-0.44%,8242978
2021-04-06,137.16,137.98,137.01,137.84,117.884,+0.68%,9282395
2021-04-07,137.45,138.10,136.88,136.88,117.063,-0.70%,11052827
2021-04-08,137.39,138.07,137.36,138.01,118.029,+0.83%,7847918
2021-04-09,137.50,138.19,137.09,137.51,117.602,-0.36%,8717951
2021-04-12,137.46,137.53,137.10,137.45,117.551,-0.04%,7658990
2021-04-13,137.30,138.51,137.20,138.48,118.431,+0.75%,13232786
2021-04-14,138.03,138.24,137.57,138.04,118.055,-0.32%,7293169
2021-04-15,139.49,140.98,139.46,140.35,120.031,+1.67%,23896725
2021-04-16,139.10,139.73,138.93,139.26,119.098,-0.78%,15238401
2021-04-19,138.74,139.31,138.55,138.86,118.756,-0.29%,13886874
2021-04-20,138.45,139.76,138.43,139.50,119.304,+0.46%,11476489
2021-04-21,139.54,139.91,139.07,139.78,119.543,+0.20%,11902155
2021-04-22,140.00,140.39,139.20,140.39,120.065,+0.44%,14156678
2021-04-23,140.38,140.47,139.49,140.06,119.783,-0.24%,12302248
2021-04-26,140.15,140.51,139.85,139.86,119.612,-0.14%,9103549
2021-04-27,139.59,139.82,138.53,138.64,118.568,-0.87%,14137281
2021-04-28,138.65,138.89,137.96,138.73,118.645,+0.06%,15263720
2021-04-29,137.45,138.36,137.12,138.32,118.295,-0.30%,17178229
2021-04-30,138.51,138.73,137.98,138.64,118.568,+0.23%,15692322
2021-05-03,138.70,139.65,138.28,138.52,118.639,-0.09%,16447651
2021-05-04,139.49,140.16,139.16,139.46,119.444,+0.68%,18640004
2021-05-05,139.03,139.85,138.92,139.69,119.641,+0.16%,11128146
2021-05-06,139.25,140.19,139.20,139.92,119.838,+0.16%,21907928
2021-05-07,140.10,140.60,138.91,139.23,119.247,-0.49%,18346877
2021-05-10,138.95,139.25,137.69,137.82,118.040,-1.01%,15146246
2021-05-11,137.23,137.48,136.77,137.04,117.372,-0.57%,15158611
2021-05-12,136.67,136.80,135.36,135.60,116.138,-1.05%,20859432
2021-05-13,135.93,136.37,135.63,135.81,116.318,+0.15%,13074735
2021-05-14,136.53,137.08,136.22,137.08,117.406,+0.94%,17566732
2021-05-17,136.83,137.17,136.56,136.79,117.158,-0.21%,6113792
2021-05-18,136.40,136.57,136.07,136.44,116.858,-0.26%,11423065
2021-05-19,136.54,137.30,135.62,136.11,116.575,-0.24%,14296300
2021-05-20,136.76,137.49,136.67,137.23,117.534,+0.82%,13310501
2021-05-21,137.66,137.70,137.06,137.67,117.911,+0.32%,10171561
2021-05-24,137.99,138.58,137.89,138.18,118.348,+0.37%,6736459
2021-05-25,138.63,139.50,138.62,139.46,119.444,+0.93%,12346882
2021-05-26,139.59,139.91,138.88,139.22,119.239,-0.17%,9793707
2021-05-27,138.50,138.69,137.99,138.66,118.755,-0.40%,10695157
2021-05-28,138.58,139.30,138.34,138.44,118.571,-0.16%,10258035
2021-06-01,137.82,138.26,137.25,138.21,118.544,-0.17%,11778666
2021-06-02,138.55,138.79,138.32,138.53,118.819,+0.23%,7347905
2021-06-03,138.51,138.51,137.84,138.01,118.373,-0.38%,10994063
2021-06-04,138.52,139.90,138.52,139.90,119.994,+1.37%,15773737
2021-06-07,139.59,139.71,139.32,139.47,119.625,-0.31%,7799833
2021-06-08,140.66,140.66,140.21,140.45,120.466,+0.70%,11231222
2021-06-09,141.76,142.15,141.25,141.69,121.529,+0.88%,12768309
2021-06-10,140.83,142.56,140.68,142.54,122.258,+0.60%,19698410
2021-06-11,142.31,142.40,141.84,142.31,122.061,-0.16%,8646698
2021-06-14,142.10,142.10,141.01,141.22,121.126,-0.77%,9401341
2021-06-15,140.80,141.09,140.48,141.05,120.980,-0.12%,18207559
2021-06-16,141.40,141.67,140.21,140.93,120.877,-0.09%,19666116
2021-06-17,141.86,144.93,141.64,143.04,122.687,+1.50%,35225794
2021-06-18,144.28,146.04,144.12,145.73,124.994,+1.88%,26616912
2021-06-21,144.39,144.49,143.02,143.29,122.902,-1.67%,16485035
2021-06-22,142.17,143.68,142.12,143.64,123.202,+0.24%,14530318
2021-06-23,143.11,143.50,142.71,143.27,122.884,-0.26%,12041212
2021-06-24,143.42,143.90,143.33,143.50,123.082,+0.16%,8788460
2021-06-25,143.26,143.40,141.37,142.01,121.804,-1.04%,15562491
2021-06-28,142.72,143.80,142.70,143.47,123.056,+1.03%,11460926
2021-06-29,143.10,143.72,143.04,143.71,123.262,+0.17%,11218106
2021-06-30,144.25,144.93,144.07,144.35,123.811,+0.45%,15708857
2021-07-01,143.98,144.31,143.53,144.17,123.817,-0.12%,10809998
2021-07-02,144.23,145.04,144.11,145.04,124.564,+0.60%,9650170
2021-07-06,145.72,146.99,145.72,146.74,126.024,+1.17%,20037177
2021-07-07,147.57,148.56,147.22,148.04,127.141,+0.89%,20964385
2021-07-08,148.88,149.44,148.17,148.62,127.639,+0.39%,17487838
2021-07-09,146.87,146.99,146.49,146.53,125.844,-1.41%,14483634
2021-07-12,147.09,147.23,146.17,146.34,125.681,-0.13%,10610428
2021-07-13,146.82,147.46,144.64,145.22,124.719,-0.77%,23340375
2021-07-14,146.01,146.92,145.81,146.87,126.136,+1.14%,16038556
2021-07-15,147.95,148.60,147.03,148.49,127.527,+1.10%,18462700
2021-07-16,147.34,148.34,147.32,148.21,127.287,-0.19%,12787919
2021-07-19,150.95,151.95,150.62,151.46,130.078,+2.19%,40203891
2021-07-20,152.53,152.71,149.76,150.00,128.824,-0.96%,25674791
2021-07-21,148.18,148.50,146.67,148.10,127.192,-1.27%,19988911
2021-07-22,148.11,149.81,148.06,149.50,128.395,+0.95%,18136907
2021-07-23,147.94,148.66,147.89,148.50,127.536,-0.67%,12639262
2021-07-26,149.00,149.06,147.88,148.06,127.158,-0.30%,10737870
2021-07-27,149.33,149.69,148.99,149.64,128.515,+1.07%,13036604
2021-07-28,148.67,149.67,148.27,149.65,128.524,+0.01%,14346869
2021-07-29,148.78,149.22,148.53,148.82,127.811,-0.55%,11521744
2021-07-30,149.13,149.72,149.06,149.52,128.412,+0.47%,14342162
2021-08-02,149.45,151.23,149.18,150.67,129.556,+0.77%,21232706
2021-08-03,150.75,151.23,150.39,150.75,129.624,+0.05%,13361939
2021-08-04,151.50,151.82,149.72,151.06,129.891,+0.21%,18267907
2021-08-05,150.76,150.92,150.00,150.29,129.229,-0.51%,15345359
2021-08-06,148.32,148.76,147.69,147.78,127.071,-1.67%,21144286
2021-08-09,148.15,148.56,147.23,147.25,126.615,-0.36%,12942623
2021-08-10,147.49,147.57,146.56,146.57,126.030,-0.46%,13716901
2021-08-11,146.41,147.23,145.71,146.48,125.953,-0.06%,17227605
2021-08-12,146.09,146.44,145.43,146.24,125.746,-0.16%,14710931
2021-08-13,146.83,148.56,146.81,148.55,127.733,+1.58%,18629511
2021-08-16,149.19,150.02,148.81,148.91,128.042,+0.24%,19171543
2021-08-17,148.88,149.47,148.67,148.85,127.991,-0.04%,14126883
2021-08-18,148.71,149.47,148.45,149.35,128.421,+0.34%,13143979
2021-08-19,150.31,150.46,149.81,150.45,129.367,+0.74%,15474585
2021-08-20,150.59,150.81,150.11,150.55,129.452,+0.07%,12388424
2021-08-23,150.20,150.50,149.92,150.45,129.367,-0.07%,10615040
2021-08-24,149.76,150.07,149.28,149.28,128.360,-0.78%,13835931
2021-08-25,149.21,149.37,147.58,148.04,127.294,-0.83%,16743814
2021-08-26,147.97,148.57,147.51,148.45,127.647,+0.28%,16657435
2021-08-27,148.57,149.49,148.33,149.46,128.515,+0.68%,15384740
2021-08-30,148.99,149.90,148.93,149.85,128.851,+0.26%,10596306
2021-08-31,149.67,150.09,148.50,148.83,127.974,-0.68%,15262401
2021-09-01,149.27,149.39,148.49,148.89,128.188,+0.04%,10807084
2021-09-02,149.24,149.55,148.75,149.54,128.748,+0.44%,9766003
2021-09-03,148.27,148.51,147.94,148.18,127.577,-0.91%,12928250
2021-09-07,147.26,147.52,146.66,146.93,126.500,-0.84%,15548172
2021-09-08,147.66,148.19,147.39,147.93,127.361,+0.68%,14533699
2021-09-09,148.17,149.89,147.85,149.72,128.903,+1.21%,20324739
2021-09-10,148.90,149.17,148.16,148.40,127.766,-0.88%,14894629
2021-09-13,149.04,149.49,148.95,149.30,128.541,+0.61%,15036064
2021-09-14,149.73,151.57,149.58,151.11,130.099,+1.21%,19918375
2021-09-15,151.21,151.25,149.93,150.58,129.643,-0.35%,11940558
2021-09-16,149.67,150.45,149.50,149.89,129.049,-0.46%,13328978
2021-09-17,149.18,149.36,148.70,149.17,128.429,-0.48%,13783034
2021-09-20,150.57,151.37,150.23,151.02,130.022,+1.24%,14660406
2021-09-21,150.71,150.96,150.20,150.89,129.910,-0.09%,10035770
2021-09-22,150.79,151.79,150.44,151.79,130.685,+0.60%,22277765
2021-09-23,150.42,150.45,148.34,148.36,127.732,-2.26%,23853343
2021-09-24,147.84,147.85,146.74,146.91,126.483,-0.98%,20203937
2021-09-27,146.06,146.87,145.88,146.37,126.018,-0.37%,13464252
2021-09-28,144.33,145.07,143.64,144.09,124.055,-1.56%,26613486
2021-09-29,144.80,145.43,143.69,144.34,124.271,+0.17%,23569416
2021-09-30,144.10,144.51,143.65,144.32,124.253,-0.01%,22567556
2021-10-01,144.85,145.40,144.20,145.35,125.298,+0.71%,26151798
2021-10-04,144.67,145.46,144.10,144.98,124.979,-0.25%,28027596
2021-10-05,144.60,144.70,143.46,143.58,123.772,-0.97%,22659503
2021-10-06,144.23,144.72,144.03,144.39,124.470,+0.56%,18696687
2021-10-07,143.19,143.34,142.59,142.88,123.169,-1.05%,14856041
2021-10-08,142.25,142.35,141.53,141.88,122.306,-0.70%,17257754
2021-10-11,141.60,141.90,141.45,141.52,121.996,-0.25%,7213403
2021-10-12,142.63,144.01,142.48,143.94,124.082,+1.71%,17968952
2021-10-13,144.61,145.53,144.57,145.34,125.289,+0.97%,23584827
2021-10-14,145.37,145.96,144.94,145.88,125.755,+0.37%,12950609
2021-10-15,145.00,145.14,144.47,145.03,125.022,-0.58%,11811540
2021-10-18,145.00,146.00,144.52,145.71,125.608,+0.47%,12115879
2021-10-19,144.66,144.73,143.65,143.70,123.875,-1.38%,12156566
2021-10-20,143.25,143.68,142.51,142.73,123.039,-0.68%,12782477
2021-10-21,143.00,143.15,142.23,142.56,122.893,-0.12%,13660022
2021-10-22,143.45,144.40,143.21,144.13,124.246,+1.10%,13740010
2021-10-25,143.67,144.30,143.63,143.91,124.056,-0.15%,8138047
2021-10-26,144.62,145.10,143.74,145.10,125.082,+0.83%,13670997
2021-10-27,146.40,148.18,145.93,147.74,127.358,+1.82%,22092262
2021-10-28,147.79,148.33,146.84,147.24,126.927,-0.34%,17497586
2021-10-29,146.47,148.00,146.32,147.69,127.315,+0.31%,19087338
2021-11-01,145.80,146.76,145.70,146.44,126.400,-0.85%,18003139
2021-11-02,146.50,147.57,146.50,147.09,126.961,+0.44%,9810140
2021-11-03,147.82,147.98,145.53,145.57,125.649,-1.03%,20639350
2021-11-04,145.87,147.36,145.85,147.10,126.969,+1.05%,15922377
2021-11-05,148.52,149.58,148.13,149.30,128.868,+1.50%,21513029
2021-11-08,148.96,149.28,148.51,149.02,128.627,-0.19%,12083905
2021-11-09,150.80,151.77,150.64,150.96,130.301,+1.30%,23086406
2021-11-10,150.83,150.93,147.03,148.20,127.919,-1.83%,28170644
2021-11-11,148.51,148.66,147.89,147.98,127.729,-0.15%,5552818
2021-11-12,148.00,148.51,146.76,147.33,127.168,-0.44%,12609431
2021-11-15,146.89,146.96,145.22,145.48,125.571,-1.26%,15232710
2021-11-16,145.69,146.38,144.85,145.11,125.252,-0.25%,12998708
2021-11-17,144.57,146.29,144.46,146.26,126.244,+0.79%,14239864
2021-11-18,145.99,146.90,145.95,146.81,126.719,+0.38%,11055620
2021-11-19,147.58,148.59,147.58,148.36,128.057,+1.06%,14022924
2021-11-22,147.40,147.64,146.12,146.62,126.555,-1.17%,15267367
2021-11-23,145.93,146.11,144.50,144.50,124.725,-1.45%,15321246
2021-11-24,144.94,146.82,144.79,146.82,126.728,+1.61%,13769705
2021-11-26,148.83,150.68,148.67,150.53,129.930,+2.53%,20064778
2021-11-29,148.31,149.63,148.17,149.32,128.886,-0.80%,23234231
2021-11-30,150.83,152.07,150.25,151.59,130.845,+1.52%,31481117
2021-12-01,150.49,152.41,149.79,152.34,131.651,+0.49%,30838845
2021-12-02,152.93,152.99,150.76,152.53,131.815,+0.12%,17754176
2021-12-03,151.68,155.12,151.35,154.35,133.388,+1.19%,34427106
2021-12-06,154.05,154.35,151.93,152.23,131.556,-1.37%,30924205
2021-12-07,151.72,152.53,150.86,151.00,130.493,-0.81%,22115851
2021-12-08,150.47,150.48,148.36,148.39,128.238,-1.73%,33633891
2021-12-09,149.34,149.84,148.48,149.22,128.955,+0.56%,17544892
2021-12-10,149.92,150.24,148.81,148.86,128.644,-0.24%,14298740
2021-12-13,150.39,151.31,150.31,151.06,130.545,+1.48%,17860465
2021-12-14,150.37,150.93,149.31,150.70,130.234,-0.24%,14015451
2021-12-15,149.61,150.79,149.13,149.25,128.981,-0.96%,25383933
2021-12-16,148.75,149.88,148.73,149.14,129.031,-0.07%,18677893
2021-12-17,150.34,150.98,150.16,150.83,130.493,+1.13%,18094619
2021-12-20,150.75,151.02,149.59,149.70,129.515,-0.75%,17147276
2021-12-21,148.14,149.20,147.62,149.13,129.022,-0.38%,16598163
2021-12-22,149.73,149.86,149.02,149.82,129.619,+0.46%,12253936
2021-12-23,149.59,149.60,148.03,148.52,128.494,-0.87%,11642576
2021-12-27,148.46,149.01,148.32,148.88,128.806,+0.24%,7822856
2021-12-28,149.60,149.78,148.01,148.29,128.295,-0.40%,9176428
2021-12-29,146.91,147.31,146.41,146.67,126.894,-1.09%,11771223
2021-12-30,147.25,147.97,146.45,147.90,127.958,+0.84%,10355046
2021-12-31,147.81,149.03,147.43,148.19,128.209,+0.20%,13370899
2022-01-03,146.41,146.94,144.28,144.30,124.843,-2.63%,33860382
2022-01-04,143.61,144.13,142.74,143.70,124.324,-0.42%,21996350
2022-01-05,144.14,144.16,142.71,142.92,123.649,-0.54%,20911677
2022-01-06,142.59,143.44,142.29,143.29,123.969,+0.26%,18996353
2022-01-07,143.13,143.24,141.56,142.26,123.078,-0.72%,18756845
2022-01-10,141.65,142.81,141.36,142.61,123.381,+0.25%,13775770
2022-01-11,142.88,143.63,142.69,143.56,124.203,+0.67%,24286253
2022-01-12,143.90,144.01,143.00,143.01,123.727,-0.38%,14440646
2022-01-13,143.39,144.42,143.03,144.28,124.826,+0.89%,15166030
2022-01-14,143.42,143.46,141.79,142.10,122.940,-1.51%,22997531
2022-01-18,140.96,141.31,140.02,140.10,121.210,-1.41%,19305643
2022-01-19,140.53,141.71,140.31,141.07,122.049,+0.69%,17715690
2022-01-20,141.37,141.99,141.09,141.94,122.801,+0.62%,13958952
2022-01-21,143.40,144.10,142.67,143.63,124.264,+1.19%,28916580
2022-01-24,144.30,144.37,142.43,142.45,123.243,-0.82%,25005719
2022-01-25,143.11,143.71,141.80,142.22,123.044,-0.16%,15598988
2022-01-26,142.26,142.57,140.49,140.50,121.556,-1.21%,23655546
2022-01-27,142.41,143.37,142.33,143.08,123.788,+1.84%,21501789
2022-01-28,142.09,143.46,141.85,143.13,123.831,+0.03%,12826512
2022-01-31,142.18,142.95,141.96,142.39,123.191,-0.52%,13998392
2022-02-01,142.28,142.36,141.06,141.72,122.783,-0.47%,20806097
2022-02-02,141.95,143.57,141.93,142.20,123.198,+0.34%,18404569
2022-02-03,140.44,141.48,140.18,141.09,122.237,-0.78%,17234053
2022-02-04,139.85,140.14,138.78,139.01,120.435,-1.47%,23609757
2022-02-07,138.91,139.31,138.55,139.10,120.513,+0.06%,12962436
2022-02-08,138.21,138.58,137.82,138.17,119.707,-0.67%,16269187
2022-02-09,138.72,139.37,138.19,138.43,119.932,+0.19%,14349139
2022-02-10,137.66,137.83,135.84,136.23,118.026,-1.59%,30896240
2022-02-11,136.87,138.51,135.36,138.25,119.776,+1.48%,43210273
2022-02-14,137.13,137.74,135.97,136.53,118.286,-1.24%,23157421
2022-02-15,135.60,135.84,134.94,134.98,116.943,-1.14%,18200703
2022-02-16,135.95,136.07,134.51,135.78,117.636,+0.59%,16473677
2022-02-17,136.45,137.56,135.90,136.79,118.511,+0.74%,24508242
2022-02-18,137.52,138.37,137.16,138.23,119.759,+1.05%,17522577
2022-02-22,137.69,138.67,137.47,138.59,120.071,+0.26%,19528367
2022-02-23,137.68,137.85,136.56,136.68,118.416,-1.38%,17757840
2022-02-24,139.10,139.37,136.25,136.77,118.494,+0.07%,28150362
2022-02-25,136.86,137.31,136.18,136.87,118.581,+0.07%,15025360
2022-02-28,138.43,140.04,138.32,139.87,121.180,+2.19%,25817704
2022-03-01,140.36,142.33,140.00,141.30,122.579,+1.02%,35664355
2022-03-02,139.84,140.42,136.41,136.47,118.389,-3.42%,30397410
2022-03-03,137.49,138.70,137.02,137.86,119.594,+1.02%,20649063
2022-03-04,140.36,140.82,139.31,140.24,121.659,+1.73%,25854808
2022-03-07,139.12,140.64,138.77,139.17,120.731,-0.76%,23710932
2022-03-08,137.51,138.25,137.25,137.77,119.516,-1.01%,28331275
2022-03-09,137.06,137.34,136.13,136.42,118.345,-0.98%,18819154
2022-03-10,134.83,135.17,133.72,134.46,116.645,-1.44%,26868881
2022-03-11,134.33,135.45,134.21,134.91,117.035,+0.33%,15583795
2022-03-14,132.70,132.89,131.72,131.76,114.303,-2.33%,24384956
2022-03-15,132.86,133.15,131.19,131.53,114.103,-0.17%,17518754
2022-03-16,131.83,133.13,130.32,132.82,115.222,+0.98%,25857702
2022-03-17,132.82,133.34,131.07,131.83,114.363,-0.75%,19330578
2022-03-18,132.57,133.53,132.57,133.44,115.760,+1.22%,53962879
2022-03-21,131.28,131.67,129.75,130.35,113.079,-2.32%,25754302
2022-03-22,128.96,129.34,128.34,128.68,111.631,-1.28%,21376368
2022-03-23,129.37,131.60,128.86,131.50,114.077,+2.19%,21266117
2022-03-24,129.65,131.18,129.60,130.47,113.184,-0.78%,17141591
2022-03-25,129.50,129.52,127.65,128.66,111.613,-1.39%,25382184
2022-03-28,129.39,130.56,129.04,129.76,112.568,+0.85%,17657777
2022-03-29,130.56,131.55,129.74,130.74,113.418,+0.76%,19319654
2022-03-30,130.07,132.01,129.99,131.76,114.303,+0.78%,16310219
2022-03-31,131.98,132.67,131.66,132.08,114.580,+0.24%,19900953
2022-04-01,130.01,132.96,129.71,132.38,115.016,+0.23%,23489724
2022-04-04,131.93,131.98,130.71,131.46,114.216,-0.69%,13609923
2022-04-05,130.76,130.78,128.29,128.49,111.636,-2.26%,23925314
2022-04-06,126.43,128.30,126.40,127.45,110.732,-0.81%,22951954
2022-04-07,126.11,126.67,125.41,126.49,109.898,-0.75%,23458768
2022-04-08,125.45,125.83,124.26,125.12,108.708,-1.08%,26859158
2022-04-11,123.92,124.19,122.56,123.14,106.988,-1.58%,30020696
2022-04-12,124.05,124.16,122.67,122.97,106.840,-0.14%,23124178
2022-04-13,123.05,124.30,122.89,123.22,107.057,+0.20%,17189500
2022-04-14,122.86,122.93,120.38,120.75,104.911,-2.00%,34274530
2022-04-18,120.87,121.08,119.69,120.15,104.390,-0.50%,18784253
2022-04-19,119.15,119.72,118.67,119.25,103.608,-0.75%,26012315
2022-04-20,120.22,121.97,119.92,121.65,105.693,+2.01%,31043201
2022-04-21,120.83,120.91,119.17,120.75,104.911,-0.74%,23323244
2022-04-22,120.07,121.44,119.81,119.99,104.251,-0.63%,19773405
2022-04-25,121.38,122.19,121.12,121.19,105.293,+1.00%,25418916
2022-04-26,122.44,123.03,121.76,122.41,106.353,+1.01%,26218679
2022-04-27,122.19,122.32,120.77,120.84,104.989,-1.28%,14560521
2022-04-28,120.39,121.07,120.01,121.02,105.146,+0.15%,16892495
2022-04-29,119.31,120.97,119.11,119.45,103.782,-1.30%,26153421
2022-05-02,117.86,118.27,116.93,117.18,101.986,-1.90%,29233885
2022-05-03,119.04,119.31,117.89,117.97,102.673,+0.67%,21256662
2022-05-04,117.97,118.97,117.35,118.62,103.239,+0.55%,25480557
2022-05-05,116.35,116.47,114.02,115.37,100.411,-2.74%,48384528
2022-05-06,114.14,115.04,113.31,113.67,98.931,-1.47%,32790491
2022-05-09,112.86,114.71,112.62,114.67,99.801,+0.88%,26773036
2022-05-10,115.89,116.96,115.48,115.71,100.706,+0.91%,33640756
2022-05-11,114.74,117.94,114.44,117.94,102.647,+1.93%,34173628
2022-05-12,118.02,118.89,117.66,117.72,102.456,-0.19%,26405693
2022-05-13,116.98,117.15,115.90,115.98,100.941,-1.48%,20782747
2022-05-16,116.21,116.94,115.85,115.86,100.837,-0.10%,11050571
2022-05-17,114.71,115.35,114.36,114.46,99.619,-1.21%,15040753
2022-05-18,114.72,117.00,114.61,116.90,101.742,+2.13%,21337265
2022-05-19,118.64,118.72,116.85,117.18,101.986,+0.24%,21937465
2022-05-20,117.09,119.02,117.06,118.51,103.143,+1.14%,22780940
2022-05-23,117.70,118.25,116.54,116.56,101.446,-1.65%,15925189
2022-05-24,117.90,119.64,117.86,118.86,103.448,+1.97%,23388212
2022-05-25,119.61,119.62,118.59,119.33,103.857,+0.40%,14410842
2022-05-26,119.02,119.09,117.80,118.79,103.387,-0.45%,14912949
2022-05-27,119.36,119.74,118.74,119.08,103.639,+0.24%,11190426
2022-05-31,117.18,117.23,115.93,116.56,101.446,-2.12%,28393674
2022-06-01,117.03,117.34,115.69,116.22,101.331,-0.29%,15544848
2022-06-02,116.63,116.71,115.46,116.28,101.383,+0.05%,9832015
2022-06-03,115.09,116.06,114.87,116.03,101.165,-0.21%,15330410
2022-06-06,115.15,115.51,113.81,113.89,99.299,-1.84%,20815373
2022-06-07,114.61,115.78,114.58,115.12,100.372,+1.08%,14278653
2022-06-08,114.68,115.13,114.08,114.10,99.482,-0.89%,11476139
2022-06-09,113.83,114.71,113.68,114.48,99.814,+0.33%,15527256
2022-06-10,114.36,114.61,112.97,113.77,99.195,-0.62%,21917058
2022-06-13,111.49,111.67,109.24,110.20,96.082,-3.14%,36968312
2022-06-14,110.53,110.98,108.59,108.81,94.870,-1.26%,21865876
2022-06-15,110.08,110.99,109.03,110.84,96.640,+1.87%,25202801
2022-06-16,108.45,111.72,108.11,111.72,97.407,+0.79%,26067258
2022-06-17,112.01,112.83,110.96,112.08,97.721,+0.32%,21614262
2022-06-21,110.09,111.02,109.81,110.18,96.065,-1.70%,17663799
2022-06-22,112.69,113.31,112.38,113.21,98.706,+2.75%,23703814
2022-06-23,113.90,115.17,113.49,114.14,99.517,+0.82%,20669222
2022-06-24,113.46,114.17,112.50,112.56,98.140,-1.38%,18161250
2022-06-27,111.22,112.22,111.16,111.60,97.303,-0.85%,12053040
2022-06-28,111.29,112.18,110.87,112.12,97.756,+0.47%,13708196
2022-06-29,112.38,113.90,112.17,113.87,99.282,+1.56%,12925357
2022-06-30,114.86,115.77,114.75,114.87,100.154,+0.88%,25802128
2022-07-01,115.90,117.59,115.22,115.82,101.180,+0.83%,21858829
2022-07-05,116.89,117.75,116.17,116.73,101.975,+0.79%,16689670
2022-07-06,117.39,117.54,114.77,114.77,100.263,-1.68%,20205365
2022-07-07,115.10,115.17,113.51,113.76,99.380,-0.88%,13087988
2022-07-08,113.50,113.50,112.05,112.50,98.280,-1.11%,15320004
2022-07-11,113.79,114.79,113.70,114.44,99.974,+1.72%,13639942
2022-07-12,115.51,116.23,114.97,115.12,100.568,+0.59%,18547318
2022-07-13,113.77,116.65,113.45,116.44,101.722,+1.15%,20594832
2022-07-14,115.08,116.16,114.47,115.49,100.892,-0.82%,15664987
2022-07-15,115.84,116.82,115.60,116.14,101.459,+0.56%,16022586
2022-07-18,115.25,115.32,114.18,114.93,100.402,-1.04%,15838268
2022-07-19,114.91,115.15,113.66,114.31,99.861,-0.54%,9276754
2022-07-20,115.48,115.55,114.05,114.61,100.123,+0.26%,9117311
2022-07-21,115.19,116.72,115.01,116.59,101.853,+1.73%,14754886
2022-07-22,118.29,119.27,117.97,118.55,103.565,+1.68%,17715311
2022-07-25,116.71,117.54,116.47,117.39,102.551,-0.98%,24868134
2022-07-26,118.86,119.24,117.39,117.48,102.630,+0.08%,13535963
2022-07-27,118.01,118.48,116.71,116.82,102.054,-0.56%,15725564
2022-07-28,118.05,118.92,117.32,117.75,102.866,+0.80%,16637914
2022-07-29,117.70,119.31,117.33,117.43,102.586,-0.27%,16655870
2022-08-01,118.25,120.10,118.08,120.04,105.053,+2.22%,17974560
2022-08-02,120.15,120.69,117.28,117.50,102.830,-2.12%,17896257
2022-08-03,117.17,119.49,116.33,119.35,104.449,+1.57%,16731172
2022-08-04,118.98,119.55,118.54,119.31,104.414,-0.03%,11003006
2022-08-05,117.07,117.11,115.89,116.47,101.928,-2.38%,19492287
2022-08-08,117.64,118.53,117.56,118.35,103.574,+1.61%,17477736
2022-08-09,117.73,118.36,117.46,117.89,103.171,-0.39%,8223201
2022-08-10,117.73,118.91,116.73,117.12,102.497,-0.65%,14665302
2022-08-11,116.87,117.06,114.09,114.39,100.108,-2.33%,20663783
2022-08-12,115.10,115.57,114.43,115.55,101.123,+1.01%,12178401
2022-08-15,116.33,116.75,115.45,115.45,101.036,-0.09%,9031814
2022-08-16,115.25,116.02,114.24,115.93,101.456,+0.42%,11065955
2022-08-17,115.06,115.10,114.31,114.72,100.397,-1.04%,14131281
2022-08-18,114.97,115.64,114.58,114.89,100.546,+0.15%,10738208
2022-08-19,113.23,113.33,112.74,113.04,98.927,-1.61%,16330898
2022-08-22,112.86,112.96,112.13,112.66,98.594,-0.34%,10457236
2022-08-23,112.19,113.48,111.73,112.04,98.051,-0.55%,17813184
2022-08-24,111.48,111.87,110.86,111.22,97.334,-0.73%,13971626
2022-08-25,111.32,113.09,110.99,112.77,98.690,+1.39%,21429692
2022-08-26,112.30,113.99,112.01,113.62,99.434,+0.75%,18764391
2022-08-29,112.94,113.01,112.13,112.68,98.612,-0.83%,14231060
2022-08-30,112.62,113.51,112.21,112.96,98.857,+0.25%,14346559
2022-08-31,112.69,113.34,111.58,111.88,97.911,-0.96%,13623548
2022-09-01,109.87,110.25,108.94,109.60,96.123,-2.04%,22490448
2022-09-02,109.68,110.56,109.47,110.22,96.667,+0.57%,13024448
2022-09-06,108.90,108.97,107.42,107.49,94.272,-2.48%,24594493
2022-09-07,108.32,109.48,108.21,109.19,95.763,+1.58%,17050131
2022-09-08,108.84,109.52,108.05,108.07,94.781,-1.03%,14671366
2022-09-09,108.33,108.80,107.63,108.31,94.991,+0.22%,12529797
2022-09-12,108.63,108.89,106.92,107.42,94.211,-0.82%,14806921
2022-09-13,106.56,107.73,106.24,107.67,94.430,+0.23%,22158884
2022-09-14,107.34,108.21,107.11,108.04,94.755,+0.34%,13077844
2022-09-15,107.85,108.19,107.58,107.97,94.693,-0.06%,10260164
2022-09-16,107.03,108.05,106.77,107.07,93.904,-0.83%,18903848
2022-09-19,106.96,107.82,106.80,107.32,94.123,+0.23%,11084426
2022-09-20,105.69,106.84,105.40,106.25,93.185,-1.00%,20133840
2022-09-21,106.70,108.04,105.97,108.03,94.746,+1.68%,23132922
2022-09-22,105.79,105.96,104.73,105.27,92.325,-2.55%,28973782
2022-09-23,105.34,106.42,104.56,105.70,92.702,+0.41%,23042234
2022-09-26,105.36,105.41,103.22,103.68,90.931,-1.91%,25104572
2022-09-27,102.71,102.98,100.90,100.95,88.536,-2.63%,34609453
2022-09-28,103.13,104.45,102.48,104.33,91.501,+3.35%,39283095
2022-09-29,102.90,104.22,102.80,103.79,91.027,-0.52%,19127141
2022-09-30,104.27,104.86,102.22,102.45,89.852,-1.29%,26485690
2022-10-03,103.85,104.68,103.15,103.83,91.276,+1.35%,27192238
2022-10-04,104.15,104.65,103.30,103.54,91.021,-0.28%,13788739
2022-10-05,102.73,102.84,101.58,102.55,90.151,-0.96%,20522057
2022-10-06,102.59,102.84,101.53,101.98,89.650,-0.56%,13965691
2022-10-07,100.81,101.62,100.47,100.99,88.780,-0.97%,14814780
2022-10-10,100.50,100.51,98.80,99.42,87.400,-1.55%,15652632
2022-10-11,99.74,100.90,98.99,99.86,87.786,+0.44%,33246713
2022-10-12,99.28,100.53,99.19,100.35,88.217,+0.49%,21447565
2022-10-13,98.36,100.38,98.34,99.39,87.373,-0.96%,30292454
2022-10-14,100.19,100.19,98.25,98.57,86.652,-0.83%,18732892
2022-10-17,99.29,99.66,97.94,98.09,86.230,-0.49%,18969871
2022-10-18,97.95,98.46,96.87,98.32,86.433,+0.23%,16931451
2022-10-19,97.19,97.42,96.32,96.53,84.859,-1.82%,25431577
2022-10-20,95.93,96.33,94.74,94.88,83.408,-1.71%,25434934
2022-10-21,93.02,93.93,92.26,93.17,81.905,-1.80%,46280271
2022-10-24,92.82,93.55,91.85,92.40,81.228,-0.83%,31332597
2022-10-25,94.58,95.22,94.44,95.09,83.593,+2.91%,31213113
2022-10-26,95.77,96.69,95.77,96.46,84.797,+1.44%,24854742
2022-10-27,96.98,97.90,96.22,97.47,85.685,+1.05%,20270036
2022-10-28,96.86,97.62,96.41,96.80,85.096,-0.69%,22244089
2022-10-31,96.36,96.62,95.03,96.11,84.490,-0.71%,23956687
2022-11-01,97.38,97.42,96.21,96.77,85.277,+0.69%,17585088
2022-11-02,96.91,97.63,95.96,96.35,84.907,-0.43%,25010515
2022-11-03,95.17,96.38,95.09,95.83,84.449,-0.54%,29097497
2022-11-04,95.10,95.66,94.22,94.22,83.030,-1.68%,23561369
2022-11-07,94.80,94.86,93.24,93.28,82.202,-1.00%,14522820
2022-11-08,93.80,94.96,93.77,94.30,83.100,+1.09%,20360550
2022-11-09,93.82,95.02,93.69,94.61,83.374,+0.33%,15637456
2022-11-10,96.72,98.43,96.64,98.25,86.581,+3.85%,45380877
2022-11-11,97.57,98.37,97.54,97.89,86.264,-0.37%,15943114
2022-11-14,97.91,97.98,97.09,97.65,86.053,-0.25%,13711928
2022-11-15,98.25,99.30,98.11,99.23,87.445,+1.62%,26608180
2022-11-16,100.02,101.45,99.74,101.40,89.357,+2.19%,28507673
2022-11-17,100.20,100.57,99.78,100.33,88.414,-1.06%,24536378
2022-11-18,100.60,100.89,99.55,99.64,87.806,-0.69%,14941277
2022-11-21,100.69,100.81,99.80,100.06,88.176,+0.42%,15534009
2022-11-22,100.65,101.62,100.53,101.48,89.428,+1.42%,18103116
2022-11-23,102.14,103.25,102.08,103.25,90.988,+1.74%,23234587
2022-11-25,102.61,102.93,102.43,102.90,90.679,-0.34%,9486076
2022-11-28,103.61,103.81,102.69,103.19,90.935,+0.28%,14569219
2022-11-29,102.15,102.96,101.91,101.98,89.868,-1.17%,16576438
2022-11-30,101.61,102.73,101.37,102.73,90.529,+0.74%,21581659
2022-12-01,103.15,105.81,103.10,105.76,93.415,+2.95%,53156786
2022-12-02,105.30,107.10,104.61,107.09,94.589,+1.26%,24479525
2022-12-05,105.84,105.99,104.90,105.59,93.264,-1.40%,20159732
2022-12-06,106.50,107.39,106.19,106.95,94.466,+1.29%,21754513
2022-12-07,108.37,109.68,108.20,109.47,96.692,+2.36%,30546679
2022-12-08,108.70,109.45,108.47,109.17,96.427,-0.27%,13377290
2022-12-09,107.94,108.17,106.27,106.33,93.918,-2.60%,25872173
2022-12-12,107.86,108.11,106.26,106.67,94.218,+0.32%,16897091
2022-12-13,109.04,109.08,107.45,107.70,95.128,+0.97%,23854670
2022-12-14,107.66,108.32,106.89,108.16,95.534,+0.43%,19517531
2022-12-15,108.39,109.12,108.16,108.32,95.906,+0.15%,20255470
2022-12-16,106.60,107.83,106.31,107.11,94.835,-1.12%,20838343
2022-12-19,105.83,105.84,104.98,105.31,93.241,-1.68%,26126829
2022-12-20,103.38,103.81,103.10,103.44,91.586,-1.78%,28869030
2022-12-21,104.29,104.40,102.96,103.70,91.816,+0.25%,15894092
2022-12-22,103.67,104.12,103.38,103.68,91.798,-0.02%,11322512
2022-12-23,102.58,102.81,102.02,102.16,90.452,-1.47%,15408891
2022-12-27,100.49,101.07,100.01,100.14,88.664,-1.98%,26475730
2022-12-28,100.65,100.78,99.35,99.55,88.141,-0.59%,17302853
2022-12-29,99.86,100.99,99.79,100.68,89.142,+1.14%,16592967
2022-12-30,99.87,100.55,99.37,99.56,88.150,-1.11%,20810209
2023-01-03,102.20,102.34,100.84,101.46,89.833,+1.91%,25313228
2023-01-04,103.22,103.47,102.21,102.85,91.063,+1.37%,21678210
2023-01-05,101.87,103.29,101.78,103.28,91.444,+0.42%,14771117
2023-01-06,102.70,105.30,102.64,105.18,93.126,+1.84%,27473733
2023-01-09,104.41,105.93,104.27,105.74,93.622,+0.53%,21472166
2023-01-10,104.53,104.82,103.50,103.99,92.073,-1.66%,20545215
2023-01-11,104.97,105.72,104.70,105.68,93.569,+1.63%,18794029
2023-01-12,105.82,107.81,104.56,107.76,95.411,+1.97%,32029608
2023-01-13,107.10,107.80,106.38,106.75,94.516,-0.94%,17750775
2023-01-17,105.67,106.66,105.65,106.06,93.905,-0.65%,13911676
2023-01-18,108.46,108.77,107.12,108.63,96.181,+2.42%,35497241
2023-01-19,108.10,108.37,107.44,107.95,95.579,-0.63%,17194653
2023-01-20,106.96,107.24,106.11,106.20,94.029,-1.62%,22754067
2023-01-23,105.57,106.20,105.49,105.70,93.587,-0.47%,12961516
2023-01-24,106.12,107.45,105.39,107.22,94.932,+1.44%,16417220
2023-01-25,107.37,107.91,106.64,107.48,95.163,+0.24%,11906502
2023-01-26,107.14,107.65,106.49,106.98,94.720,-0.47%,15549352
2023-01-27,106.19,106.96,106.11,106.71,94.481,-0.25%,11845473
2023-01-30,106.46,107.16,106.19,106.32,94.136,-0.37%,11459667
2023-01-31,106.98,107.28,105.87,107.17,94.888,+0.80%,13705345
2023-02-01,107.55,108.59,106.42,108.18,96.026,+0.94%,25305791
2023-02-02,108.92,109.35,108.08,108.32,96.151,+0.13%,19548415
2023-02-03,106.77,107.11,106.08,106.70,94.713,-1.50%,20619484
2023-02-06,105.75,106.31,105.68,105.91,94.011,-0.74%,15182444
2023-02-07,105.33,106.23,105.00,105.06,93.257,-0.80%,18290306
2023-02-08,105.04,105.58,104.39,105.56,93.701,+0.48%,13530655
2023-02-09,106.47,106.62,104.39,104.56,92.813,-0.95%,20469923
2023-02-10,104.40,104.44,103.11,103.39,91.775,-1.12%,16598349
2023-02-13,103.71,104.42,103.58,104.26,92.547,+0.84%,13134299
2023-02-14,104.20,104.83,103.14,104.02,92.334,-0.23%,15440317
2023-02-15,103.55,103.95,102.50,103.05,91.473,-0.93%,15567607
2023-02-16,102.07,102.22,101.33,101.59,90.177,-1.42%,19267327
2023-02-17,101.10,102.38,100.97,102.38,90.878,+0.78%,19560871
2023-02-21,101.00,101.20,100.28,100.39,89.112,-1.94%,22727975
2023-02-22,100.99,101.69,100.95,101.31,89.928,+0.92%,15165423
2023-02-23,101.54,102.59,101.47,102.30,90.807,+0.98%,15829077
2023-02-24,101.44,101.80,100.56,100.97,89.626,-1.30%,21403577
2023-02-27,101.29,101.70,100.91,101.25,89.875,+0.28%,14209183
2023-02-28,100.57,101.72,100.28,101.71,90.283,+0.45%,14955716
2023-03-01,100.82,101.03,99.96,100.37,89.316,-1.32%,19000033
2023-03-02,99.06,99.64,98.88,99.48,88.524,-0.89%,23769180
2023-03-03,100.93,101.90,100.57,101.89,90.668,+2.42%,30877342
2023-03-06,102.22,102.34,100.99,101.10,89.965,-0.78%,16631871
2023-03-07,101.46,102.36,100.88,101.72,90.517,+0.61%,23096462
2023-03-08,102.40,102.97,101.42,101.82,90.606,+0.10%,20252359
2023-03-09,101.55,102.52,101.33,102.07,90.828,+0.25%,21550356
2023-03-10,104.03,105.69,104.00,105.59,93.961,+3.45%,43921484
2023-03-13,108.20,109.10,105.04,105.83,94.174,+0.23%,51502460
2023-03-14,105.14,105.61,103.75,104.09,92.626,-1.64%,38417777
2023-03-15,106.78,107.71,105.34,106.10,94.414,+1.93%,45164118
2023-03-16,107.38,108.03,105.04,105.27,93.676,-0.78%,43103531
2023-03-17,106.65,107.73,106.46,106.85,95.082,+1.50%,38128985
2023-03-20,106.88,106.96,105.72,105.91,94.245,-0.88%,24242781
2023-03-21,105.08,105.42,104.54,105.00,93.436,-0.86%,18934923
2023-03-22,104.66,106.45,104.44,106.40,94.681,+1.33%,26388481
2023-03-23,105.36,106.55,104.82,106.40,94.681,0.00%,25475128
2023-03-24,107.09,107.43,106.26,106.85,95.082,+0.42%,23657586
2023-03-27,105.05,105.76,104.33,104.34,92.848,-2.35%,22224508
2023-03-28,104.24,104.68,104.02,104.53,93.017,+0.18%,17794343
2023-03-29,103.70,104.45,103.60,104.32,92.830,-0.20%,16804393
2023-03-30,104.46,105.05,104.27,104.80,93.258,+0.46%,14315802
2023-03-31,105.35,106.56,105.08,106.37,94.655,+1.50%,25396684
2023-04-03,105.88,107.09,105.70,106.60,95.099,+0.22%,18234843
2023-04-04,105.78,107.80,105.75,107.13,95.571,+0.50%,18052419
2023-04-05,107.77,108.37,107.41,108.25,96.570,+1.05%,23047703
2023-04-06,108.42,108.87,108.39,108.53,96.820,+0.26%,16447295
2023-04-10,107.64,107.76,106.56,106.78,95.259,-1.61%,19134399
2023-04-11,107.05,107.09,106.51,107.00,95.455,+0.21%,13971249
2023-04-12,107.05,107.17,105.88,106.89,95.357,-0.10%,20563001
2023-04-13,107.05,107.39,105.88,106.05,94.608,-0.79%,22079384
2023-04-14,105.39,105.55,104.77,105.08,93.743,-0.91%,19801897
2023-04-17,104.42,104.59,103.71,103.83,92.627,-1.19%,19483964
2023-04-18,103.81,104.58,103.80,104.20,92.957,+0.36%,15922623
2023-04-19,103.91,104.24,103.47,104.10,92.868,-0.10%,16093905
2023-04-20,104.83,105.28,104.75,104.99,93.662,+0.85%,16450090
2023-04-21,105.30,105.46,104.27,104.40,93.136,-0.56%,15244718
2023-04-24,104.96,105.49,104.84,105.41,94.037,+0.97%,17034309
2023-04-25,106.33,107.13,106.28,106.96,95.420,+1.47%,21899884
2023-04-26,106.79,107.24,105.67,105.82,94.403,-1.07%,19550658
2023-04-27,105.20,105.27,104.61,104.77,93.466,-0.99%,20247619
2023-04-28,106.21,106.76,105.86,106.46,94.974,+1.61%,26954077
2023-05-01,105.27,105.42,102.84,103.13,92.242,-3.13%,32487293
2023-05-02,104.00,105.70,103.89,105.70,94.541,+2.49%,30057756
2023-05-03,106.00,106.60,105.28,106.29,95.068,+0.56%,23656168
2023-05-04,105.22,106.45,105.15,105.24,94.129,-0.99%,25110469
2023-05-05,104.35,104.90,104.11,104.89,93.816,-0.33%,15096463
2023-05-08,103.52,103.87,103.32,103.42,92.501,-1.40%,20587042
2023-05-09,103.50,103.64,103.00,103.05,92.170,-0.36%,19182506
2023-05-10,103.67,104.24,103.64,104.05,93.065,+0.97%,22886805
2023-05-11,105.30,105.52,104.72,105.15,94.049,+1.06%,19147223
2023-05-12,105.05,105.25,104.25,104.27,93.262,-0.84%,14198538
2023-05-15,103.39,103.47,103.12,103.19,92.296,-1.04%,20085302
2023-05-16,102.40,102.90,102.11,102.88,92.018,-0.30%,29251698
2023-05-17,103.08,103.16,102.34,102.58,91.750,-0.29%,21340887
2023-05-18,102.20,102.26,101.75,101.82,91.070,-0.74%,25536613
2023-05-19,101.26,101.86,100.93,101.10,90.426,-0.71%,29038022
2023-05-22,101.25,101.71,100.67,100.74,90.104,-0.36%,20131107
2023-05-23,100.43,101.25,100.28,101.03,90.364,+0.29%,21749470
2023-05-24,101.28,101.36,100.53,100.53,89.916,-0.49%,18473351
2023-05-25,100.70,100.80,100.03,100.28,89.693,-0.25%,22492819
2023-05-26,100.12,101.17,100.00,101.09,90.417,+0.81%,17030266
2023-05-30,101.40,102.24,101.25,102.10,91.321,+1.00%,23125160
2023-05-31,101.99,103.18,101.87,102.99,92.117,+0.87%,23742666
2023-06-01,103.28,103.63,102.63,103.12,92.477,+0.13%,21040382
2023-06-02,103.00,103.06,101.94,101.99,91.464,-1.10%,19136515
2023-06-05,101.35,102.44,101.21,101.80,91.293,-0.19%,14433172
2023-06-06,101.84,102.47,101.39,102.40,91.832,+0.59%,14332121
2023-06-07,102.17,102.43,100.78,100.88,90.468,-1.48%,25251099
2023-06-08,100.87,102.14,100.80,102.06,91.527,+1.17%,23848659
2023-06-09,101.60,102.27,101.34,101.92,91.401,-0.14%,22148561
2023-06-12,102.24,102.30,101.12,102.22,91.670,+0.29%,19024132
2023-06-13,102.11,102.33,100.97,101.21,90.764,-0.99%,25910828
2023-06-14,101.63,102.29,101.46,102.02,91.491,+0.80%,29094244
2023-06-15,103.03,103.63,102.60,103.00,92.370,+0.96%,25731994
2023-06-16,102.44,102.83,102.03,102.60,92.011,-0.39%,16759084
2023-06-20,103.11,103.66,103.11,103.31,92.648,+0.69%,17163972
2023-06-21,102.81,103.65,102.34,103.56,92.872,+0.24%,19720142
2023-06-22,102.80,103.25,102.20,102.31,91.751,-1.21%,23633350
2023-06-23,103.83,103.95,102.98,103.33,92.666,+1.00%,22901918
2023-06-26,103.62,103.80,103.16,103.44,92.764,+0.11%,12894937
2023-06-27,103.59,103.95,102.76,103.17,92.522,-0.26%,18105686
2023-06-28,103.41,103.84,102.83,103.61,92.917,+0.43%,23826807
2023-06-29,102.17,102.34,101.45,101.74,91.240,-1.80%,41091617
2023-06-30,102.06,103.06,101.87,102.94,92.316,+1.18%,32024910
2023-07-03,102.84,103.25,102.06,102.08,91.794,-0.84%,16011810
2023-07-05,101.89,102.00,100.74,101.11,90.921,-0.95%,28170286
2023-07-06,100.20,100.38,99.47,99.68,89.635,-1.41%,41375735
2023-07-07,99.18,99.60,98.98,99.08,89.096,-0.60%,28996478
2023-07-10,98.86,99.53,98.85,99.21,89.213,+0.13%,24665198
2023-07-11,99.57,99.97,99.29,99.72,89.671,+0.51%,20491147
2023-07-12,100.10,101.12,99.77,100.83,90.670,+1.11%,31927964
2023-07-13,101.31,101.97,101.03,101.89,91.623,+1.05%,32441493
2023-07-14,101.72,101.94,101.23,101.29,91.083,-0.59%,18568974
2023-07-17,101.23,101.48,100.92,101.34,91.128,+0.05%,18828245
2023-07-18,101.80,102.06,101.57,101.80,91.542,+0.45%,15412764
2023-07-19,102.00,102.98,101.72,102.95,92.576,+1.13%,27192463
2023-07-20,102.22,102.31,101.28,101.70,91.452,-1.21%,56951188
2023-07-21,102.16,102.34,101.63,101.73,91.479,+0.03%,20657453
2023-07-24,101.98,102.15,101.30,101.36,91.146,-0.36%,17546711
2023-07-25,100.83,101.50,100.80,101.17,90.975,-0.19%,17160556
2023-07-26,101.68,101.69,100.93,101.27,91.065,+0.10%,19310659
2023-07-27,100.71,100.92,98.91,99.30,89.294,-1.95%,44794390
2023-07-28,99.40,99.86,99.15,99.81,89.752,+0.51%,27433966
2023-07-31,99.65,100.33,99.62,100.05,89.968,+0.24%,28665164
2023-08-01,98.84,98.92,97.90,98.14,88.498,-1.91%,34985340
2023-08-02,97.04,97.23,96.41,97.09,87.551,-1.07%,38121255
2023-08-03,95.19,95.32,94.53,94.85,85.531,-2.31%,59449684
2023-08-04,95.15,96.68,95.13,96.53,87.046,+1.77%,42071834
2023-08-07,96.11,96.20,95.50,95.58,86.190,-0.98%,35862880
2023-08-08,96.86,97.37,96.44,96.69,87.191,+1.16%,24010511
2023-08-09,96.88,97.29,96.84,97.19,87.642,+0.52%,20151127
2023-08-10,97.04,97.36,95.59,95.59,86.199,-1.65%,37253246
2023-08-11,95.30,95.86,95.20,95.37,86.000,-0.23%,26753471
2023-08-14,95.21,95.93,94.90,95.16,85.811,-0.22%,19071967
2023-08-15,94.80,95.19,94.56,94.58,85.288,-0.61%,24125027
2023-08-16,94.28,94.79,93.72,93.84,84.621,-0.78%,23076663
2023-08-17,93.50,93.61,93.02,93.44,84.260,-0.43%,32244852
2023-08-18,93.43,94.19,93.30,93.77,84.558,+0.35%,24181708
2023-08-21,92.66,92.76,92.23,92.52,83.430,-1.33%,29254118
2023-08-22,92.64,93.28,92.46,93.23,84.071,+0.77%,21323072
2023-08-23,94.30,95.55,94.23,95.54,86.154,+2.48%,38294655
2023-08-24,95.13,95.55,94.89,94.91,85.586,-0.66%,22300818
2023-08-25,94.66,95.51,94.51,95.22,85.865,+0.33%,23865213
2023-08-28,95.65,95.66,94.89,95.32,85.955,+0.11%,16037346
2023-08-29,94.97,96.51,94.94,96.31,86.848,+1.04%,28478118
2023-08-30,96.16,96.40,95.88,96.21,86.758,-0.10%,17550106
2023-08-31,96.54,97.05,96.42,96.64,87.146,+0.45%,26959665
2023-09-01,95.80,95.82,94.62,94.85,85.792,-1.85%,32469677
2023-09-05,94.28,94.28,93.49,93.52,84.589,-1.40%,29435888
2023-09-06,94.09,94.11,93.46,93.75,84.797,+0.25%,23609041
2023-09-07,94.00,94.07,93.68,94.01,85.032,+0.28%,18091459
2023-09-08,94.38,94.90,94.17,94.37,85.358,+0.38%,17054175
2023-09-11,93.70,93.98,93.55,93.69,84.742,-0.72%,17061472
2023-09-12,93.89,94.24,93.58,94.23,85.231,+0.58%,20034330
2023-09-13,93.92,94.53,93.82,94.21,85.213,-0.02%,23332277
2023-09-14,93.94,94.21,93.40,93.53,84.598,-0.72%,27800615
2023-09-15,93.46,93.48,92.96,92.96,84.082,-0.61%,25642922
2023-09-18,92.85,93.53,92.82,93.49,84.562,+0.57%,17963376
2023-09-19,93.08,93.43,92.80,92.80,83.937,-0.74%,24947684
2023-09-20,93.29,93.60,93.04,93.09,84.200,+0.31%,29451164
2023-09-21,91.28,91.36,90.69,90.70,82.038,-2.57%,59958747
2023-09-22,90.81,91.61,90.67,91.43,82.698,+0.80%,29530323
2023-09-25,89.66,90.04,89.15,89.18,80.663,-2.46%,45587914
2023-09-26,89.43,89.62,88.71,88.87,80.383,-0.35%,38104127
2023-09-27,89.53,89.62,88.09,88.41,79.967,-0.52%,47111201
2023-09-28,87.62,88.73,87.10,88.68,80.211,+0.31%,60238010
2023-09-29,89.27,89.49,88.13,88.69,80.220,+0.01%,49010145
2023-10-02,87.82,87.93,86.71,86.93,78.881,-1.98%,44704259
2023-10-03,86.31,86.65,84.89,85.06,77.184,-2.15%,71362641
2023-10-04,85.77,86.31,85.37,86.26,78.273,+1.41%,56281598
2023-10-05,86.11,86.19,85.64,85.83,77.883,-0.50%,35758761
2023-10-06,84.20,85.69,84.06,84.79,76.939,-1.21%,62787857
2023-10-09,85.50,86.80,84.95,86.78,78.745,+2.35%,29424888
2023-10-10,85.85,87.17,85.52,86.66,78.636,-0.14%,54743911
2023-10-11,87.85,88.47,87.60,88.47,80.279,+2.09%,58517653
2023-10-12,88.05,88.19,85.92,86.07,78.101,-2.71%,66986734
2023-10-13,87.60,87.83,87.17,87.61,79.498,+1.79%,44203089
2023-10-16,86.19,86.37,85.90,86.20,78.219,-1.61%,38309794
2023-10-17,84.89,85.63,84.50,85.25,77.357,-1.10%,52949096
2023-10-18,84.38,84.72,83.85,84.50,76.676,-0.88%,63724616
2023-10-19,83.88,84.57,82.74,82.77,75.106,-2.05%,87696929
2023-10-20,82.99,83.54,82.77,83.24,75.533,+0.57%,52188750
2023-10-23,82.81,84.86,82.42,84.24,76.440,+1.20%,70890435
2023-10-24,84.44,85.35,84.09,85.35,77.448,+1.32%,46267684
2023-10-25,84.02,84.13,83.13,83.45,75.724,-2.23%,60737170
2023-10-26,83.48,84.81,83.40,84.73,76.885,+1.53%,49704075
2023-10-27,84.19,84.97,83.74,84.37,76.558,-0.42%,32362270
2023-10-30,83.81,84.50,83.24,83.99,76.214,-0.45%,45026920
2023-10-31,84.36,84.77,83.55,83.58,75.841,-0.49%,37269235
2023-11-01,84.04,85.12,84.02,85.10,77.481,+1.82%,72308463
2023-11-02,86.67,87.31,86.22,87.04,79.247,+2.28%,69739356
2023-11-03,88.81,89.05,87.58,87.63,79.784,+0.68%,77692250
2023-11-06,87.07,87.20,86.60,86.78,79.010,-0.97%,41341870
2023-11-07,87.61,88.50,87.59,88.06,80.176,+1.47%,37834193
2023-11-08,88.48,89.62,88.45,89.56,81.541,+1.70%,53893384
2023-11-09,88.94,89.03,86.74,87.50,79.666,-2.30%,88975095
2023-11-10,88.22,88.42,87.78,87.99,80.112,+0.56%,36594021
2023-11-13,87.22,87.94,86.90,87.79,79.930,-0.23%,25661516
2023-11-14,90.00,90.15,89.29,89.78,81.742,+2.27%,65666823
2023-11-15,89.01,89.14,88.31,88.52,80.594,-1.40%,56205295
2023-11-16,89.30,89.96,89.25,89.62,81.596,+1.24%,49473882
2023-11-17,90.16,90.42,89.64,90.04,81.978,+0.47%,44100610
2023-11-20,89.62,90.66,89.61,90.59,82.479,+0.61%,40517570
2023-11-21,90.50,90.80,89.89,90.55,82.443,-0.04%,27720966
2023-11-22,91.12,91.32,90.38,90.87,82.734,+0.35%,31215577
2023-11-24,90.10,90.26,89.79,89.80,81.760,-1.18%,20199626
2023-11-27,90.30,91.34,90.20,91.30,83.125,+1.67%,39804428
2023-11-28,90.91,91.53,90.78,91.48,83.289,+0.20%,44989267
2023-11-29,92.11,92.69,91.78,92.63,84.336,+1.26%,61647846
2023-11-30,91.97,92.29,91.16,91.56,83.362,-1.16%,60520870
2023-12-01,91.31,93.06,91.13,92.99,84.927,+1.56%,64172227
2023-12-04,92.49,92.83,92.09,92.61,84.585,-0.41%,33766250
2023-12-05,93.63,94.62,93.56,94.61,86.407,+2.16%,73588581
2023-12-06,95.08,96.05,94.87,95.87,87.557,+1.33%,61365482
2023-12-07,95.18,96.08,95.06,95.32,87.055,-0.57%,47970168
2023-12-08,94.42,94.72,93.91,94.54,86.343,-0.82%,44809246
2023-12-11,94.01,94.44,93.53,94.34,86.160,-0.21%,33909733
2023-12-12,94.15,94.70,93.90,94.62,86.416,+0.30%,36996909
2023-12-13,95.17,96.98,95.02,96.84,88.443,+2.35%,70828499
2023-12-14,97.66,99.04,97.42,99.04,90.736,+2.27%,87798591
2023-12-15,98.69,99.35,98.58,99.15,90.837,+0.11%,59941256
2023-12-18,98.50,98.50,98.02,98.36,90.113,-0.80%,34746018
2023-12-19,98.86,99.26,98.66,98.89,90.599,+0.54%,29391072
2023-12-20,99.11,99.69,98.58,99.56,91.213,+0.68%,51229377
2023-12-21,99.74,99.84,98.75,98.93,90.635,-0.63%,65231183
2023-12-22,99.38,99.38,98.24,98.47,90.219,-0.46%,29244249
2023-12-26,98.54,98.87,98.48,98.76,90.480,+0.29%,24019749
2023-12-27,99.78,100.53,99.50,100.51,92.083,+1.77%,43990555
2023-12-28,100.09,100.57,99.56,99.78,91.414,-0.73%,36212985
2023-12-29,99.13,99.81,98.80,98.88,90.590,-0.90%,41616185
2024-01-02,98.23,98.65,98.00,98.31,90.067,-0.58%,47797425
2024-01-03,97.38,98.85,97.15,98.72,90.443,+0.42%,58159496
2024-01-04,97.42,97.64,97.06,97.22,89.069,-1.52%,52604511
2024-01-05,96.50,97.68,96.21,96.29,88.217,-0.96%,45857664
2024-01-08,96.23,97.38,96.09,97.24,89.087,+0.99%,39485848
2024-01-09,96.64,97.17,96.58,96.62,88.519,-0.64%,34373950
2024-01-10,96.92,97.05,96.12,96.17,88.107,-0.47%,48227798
2024-01-11,96.17,96.83,95.71,96.71,88.602,+0.56%,78858911
2024-01-12,96.78,97.27,96.27,96.52,88.427,-0.20%,38883928
2024-01-16,95.62,95.79,94.51,94.82,86.870,-1.76%,61716698
2024-01-17,94.60,95.00,94.16,94.67,86.733,-0.16%,55506807
2024-01-18,94.46,94.58,93.51,93.79,85.926,-0.93%,77339062
2024-01-19,93.71,94.17,93.26,94.09,86.201,+0.32%,47030912
2024-01-22,94.82,95.08,94.39,94.65,86.714,+0.60%,35756416
2024-01-23,93.89,93.99,93.43,93.90,86.027,-0.79%,35786747
2024-01-24,94.51,94.54,93.10,93.35,85.523,-0.59%,54253634
2024-01-25,94.00,94.22,93.57,93.96,86.082,+0.65%,57019409
2024-01-26,93.93,94.07,93.48,93.78,85.917,-0.19%,29276865
2024-01-29,94.31,95.17,94.12,94.86,86.907,+1.15%,38243550
2024-01-30,95.48,95.84,94.74,95.72,87.695,+0.91%,40151415
2024-01-31,96.22,96.91,96.00,96.66,88.556,+0.98%,80646722
2024-02-01,97.42,98.67,97.19,98.24,90.287,+1.63%,84291219
2024-02-02,96.27,96.62,95.69,96.07,88.293,-2.21%,63823250
2024-02-05,94.63,94.85,94.02,94.13,86.510,-2.02%,53827357
2024-02-06,94.24,95.15,94.21,95.05,87.356,+0.98%,33411473
2024-02-07,94.57,95.23,94.52,94.59,86.933,-0.48%,40120215
2024-02-08,94.02,94.30,93.66,94.04,86.427,-0.58%,50087687
2024-02-09,93.76,94.01,93.66,93.85,86.253,-0.20%,27951308
2024-02-12,93.90,94.14,93.50,93.96,86.354,+0.12%,27890272
2024-02-13,92.86,93.06,92.33,92.35,84.874,-1.71%,49768460
2024-02-14,92.30,93.05,92.23,92.82,85.306,+0.51%,44191551
2024-02-15,93.56,93.72,93.00,93.30,85.747,+0.52%,49598494
2024-02-16,92.48,92.84,92.34,92.76,85.251,-0.58%,33116772
2024-02-20,92.79,93.19,92.72,92.84,85.325,+0.09%,24469329
2024-02-21,92.83,92.89,92.01,92.18,84.718,-0.71%,36404244
2024-02-22,92.33,92.76,92.27,92.63,85.132,+0.49%,45190659
2024-02-23,92.75,94.00,92.75,93.87,86.271,+1.34%,38406710
2024-02-26,94.00,94.03,93.19,93.59,86.014,-0.30%,27855044
2024-02-27,93.24,93.47,92.84,92.93,85.407,-0.71%,30241953
2024-02-28,93.08,93.59,92.90,93.52,85.949,+0.63%,34574178
2024-02-29,93.82,94.30,93.78,94.18,86.556,+0.71%,51038614
2024-03-01,93.44,94.51,93.01,94.47,87.094,+0.31%,45832788
2024-03-04,93.70,94.16,93.68,94.09,86.744,-0.40%,23864210
2024-03-05,95.23,95.68,94.97,95.43,87.979,+1.42%,37721853
2024-03-06,95.49,96.17,95.41,95.99,88.495,+0.59%,40571580
2024-03-07,96.36,96.40,95.48,95.90,88.412,-0.09%,39075047
2024-03-08,95.80,96.05,95.48,95.73,88.256,-0.18%,25023234
2024-03-11,95.96,96.01,95.37,95.68,88.209,-0.05%,17711425
2024-03-12,95.04,95.21,94.69,94.88,87.472,-0.84%,29546422
2024-03-13,94.50,94.74,94.21,94.42,87.048,-0.48%,37654016
2024-03-14,93.73,93.75,92.86,92.97,85.711,-1.54%,58288590
2024-03-15,93.06,93.19,92.78,92.94,85.683,-0.03%,34997707
2024-03-18,92.73,92.99,92.50,92.66,85.425,-0.30%,29519539
2024-03-19,92.85,93.27,92.69,92.92,85.665,+0.28%,26953132
2024-03-20,93.10,93.79,92.29,92.89,85.637,-0.03%,43460080
2024-03-21,93.27,93.43,92.72,93.09,85.822,+0.22%,34276643
2024-03-22,94.19,94.21,93.78,93.98,86.642,+0.96%,30262284
2024-03-25,93.71,93.75,93.30,93.51,86.209,-0.50%,24011759
2024-03-26,93.51,93.87,93.28,93.77,86.449,+0.28%,34422997
2024-03-27,93.99,94.70,93.94,94.70,87.306,+0.99%,50157816
2024-03-28,94.49,95.02,94.32,94.62,87.232,-0.08%,34540428
2024-04-01,93.29,93.30,92.45,92.55,85.612,-2.19%,48189410
2024-04-02,91.57,92.20,91.33,92.04,85.140,-0.55%,42108944
2024-04-03,91.26,92.05,91.05,92.02,85.122,-0.02%,43685247
2024-04-04,92.63,92.76,92.04,92.68,85.732,+0.72%,47101025
2024-04-05,91.69,92.18,91.38,91.39,84.539,-1.39%,41234430
2024-04-08,91.23,91.59,91.13,91.38,84.530,-0.01%,37848090
2024-04-09,91.87,92.36,91.83,92.23,85.316,+0.93%,30502532
2024-04-10,91.20,91.30,90.05,90.22,83.457,-2.18%,74368942
2024-04-11,90.38,90.44,89.51,89.81,83.077,-0.45%,65751184
2024-04-12,90.64,90.95,90.28,90.29,83.521,+0.53%,47900106
2024-04-15,89.22,89.26,88.52,88.89,82.226,-1.55%,55993060
2024-04-16,88.05,88.58,87.78,88.30,81.680,-0.66%,45103244
2024-04-17,88.87,89.38,88.46,89.28,82.587,+1.11%,57946990
2024-04-18,89.24,89.27,88.59,88.83,82.171,-0.50%,43839454
2024-04-19,89.39,89.39,88.91,89.15,82.467,+0.36%,44826771
2024-04-22,88.68,89.12,88.64,89.00,82.328,-0.17%,24969046
2024-04-23,88.73,89.54,88.55,89.03,82.356,+0.03%,27222722
2024-04-24,88.56,88.63,87.50,88.40,81.773,-0.71%,48986757
2024-04-25,87.46,87.90,87.34,87.78,81.199,-0.70%,49282640
2024-04-26,88.25,88.61,88.05,88.24,81.625,+0.52%,31589821
2024-04-29,88.66,89.02,88.48,88.98,82.309,+0.84%,39228621
2024-04-30,88.42,88.73,88.09,88.22,81.606,-0.85%,41054666
2024-05-01,88.60,89.21,88.24,88.56,82.206,+0.39%,59679513
2024-05-02,88.21,89.01,88.03,88.94,82.558,+0.43%,58925388
2024-05-03,89.93,90.12,89.27,89.84,83.394,+1.01%,50066075
2024-05-06,89.87,90.25,89.67,90.19,83.719,+0.39%,23868185
2024-05-07,90.90,91.24,90.61,90.74,84.229,+0.61%,30525831
2024-05-08,90.31,90.46,90.16,90.19,83.719,-0.61%,31171659
2024-05-09,89.87,90.77,89.82,90.63,84.127,+0.49%,39606723
2024-05-10,90.28,90.38,89.96,90.12,83.654,-0.56%,21913759
2024-05-13,90.55,90.61,90.31,90.35,83.867,+0.26%,23157495
2024-05-14,90.65,90.92,90.42,90.86,84.341,+0.56%,25746391
2024-05-15,91.87,92.25,91.63,92.10,85.492,+1.36%,65142886
2024-05-16,92.39,92.42,91.94,92.01,85.408,-0.10%,37902425
2024-05-17,91.64,91.80,91.34,91.39,84.833,-0.67%,24755012
2024-05-20,91.08,91.31,91.01,91.12,84.582,-0.30%,17922808
2024-05-21,91.73,91.77,91.43,91.59,85.018,+0.52%,15334425
2024-05-22,91.27,91.78,91.26,91.70,85.120,+0.12%,38073722
2024-05-23,91.80,91.80,90.82,91.11,84.573,-0.64%,51294662
2024-05-24,90.97,91.47,90.90,91.38,84.823,+0.30%,19164425
2024-05-28,91.33,91.36,90.03,90.07,83.607,-1.43%,45973742
2024-05-29,89.34,89.39,88.68,88.98,82.595,-1.21%,45508378
2024-05-30,89.60,89.97,89.44,89.84,83.394,+0.97%,29571653
2024-05-31,90.48,90.66,90.25,90.45,83.960,+0.68%,41308832
2024-06-03,90.64,91.67,90.61,91.60,85.314,+1.27%,42272093
2024-06-04,92.20,92.80,91.99,92.67,86.310,+1.17%,42581462
2024-06-05,93.00,93.35,92.39,93.35,86.944,+0.73%,43153858
2024-06-06,92.92,93.43,92.86,93.21,86.813,-0.15%,22891863
2024-06-07,91.83,91.83,91.40,91.50,85.221,-1.83%,35240475
2024-06-10,91.00,91.06,90.65,90.89,84.652,-0.67%,20593244
2024-06-11,91.03,91.87,90.92,91.83,85.528,+1.03%,30329207
2024-06-12,93.02,93.57,92.48,92.52,86.171,+0.75%,42554583
2024-06-13,93.22,93.99,92.95,93.88,87.437,+1.47%,33093758
2024-06-14,94.42,94.84,94.24,94.67,88.173,+0.84%,28776710
2024-06-17,93.52,93.81,93.28,93.73,87.297,-0.99%,31040202
2024-06-18,93.89,94.60,93.73,94.59,88.098,+0.92%,26881038
2024-06-20,93.41,94.00,93.34,93.96,87.512,-0.67%,30246274
2024-06-21,94.24,94.48,93.59,93.96,87.512,0.00%,22830882
2024-06-24,94.05,94.34,93.73,94.34,87.866,+0.40%,56939096
2024-06-25,94.07,94.55,94.04,94.50,88.015,+0.17%,23160000
2024-06-26,93.28,93.47,93.11,93.15,86.757,-1.43%,38489135
2024-06-27,93.52,93.71,93.42,93.52,87.102,+0.40%,23140767
2024-06-28,93.73,93.77,91.78,91.78,85.481,-1.86%,55119554
2024-07-01,90.42,91.08,89.82,89.91,84.011,-2.04%,49735376
2024-07-02,90.68,90.81,90.08,90.61,84.665,+0.78%,34204719
2024-07-03,91.17,91.89,91.08,91.80,85.777,+1.31%,35563313
2024-07-05,92.27,92.72,91.90,92.56,86.487,+0.83%,34895512
2024-07-08,92.54,92.84,92.22,92.76,86.674,+0.22%,16095651
2024-07-09,92.47,92.67,91.87,92.35,86.291,-0.44%,30304136
2024-07-10,92.45,92.68,92.26,92.64,86.562,+0.31%,23572469
2024-07-11,93.68,94.14,93.47,93.54,87.403,+0.97%,49761785
2024-07-12,93.53,93.94,93.34,93.94,87.776,+0.43%,27796476
2024-07-15,93.00,93.30,92.78,92.86,86.767,-1.15%,37918854
2024-07-16,93.53,94.21,93.39,94.17,87.991,+1.41%,36383720
2024-07-17,93.92,94.40,93.69,94.19,88.010,+0.02%,29036838
2024-07-18,93.68,94.14,93.38,93.47,87.337,-0.76%,34553075
2024-07-19,93.04,93.16,92.82,92.92,86.823,-0.59%,32164669
2024-07-22,93.40,93.52,92.30,92.65,86.571,-0.29%,36160366
2024-07-23,92.81,93.03,92.49,92.52,86.450,-0.14%,23497988
2024-07-24,92.59,92.85,91.47,91.52,85.515,-1.08%,50757116
2024-07-25,92.03,92.86,91.96,92.27,86.216,+0.82%,44999074
2024-07-26,92.95,93.15,92.71,92.99,86.889,+0.78%,34423772
2024-07-29,93.67,93.69,93.22,93.49,87.356,+0.54%,25801347
2024-07-30,93.75,94.05,93.30,93.85,87.692,+0.39%,28169820
2024-07-31,94.53,94.84,94.24,94.81,88.589,+1.02%,47445288
2024-08-01,95.14,95.91,95.12,95.31,89.351,+0.53%,77254240
2024-08-02,97.00,98.37,96.89,98.28,92.135,+3.12%,91912942
2024-08-05,99.69,99.94,97.90,98.80,92.622,+0.53%,90686310
2024-08-06,98.15,98.41,96.59,96.59,90.551,-2.24%,61316860
2024-08-07,95.95,96.45,95.50,95.91,89.913,-0.70%,51337133
2024-08-08,95.11,95.40,94.84,95.32,89.360,-0.62%,37815770
2024-08-09,96.51,96.54,96.09,96.26,90.241,+0.99%,32141763
2024-08-12,96.03,96.82,95.88,96.61,90.569,+0.36%,24261382
2024-08-13,97.30,97.36,96.98,97.28,91.197,+0.69%,30366938
2024-08-14,97.55,98.16,97.51,97.89,91.769,+0.63%,31334061
2024-08-15,96.41,97.10,96.21,97.10,91.029,-0.81%,38723695
2024-08-16,97.44,97.54,97.01,97.44,91.347,+0.35%,28540965
2024-08-19,97.42,98.16,97.41,97.89,91.769,+0.46%,25322138
2024-08-20,98.32,98.86,98.12,98.67,92.501,+0.80%,25239303
2024-08-21,98.67,99.20,98.21,98.73,92.557,+0.06%,29229982
2024-08-22,98.23,98.30,97.43,97.75,91.638,-0.99%,33453848
2024-08-23,98.19,98.67,97.96,98.39,92.238,+0.65%,32005083
2024-08-26,98.69,98.70,98.08,98.14,92.004,-0.25%,23198710
2024-08-27,97.49,98.08,97.41,97.97,91.844,-0.17%,21507650
2024-08-28,98.01,98.20,97.72,97.85,91.732,-0.12%,18501411
2024-08-29,97.37,97.64,97.12,97.53,91.432,-0.33%,24988243
2024-08-30,97.68,97.98,96.47,96.49,90.457,-1.07%,42896190
2024-09-03,97.56,98.06,97.42,97.75,91.931,+1.31%,48947900
2024-09-04,97.88,99.03,97.81,99.01,93.116,+1.29%,40782238
2024-09-05,99.34,99.68,98.78,99.57,93.643,+0.57%,47450878
2024-09-06,99.55,100.78,99.19,99.56,93.634,-0.01%,57406404
2024-09-09,99.40,100.10,99.16,99.99,94.038,+0.43%,26961402
2024-09-10,99.87,100.91,99.82,100.69,94.696,+0.70%,31703409
2024-09-11,100.49,101.23,100.35,100.61,94.621,-0.08%,39497052
2024-09-12,100.36,100.55,99.69,100.14,94.179,-0.47%,41812529
2024-09-13,100.46,100.61,100.02,100.41,94.433,+0.27%,25722135
2024-09-16,100.63,101.37,100.41,101.33,95.298,+0.92%,30866261
2024-09-17,101.47,101.64,100.74,100.84,94.837,-0.48%,31699372
2024-09-18,100.24,100.73,99.54,99.59,93.662,-1.24%,48897047
2024-09-19,98.92,99.31,98.77,99.26,93.351,-0.33%,39979816
2024-09-20,98.99,99.25,98.72,98.88,92.994,-0.38%,37067571
2024-09-23,98.50,99.09,98.02,98.67,92.797,-0.21%,35703932
2024-09-24,98.00,98.89,97.85,98.65,92.778,-0.02%,31005351
2024-09-25,98.26,98.32,97.79,97.83,92.007,-0.83%,36738236
2024-09-26,98.07,98.25,97.42,98.06,92.223,+0.24%,33332315
2024-09-27,98.54,98.75,98.21,98.57,92.703,+0.52%,28317628
2024-09-30,98.64,98.71,97.88,98.10,92.260,-0.48%,34208260
2024-10-01,98.80,99.33,98.39,98.49,92.924,+0.40%,45254237
2024-10-02,97.36,97.73,97.06,97.66,92.141,-0.84%,35810763
2024-10-03,97.34,97.51,96.74,96.74,91.273,-0.94%,39677767
2024-10-04,95.44,95.96,95.40,95.55,90.150,-1.23%,56970281
2024-10-07,94.98,95.27,94.76,94.83,89.471,-0.75%,42606634
2024-10-08,94.39,95.03,94.33,94.99,89.622,+0.17%,33709587
2024-10-09,94.67,94.91,94.23,94.45,89.113,-0.57%,35807681
2024-10-10,93.88,94.09,93.41,94.08,88.763,-0.39%,53667357
2024-10-11,93.48,94.07,93.42,93.70,88.405,-0.40%,27406423
2024-10-14,93.04,93.78,92.98,93.77,88.466,+0.07%,28795344
2024-10-15,94.46,95.00,94.37,94.91,89.547,+1.22%,46429050
2024-10-16,95.39,95.62,95.14,95.31,89.924,+0.42%,32281486
2024-10-17,94.29,94.44,93.67,93.80,88.499,-1.58%,43427214
2024-10-18,94.05,94.28,93.86,93.87,88.565,+0.07%,25258632
2024-10-21,93.02,93.09,92.23,92.23,87.018,-1.75%,49504698
2024-10-22,92.65,92.76,92.09,92.32,87.103,+0.10%,32096893
2024-10-23,91.84,92.37,91.66,92.07,86.867,-0.27%,33354245
2024-10-24,92.23,93.00,91.96,92.66,87.424,+0.64%,32507395
2024-10-25,92.99,93.04,92.02,92.14,86.933,-0.56%,28667060
2024-10-28,92.27,92.29,91.42,91.89,86.697,-0.27%,33156461
2024-10-29,91.17,92.06,90.98,92.03,86.829,+0.15%,46545204
2024-10-30,92.84,93.28,92.16,92.30,87.084,+0.29%,41951068
2024-10-31,92.20,92.94,91.87,92.45,87.226,+0.16%,52173754
2024-11-01,92.26,92.52,90.80,90.84,86.000,-1.74%,80401983
2024-11-04,92.28,92.57,91.63,92.25,87.334,+1.55%,49747594
2024-11-05,92.03,92.90,91.60,92.74,87.798,+0.53%,46986037
2024-11-06,89.64,90.72,89.56,90.20,85.394,-2.74%,98895693
2024-11-07,90.75,91.62,90.65,91.33,86.463,+1.25%,56221411
2024-11-08,92.00,92.60,91.84,92.49,87.562,+1.27%,56756175
2024-11-11,92.25,92.30,91.62,92.04,87.136,-0.49%,22369200
2024-11-12,91.37,91.85,90.51,90.66,85.829,-1.50%,57908367
2024-11-13,91.52,91.54,89.72,89.80,85.015,-0.95%,49009127
2024-11-14,90.56,91.03,90.27,90.32,85.507,+0.58%,53328347
2024-11-15,89.92,90.65,89.51,90.08,85.280,-0.27%,73722402
2024-11-18,89.66,90.59,89.42,90.24,85.432,+0.18%,36058665
2024-11-19,90.82,91.07,90.62,90.70,85.867,+0.51%,29585102
2024-11-20,90.15,90.83,90.11,90.41,85.592,-0.32%,27755434
2024-11-21,90.45,90.85,90.00,90.34,85.526,-0.08%,28365740
2024-11-22,90.51,90.70,90.15,90.39,85.574,+0.06%,21547548
2024-11-25,92.20,92.78,91.98,92.73,87.789,+2.59%,56858036
2024-11-26,92.16,92.44,91.81,92.37,87.448,-0.39%,31122249
2024-11-27,93.04,93.38,92.67,93.01,88.054,+0.69%,39442167
2024-11-29,93.78,93.99,93.44,93.97,88.963,+1.03%,31905735
2024-12-02,93.27,94.15,93.00,93.87,89.176,-0.11%,39406033
2024-12-03,93.93,94.03,92.99,93.06,88.406,-0.86%,32768887
2024-12-04,92.61,94.19,92.54,94.06,89.356,+1.07%,35851069
2024-12-05,93.72,94.39,93.66,94.25,89.537,+0.20%,23695821
2024-12-06,94.72,94.85,94.02,94.39,89.670,+0.15%,31761525
2024-12-09,93.99,94.04,93.47,93.52,88.843,-0.92%,30509582
2024-12-10,93.02,93.30,92.91,93.08,88.425,-0.47%,28706474
2024-12-11,93.07,93.29,92.11,92.20,87.589,-0.95%,38748397
2024-12-12,91.64,91.75,91.00,91.08,86.525,-1.21%,45368386
2024-12-13,90.80,90.85,90.08,90.15,85.642,-1.02%,39485960
2024-12-16,90.55,90.61,90.05,90.42,85.898,+0.30%,23482268
2024-12-17,90.52,90.98,90.45,90.64,86.107,+0.24%,23839892
2024-12-18,89.97,90.37,89.14,89.16,85.035,-1.63%,61328421
2024-12-19,88.07,88.39,87.50,87.81,83.747,-1.51%,99083313
2024-12-20,88.53,88.91,88.29,88.31,84.224,+0.57%,45542412
2024-12-23,88.16,88.23,87.44,87.50,83.452,-0.92%,32764561
2024-12-24,87.04,87.89,86.98,87.87,83.804,+0.42%,22377628
2024-12-26,87.21,87.96,87.20,87.82,83.757,-0.06%,19996215
2024-12-27,87.48,87.78,87.06,87.10,83.070,-0.82%,27262321
2024-12-30,87.83,88.03,87.67,87.80,83.738,+0.80%,48519626
2024-12-31,88.13,88.28,87.26,87.33,83.289,-0.54%,31917307
2025-01-02,87.80,88.11,87.21,87.57,83.518,+0.27%,27841296
2025-01-03,87.72,87.88,87.18,87.29,83.251,-0.32%,21962204
2025-01-06,87.05,87.23,86.67,86.90,82.879,-0.45%,30231493
2025-01-07,86.60,86.77,85.79,85.92,81.945,-1.13%,41757185
2025-01-08,85.47,86.20,85.34,86.03,82.050,+0.13%,44590774
2025-01-10,85.28,85.84,85.16,85.46,81.506,-0.66%,47115832
2025-01-13,85.53,85.66,85.04,85.43,81.477,-0.04%,33258924
2025-01-14,85.23,85.36,84.89,85.29,81.344,-0.16%,33412888
2025-01-15,86.69,86.97,86.39,86.76,82.746,+1.72%,54120729
2025-01-16,86.64,87.39,86.28,87.04,83.013,+0.32%,34651051
2025-01-17,87.43,87.48,87.04,87.19,83.156,+0.17%,29875611
2025-01-21,87.89,88.17,87.63,87.97,83.900,+0.89%,30548614
2025-01-22,87.87,87.98,87.32,87.51,83.461,-0.52%,25278409
2025-01-23,86.64,86.99,86.53,86.83,82.813,-0.78%,31949017
2025-01-24,86.72,87.28,86.60,87.22,83.185,+0.45%,21110355
2025-01-27,88.16,88.43,87.85,88.25,84.167,+1.18%,42864203
2025-01-28,87.84,88.20,87.66,88.19,84.110,-0.07%,25519105
2025-01-29,88.43,88.61,87.63,88.01,83.938,-0.20%,25342751
2025-01-30,88.41,88.70,88.17,88.34,84.253,+0.37%,25094896
2025-01-31,88.38,88.66,87.43,87.76,83.700,-0.66%,48812469
2025-02-03,88.58,89.10,87.80,88.16,84.379,+0.46%,70657233
2025-02-04,87.55,88.45,87.48,88.43,84.637,+0.31%,33413956
2025-02-05,89.45,90.17,89.39,89.89,86.035,+1.65%,48331179
2025-02-06,89.86,90.15,89.55,89.85,85.996,-0.04%,22509940
2025-02-07,89.24,89.45,88.94,89.27,85.441,-0.65%,31171245
2025-02-10,89.26,89.53,88.85,89.00,85.183,-0.30%,22736056
2025-02-11,88.53,88.68,88.38,88.43,84.637,-0.64%,21513015
2025-02-12,87.29,87.60,86.86,87.23,83.489,-1.36%,48536211
2025-02-13,88.09,88.89,88.07,88.68,84.877,+1.66%,42718098
2025-02-14,89.38,89.68,89.12,89.15,85.326,+0.53%,27460743
2025-02-18,88.54,88.84,88.04,88.10,84.321,-1.18%,29429174
2025-02-19,87.95,88.45,87.89,88.21,84.427,+0.12%,20584304
2025-02-20,88.45,88.76,88.45,88.54,84.743,+0.37%,27913442
2025-02-21,88.87,89.93,88.82,89.61,85.767,+1.21%,46912348
2025-02-24,89.33,90.06,89.26,89.87,86.016,+0.29%,26217988
2025-02-25,90.97,91.50,90.80,91.42,87.499,+1.72%,50125054
2025-02-26,91.42,92.06,91.20,91.96,88.016,+0.59%,32220186
2025-02-27,91.31,91.79,91.14,91.31,87.394,-0.71%,53373572
2025-02-28,91.85,92.47,91.47,92.43,88.466,+1.23%,49388600
2025-03-03,91.41,92.71,91.37,92.57,88.877,+0.15%,42904172
2025-03-04,92.44,92.79,91.27,91.43,87.783,-1.23%,56721962
2025-03-05,91.56,91.80,90.61,90.70,87.082,-0.80%,50215938
2025-03-06,90.48,90.80,89.73,90.40,86.794,-0.33%,42827474
2025-03-07,91.14,91.16,89.98,90.11,86.515,-0.32%,36903632
2025-03-10,91.08,91.63,90.91,91.05,87.418,+1.04%,41190857
2025-03-11,90.97,91.49,90.14,90.40,86.794,-0.71%,40555666
2025-03-12,90.00,90.38,89.78,89.86,86.275,-0.60%,32734569
2025-03-13,89.58,90.71,89.38,90.65,87.034,+0.88%,38675413
2025-03-14,90.01,90.41,89.86,90.17,86.573,-0.53%,24657989
2025-03-17,90.80,91.18,90.38,90.62,87.005,+0.50%,26700275
2025-03-18,90.14,91.02,90.12,90.71,87.091,+0.10%,23654748
2025-03-19,90.68,91.22,90.38,91.18,87.543,+0.52%,31378713
2025-03-20,92.20,92.24,91.16,91.24,87.600,+0.07%,35645824
2025-03-21,91.33,91.44,90.62,90.70,87.082,-0.59%,29192076
2025-03-24,90.20,90.25,89.70,89.77,86.189,-1.03%,27985580
2025-03-25,89.57,90.08,89.51,89.76,86.179,-0.01%,22333833
2025-03-26,89.39,89.59,89.09,89.17,85.613,-0.66%,25165323
2025-03-27,88.85,89.03,88.63,88.91,85.363,-0.29%,23674536
2025-03-28,89.88,90.34,89.81,90.14,86.544,+1.38%,39869372
2025-03-31,91.23,91.33,90.36,91.03,87.399,+0.99%,38824321
2025-04-01,91.25,91.91,91.21,91.49,88.153,+0.51%,39800072
2025-04-02,92.37,92.37,90.66,91.43,88.095,-0.07%,43488407
2025-04-03,92.52,92.73,91.84,91.85,88.500,+0.46%,57467355
2025-04-04,93.65,94.09,92.82,92.85,89.463,+1.09%,92794210
2025-04-07,91.88,92.19,89.80,90.05,86.765,-3.02%,124987637
2025-04-08,89.28,90.20,88.22,88.35,85.127,-1.89%,73861858
2025-04-09,87.27,88.91,85.89,88.87,85.628,+0.59%,131353453
2025-04-10,87.74,88.17,86.35,86.42,83.268,-2.76%,78591989
2025-04-11,85.87,87.30,85.00,86.89,83.721,+0.54%,94814139
2025-04-14,87.40,87.71,86.81,87.51,84.318,+0.71%,37596366
2025-04-15,87.15,88.19,87.03,87.82,84.617,+0.35%,22553898
2025-04-16,87.80,88.50,87.47,88.31,85.089,+0.56%,35607337
2025-04-17,88.04,88.20,87.23,87.53,84.337,-0.88%,31758430
2025-04-21,86.60,87.07,85.98,86.00,82.863,-1.75%,39343217
2025-04-22,86.82,87.02,86.40,86.48,83.326,+0.56%,32552091
2025-04-23,88.88,89.06,87.17,87.32,84.135,+0.97%,44082157
2025-04-24,88.03,88.35,87.76,88.24,85.021,+1.05%,24190774
2025-04-25,88.90,89.11,88.59,88.89,85.648,+0.74%,22513925
2025-04-28,88.66,89.53,88.61,89.45,86.187,+0.63%,20130510
2025-04-29,89.32,90.21,89.30,90.20,86.910,+0.84%,22129478
2025-04-30,89.78,90.05,89.33,89.47,86.207,-0.81%,42630588
2025-05-01,89.26,89.28,88.30,88.69,85.771,-0.87%,29932841
2025-05-02,87.71,88.07,87.54,87.73,84.842,-1.08%,32090382
2025-05-05,87.34,87.41,86.83,87.24,84.368,-0.56%,22862807
2025-05-06,86.80,87.53,86.64,87.53,84.649,+0.33%,21095153
2025-05-07,87.92,88.21,87.82,87.90,85.007,+0.42%,23178423
2025-05-08,88.02,88.06,86.89,86.92,84.059,-1.11%,25483679
2025-05-09,87.00,87.31,86.92,87.05,84.185,+0.15%,17007874
2025-05-12,86.38,86.78,86.19,86.24,83.401,-0.93%,32115028
2025-05-13,86.13,86.28,85.50,85.89,83.063,-0.41%,53912161
2025-05-14,85.75,85.87,85.20,85.32,82.512,-0.66%,42119809
2025-05-15,85.63,86.32,85.48,86.07,83.237,+0.88%,59447991
2025-05-16,86.87,86.89,86.19,86.30,83.459,+0.27%,31778178
2025-05-19,84.91,86.12,84.83,86.05,83.218,-0.29%,49361877
2025-05-20,85.42,85.60,85.06,85.43,82.618,-0.72%,35493074
2025-05-21,84.68,85.06,83.76,83.97,81.206,-1.71%,77053056
2025-05-22,83.52,84.43,83.30,84.41,81.632,+0.52%,61747852
2025-05-23,84.77,84.82,84.31,84.55,81.767,+0.17%,47139246
2025-05-27,85.35,86.03,85.15,85.73,82.908,+1.40%,56773411
2025-05-28,85.41,85.54,84.97,85.36,82.550,-0.43%,34806779
2025-05-29,85.77,86.26,85.64,86.15,83.314,+0.93%,39003618
2025-05-30,86.08,86.47,85.88,86.28,83.440,+0.15%,49042064
2025-06-02,85.29,85.47,84.79,85.16,82.666,-1.30%,46213110
2025-06-03,85.44,85.73,84.89,85.01,82.520,-0.18%,33731261
2025-06-04,85.79,86.65,85.64,86.39,83.860,+1.62%,57441529
2025-06-05,86.68,86.93,86.22,86.45,83.918,+0.07%,37715267
2025-06-06,85.79,85.92,85.28,85.35,82.850,-1.27%,38130095
2025-06-09,85.04,85.64,85.03,85.44,82.938,+0.11%,26560750
2025-06-10,86.09,86.18,85.52,85.88,83.365,+0.51%,24857001
2025-06-11,85.81,86.40,85.71,86.14,83.617,+0.30%,36334820
2025-06-12,86.89,87.20,86.60,87.17,84.617,+1.20%,43017814
2025-06-13,86.73,86.88,85.78,86.33,83.802,-0.96%,49373982
2025-06-16,86.08,86.43,85.46,85.46,82.957,-1.01%,36496625
2025-06-17,86.00,86.66,85.75,86.50,83.967,+1.22%,34521571
2025-06-18,86.88,87.09,86.35,86.65,84.112,+0.17%,38588982
2025-06-20,86.14,86.79,85.95,86.49,83.957,-0.18%,26001907
2025-06-23,86.93,87.44,86.77,86.77,84.229,+0.32%,36851824
2025-06-24,86.47,87.59,86.42,87.40,84.840,+0.73%,32959113
2025-06-25,87.11,87.51,86.80,87.51,84.947,+0.13%,26345293
2025-06-26,87.59,87.95,87.20,87.95,85.374,+0.50%,30467517
2025-06-27,87.57,88.16,87.23,87.39,84.831,-0.64%,74993500
2025-06-30,87.86,88.44,87.61,88.25,85.665,+0.98%,53695166
2025-07-01,88.13,88.31,87.66,88.14,85.877,-0.12%,38960579
2025-07-02,87.19,87.59,87.10,87.58,85.332,-0.64%,39382249
2025-07-03,87.17,87.29,86.85,86.97,84.737,-0.70%,26729101
2025-07-07,86.54,86.56,85.92,86.14,83.929,-0.95%,38314669
2025-07-08,85.57,86.04,85.44,86.03,83.821,-0.13%,31406989
2025-07-09,86.19,86.93,86.17,86.93,84.698,+1.05%,29821887
2025-07-10,86.83,87.06,86.48,86.99,84.757,+0.07%,24525548
2025-07-11,86.23,86.27,85.64,85.79,83.588,-1.38%,40764785
2025-07-14,85.54,85.88,85.31,85.61,83.412,-0.21%,24609530
2025-07-15,85.89,85.91,84.90,85.01,82.828,-0.70%,40454986
2025-07-16,85.28,85.66,84.19,85.13,82.945,+0.14%,65987689
2025-07-17,85.22,85.48,84.99,85.11,82.925,-0.02%,31875451
2025-07-18,85.43,85.46,85.10,85.24,83.052,+0.15%,27534948
2025-07-21,86.22,86.50,85.96,86.00,83.792,+0.89%,40019530
2025-07-22,86.17,86.77,86.11,86.52,84.299,+0.60%,35190321
2025-07-23,86.05,86.20,85.78,86.04,83.831,-0.55%,31008454
2025-07-24,85.55,86.24,85.51,85.89,83.685,-0.17%,25164761
2025-07-25,85.80,86.44,85.72,86.43,84.211,+0.63%,27196153
2025-07-28,85.99,86.20,85.83,85.87,83.666,-0.65%,26812463
2025-07-29,86.23,87.34,86.20,87.32,85.078,+1.69%,47828275
2025-07-30,86.77,86.96,86.56,86.87,84.640,-0.52%,40670866
2025-07-31,87.13,87.41,86.84,86.92,84.689,+0.06%,49814080
2025-08-01,87.56,87.93,87.52,87.82,85.888,+1.04%,63434525
2025-08-04,87.95,88.15,87.65,88.06,86.122,+0.27%,36425167
2025-08-05,87.85,88.45,87.78,88.33,86.387,+0.31%,28586109
2025-08-06,87.84,88.05,86.92,87.82,85.888,-0.58%,42589347
2025-08-07,87.92,88.25,87.59,87.67,85.741,-0.17%,29213145
2025-08-08,87.36,87.39,87.16,87.29,85.369,-0.43%,21596334
2025-08-11,87.54,87.67,87.28,87.39,85.467,+0.11%,20100909
2025-08-12,86.90,86.97,86.55,86.95,85.037,-0.50%,41087211
2025-08-13,87.44,87.81,87.42,87.67,85.741,+0.83%,30817493
2025-08-14,87.51,87.51,86.89,87.02,85.105,-0.74%,33397435
2025-08-15,86.66,86.78,86.25,86.40,84.499,-0.71%,36343551
2025-08-18,86.50,86.54,85.98,86.15,84.255,-0.29%,26777514
2025-08-19,86.45,86.75,86.44,86.65,84.744,+0.58%,28780625
2025-08-20,86.59,86.97,86.56,86.84,84.929,+0.22%,25912477
2025-08-21,86.56,86.67,86.11,86.41,84.509,-0.50%,28643888
2025-08-22,86.83,87.30,86.72,87.05,85.135,+0.74%,49871851
2025-08-25,86.72,87.05,86.65,86.80,84.890,-0.29%,27011924
2025-08-26,86.51,86.79,86.22,86.75,84.841,-0.06%,30259346
2025-08-27,86.11,86.66,86.00,86.65,84.744,-0.12%,38142761
2025-08-28,86.78,87.26,86.66,87.22,85.301,+0.66%,32205937
2025-08-29,86.76,86.86,86.44,86.60,84.695,-0.71%,41686429
2025-09-02,85.63,85.84,85.48,85.63,84.067,-1.12%,48760602
2025-09-03,85.93,86.81,85.89,86.57,84.990,+1.10%,52359194
2025-09-04,87.02,87.24,86.58,87.23,85.638,+0.76%,40501553
2025-09-05,88.22,88.61,88.14,88.56,86.943,+1.52%,69667951
2025-09-08,89.17,89.75,89.12,89.74,88.102,+1.33%,54538678
2025-09-09,89.40,89.55,88.99,89.23,87.601,-0.57%,37126428
2025-09-10,89.40,90.06,89.19,89.74,88.102,+0.57%,40713570
2025-09-11,89.91,90.48,89.90,90.34,88.691,+0.67%,46694392
2025-09-12,89.83,89.98,89.49,89.95,88.308,-0.43%,32968578
2025-09-15,90.15,90.45,90.06,90.16,88.514,+0.23%,24820119
2025-09-16,90.09,90.50,90.04,90.35,88.701,+0.21%,26794226
2025-09-17,90.71,91.04,89.87,90.12,88.475,-0.25%,49121751
2025-09-18,89.26,89.47,88.90,89.19,87.562,-1.03%,55717920
2025-09-19,89.07,89.22,88.78,89.02,87.395,-0.19%,32509221
2025-09-22,88.82,88.91,88.54,88.70,87.081,-0.36%,24758223
2025-09-23,88.97,89.36,88.75,89.32,87.689,+0.70%,26689041
2025-09-24,89.08,89.16,88.70,88.98,87.356,-0.38%,28097977
2025-09-25,88.84,89.03,88.46,88.98,87.356,0.00%,29882469
2025-09-26,88.99,89.47,88.69,88.90,87.277,-0.09%,30955062
2025-09-29,89.29,89.74,89.26,89.63,87.994,+0.82%,32286167
2025-09-30,89.66,90.04,89.21,89.37,87.739,-0.29%,38583989
2025-10-01,89.45,89.64,89.09,89.29,87.965,-0.09%,39408913
2025-10-02,89.31,89.69,89.19,89.55,88.221,+0.29%,23208338
2025-10-03,89.63,89.72,89.27,89.38,88.053,-0.19%,25884474
2025-10-06,88.71,89.16,88.65,88.67,87.354,-0.79%,28370984
2025-10-07,88.97,89.38,88.81,89.18,87.856,+0.58%,29103348
2025-10-08,89.60,89.61,89.13,89.25,87.925,+0.08%,22506241
2025-10-09,89.17,89.29,89.00,89.18,87.856,-0.08%,21578690
2025-10-10,89.98,90.72,89.90,90.62,89.275,+1.61%,59389374
2025-10-13,90.28,90.58,89.86,90.57,89.226,-0.06%,28035544
2025-10-14,90.65,90.92,90.43,90.86,89.511,+0.32%,29800001
2025-10-15,90.95,91.30,90.47,90.66,89.314,-0.22%,31333909
2025-10-16,90.52,91.50,90.45,91.34,89.984,+0.75%,39631153
2025-10-17,91.25,91.29,90.90,91.20,89.846,-0.15%,40240383
2025-10-20,91.46,91.56,91.28,91.55,90.191,+0.38%,28429283
2025-10-21,91.99,92.19,91.91,92.00,90.635,+0.49%,24514336
2025-10-22,91.99,92.17,91.82,92.06,90.694,+0.07%,30496152
2025-10-23,91.61,91.78,91.29,91.43,90.073,-0.68%,28275142
2025-10-24,91.58,91.60,91.16,91.47,90.112,+0.04%,28265993
2025-10-27,91.32,91.79,91.09,91.78,90.418,+0.34%,30033574
2025-10-28,91.85,92.17,91.81,92.02,90.654,+0.26%,23564517
2025-10-29,91.88,91.89,91.02,91.09,89.738,-1.01%,39551593
2025-10-30,90.39,90.97,90.35,90.56,89.216,-0.58%,42649215
2025-10-31,90.56,90.66,90.20,90.29,88.950,-0.30%,38247268
2025-11-03,89.62,89.82,89.42,89.74,88.728,-0.61%,40752284
2025-11-04,89.78,90.06,89.74,89.94,88.926,+0.22%,26383782
2025-11-05,89.51,89.55,88.88,88.96,87.957,-1.09%,44492454
2025-11-06,89.56,89.85,89.53,89.76,88.748,+0.90%,33027353
2025-11-07,89.36,89.87,89.36,89.57,88.560,-0.21%,28530051
2025-11-10,89.49,89.67,89.39,89.55,88.541,-0.02%,24093451
2025-11-11,89.95,90.06,89.78,89.96,88.946,+0.46%,18942295
2025-11-12,89.95,90.32,89.88,90.12,89.104,+0.18%,23594938
2025-11-13,89.80,89.94,89.38,89.38,88.372,-0.82%,33825908
2025-11-14,89.79,89.83,88.87,88.87,87.868,-0.57%,38550502
2025-11-17,89.08,89.30,88.98,89.09,88.086,+0.25%,25605782
2025-11-18,89.35,89.45,88.80,89.06,88.056,-0.03%,31967435
2025-11-19,89.22,89.31,88.85,88.88,87.878,-0.20%,25782384
2025-11-20,88.99,89.42,88.98,89.23,88.224,+0.39%,32945001
2025-11-21,89.65,89.67,89.19,89.50,88.491,+0.30%,41938628
2025-11-24,89.95,90.07,89.78,90.01,88.995,+0.57%,30865695
2025-11-25,90.31,90.59,90.13,90.24,89.223,+0.26%,36503342
2025-11-26,90.15,90.64,89.83,90.64,89.618,+0.44%,34098962
2025-11-28,90.46,90.53,89.95,90.21,89.193,-0.47%,40704287
2025-12-01,88.84,88.99,88.71,88.77,88.086,-1.60%,47086647
2025-12-02,88.58,88.95,88.46,88.81,88.126,+0.05%,27605681
2025-12-03,88.92,89.16,88.74,89.06,88.374,+0.28%,23278580
2025-12-04,88.91,88.93,88.48,88.58,87.898,-0.54%,25541459
2025-12-05,88.55,88.55,88.05,88.17,87.491,-0.46%,32808068
2025-12-08,88.19,88.20,87.56,87.88,87.203,-0.33%,32097083
2025-12-09,88.34,88.34,87.84,87.97,87.293,+0.10%,25685485
2025-12-10,88.00,88.52,87.86,88.31,87.630,+0.39%,46833512
2025-12-11,88.69,88.83,88.16,88.19,87.511,-0.14%,26778686
2025-12-12,87.38,87.50,87.19,87.34,86.667,-0.96%,47030122
2025-12-15,87.72,87.88,87.39,87.40,86.727,+0.07%,28611787
2025-12-16,87.19,87.92,87.17,87.88,87.203,+0.55%,41018681
2025-12-17,87.62,87.99,87.58,87.80,87.124,-0.09%,24668305
2025-12-18,88.13,88.38,88.07,88.22,87.541,+0.48%,39048891
2025-12-19,87.61,87.76,87.41,87.55,87.216,-0.76%,37858082
2025-12-22,87.42,87.46,87.25,87.36,87.026,-0.22%,25547134
2025-12-23,87.07,87.58,87.03,87.50,87.166,+0.16%,33624059
2025-12-24,87.76,88.08,87.65,88.03,87.694,+0.61%,25942006
2025-12-26,88.10,88.17,87.60,87.74,87.405,-0.33%,26522734
2025-12-29,87.95,88.07,87.79,88.07,87.734,+0.38%,29399823
2025-12-30,87.74,88.04,87.67,87.86,87.524,-0.24%,25106784
2025-12-31,87.68,87.91,87.13,87.16,86.827,-0.80%,36500036
2026-01-02,87.40,87.41,87.02,87.03,86.698,-0.15%,40731251
2026-01-05,87.18,87.52,87.11,87.46,87.126,+0.49%,30178030
2026-01-06,87.15,87.34,86.90,87.28,86.947,-0.21%,39015179
2026-01-07,87.84,88.00,87.48,87.79,87.455,+0.58%,39930912
2026-01-08,87.33,87.55,87.25,87.35,87.016,-0.50%,28204899
2026-01-09,87.30,88.00,87.12,87.93,87.594,+0.66%,57348793
2026-01-12,87.50,87.91,87.41,87.67,87.335,-0.30%,36103071
2026-01-13,87.88,87.91,87.53,87.82,87.485,+0.17%,30451400
2026-01-14,87.91,88.43,87.89,88.33,87.993,+0.58%,39233477
2026-01-15,88.64,88.66,88.31,88.31,87.973,-0.02%,37988942
2026-01-16,88.13,88.32,87.71,87.80,87.465,-0.58%,46382396
2026-01-20,86.63,87.03,86.54,86.65,86.319,-1.31%,65854238
2026-01-21,86.80,87.48,86.62,87.31,86.976,+0.76%,51220133
2026-01-22,87.27,87.76,87.14,87.69,87.355,+0.44%,42419291
2026-01-23,87.83,88.03,87.50,87.93,87.594,+0.27%,35968799
2026-01-26,88.39,88.49,88.20,88.35,88.013,+0.48%,38882362
2026-01-27,88.11,88.25,87.68,87.80,87.465,-0.62%,34930886
2026-01-28,87.50,87.70,87.29,87.60,87.265,-0.23%,38750296
2026-01-29,87.15,87.74,87.08,87.62,87.285,+0.02%,43854982
2026-01-30,87.38,87.56,87.13,87.13,86.797,-0.56%,45832193
2026-02-02,87.02,87.06,86.55,86.55,86.550,-0.67%,38171395
2026-02-03,86.48,86.78,86.43,86.76,86.760,+0.24%,27328185
2026-02-04,86.63,86.78,86.46,86.54,86.540,-0.25%,37872880
2026-02-05,86.93,87.48,86.75,87.48,87.480,+1.09%,50268911
2026-02-06,87.45,87.54,87.20,87.54,87.540,+0.07%,33461764
2026-02-09,87.20,87.58,87.03,87.52,87.520,-0.02%,24708880
2026-02-10,88.24,88.53,88.22,88.53,88.530,+1.15%,37253715
2026-02-11,88.04,88.47,87.94,88.06,88.060,-0.53%,37014010
2026-02-12,88.36,89.28,88.35,89.23,89.230,+1.33%,48454859
2026-02-13,89.63,89.81,89.52,89.72,89.720,+0.55%,56785154
2026-02-17,89.93,90.12,89.76,89.87,89.870,+0.17%,32356748
2026-02-18,89.69,89.86,89.47,89.53,89.530,-0.38%,35415364
2026-02-19,89.40,89.72,89.36,89.62,89.620,+0.10%,28658625
2026-02-20,89.70,89.74,88.93,89.41,89.410,-0.23%,49606200
2026-02-23,89.55,90.00,89.53,89.74,89.740,+0.37%,33614600
2026-02-24,89.95,90.05,89.76,89.90,89.900,+0.18%,24906800
2026-02-25,89.71,90.08,89.71,89.91,89.910,+0.01%,23610700
2026-02-26,90.06,90.32,90.05,90.27,90.270,+0.40%,29447100
2026-02-27,90.69,90.86,90.55,90.82,90.820,+0.61%,51272000
2026-03-02,89.98,89.99,89.36,89.61,89.610,-1.33%,55465500
2026-03-03,88.98,89.67,88.94,89.43,89.430,-0.20%,51824600
2026-03-04,89.27,89.44,89.10,89.15,89.150,-0.31%,47053100
2026-03-05,88.64,88.93,88.51,88.79,88.790,-0.40%,43915462
2026-03-06,88.32,88.94,88.02,88.46,88.460,-0.37%,58118900
